	.include "asm/macros.inc"
	.include "overlay_10.inc"
	.include "global.inc"

	.text

	.rodata

gTrainerAITable:
	.byte 0x20, 0x00, 0x00, 0x00
	.byte 0xA3, 0x20, 0x00, 0x00, 0xF2, 0x09, 0x00, 0x00, 0xE2, 0x20, 0x00, 0x00, 0x3D, 0x21, 0x00, 0x00
	.byte 0x30, 0x21, 0x00, 0x00, 0x63, 0x21, 0x00, 0x00, 0xC6, 0x21, 0x00, 0x00, 0xCA, 0x27, 0x00, 0x00
	.byte 0xE6, 0x28, 0x00, 0x00, 0x18, 0x29, 0x00, 0x00, 0x6E, 0x29, 0x00, 0x00, 0x6E, 0x29, 0x00, 0x00
	.byte 0x6E, 0x29, 0x00, 0x00, 0x6E, 0x29, 0x00, 0x00, 0x6E, 0x29, 0x00, 0x00, 0x6E, 0x29, 0x00, 0x00
	.byte 0x6E, 0x29, 0x00, 0x00, 0x6E, 0x29, 0x00, 0x00, 0x6E, 0x29, 0x00, 0x00, 0x6E, 0x29, 0x00, 0x00
	.byte 0x6E, 0x29, 0x00, 0x00, 0x6E, 0x29, 0x00, 0x00, 0x6E, 0x29, 0x00, 0x00, 0x6E, 0x29, 0x00, 0x00
	.byte 0x6E, 0x29, 0x00, 0x00, 0x6E, 0x29, 0x00, 0x00, 0x6E, 0x29, 0x00, 0x00, 0x6E, 0x29, 0x00, 0x00
	.byte 0x47, 0x29, 0x00, 0x00, 0x60, 0x29, 0x00, 0x00, 0x64, 0x29, 0x00, 0x00, 0x51, 0x00, 0x00, 0x00
	.byte 0x4C, 0x29, 0x00, 0x00, 0x17, 0x00, 0x00, 0x00, 0x5A, 0x00, 0x00, 0x00, 0x08, 0x00, 0x00, 0x00
	.byte 0x17, 0x00, 0x00, 0x00, 0x20, 0x00, 0x00, 0x00, 0x05, 0x00, 0x00, 0x00, 0x20, 0x00, 0x00, 0x00
	.byte 0x00, 0x00, 0x00, 0x00, 0x13, 0x00, 0x00, 0x00, 0x00, 0x00, 0x00, 0x00, 0x51, 0x00, 0x00, 0x00
	.byte 0x2B, 0x00, 0x00, 0x00, 0x00, 0x00, 0x00, 0x00, 0xAA, 0x09, 0x00, 0x00, 0x29, 0x00, 0x00, 0x00
	.byte 0x01, 0x00, 0x00, 0x00, 0x13, 0x00, 0x00, 0x00, 0x68, 0x00, 0x00, 0x00, 0x44, 0x00, 0x00, 0x00
	.byte 0x29, 0x00, 0x00, 0x00, 0x00, 0x00, 0x00, 0x00, 0x13, 0x00, 0x00, 0x00, 0x0A, 0x00, 0x00, 0x00
	.byte 0x14, 0x00, 0x00, 0x00, 0x13, 0x00, 0x00, 0x00, 0x4E, 0x00, 0x00, 0x00, 0x11, 0x00, 0x00, 0x00
	.byte 0x13, 0x00, 0x00, 0x00, 0x0B, 0x00, 0x00, 0x00, 0x15, 0x00, 0x00, 0x00, 0x13, 0x00, 0x00, 0x00
	.byte 0x12, 0x00, 0x00, 0x00, 0x19, 0x00, 0x00, 0x00, 0x13, 0x00, 0x00, 0x00, 0x19, 0x00, 0x00, 0x00
	.byte 0x1D, 0x00, 0x00, 0x00, 0x13, 0x00, 0x00, 0x00, 0x1A, 0x00, 0x00, 0x00, 0x22, 0x00, 0x00, 0x00
	.byte 0x13, 0x00, 0x00, 0x00, 0x1A, 0x00, 0x00, 0x00, 0x26, 0x00, 0x00, 0x00, 0x4C, 0x00, 0x00, 0x00
	.byte 0x2B, 0x00, 0x00, 0x00, 0x1E, 0x00, 0x00, 0x00, 0x04, 0x00, 0x00, 0x00, 0x22, 0x00, 0x00, 0x00
	.byte 0x0D, 0x00, 0x00, 0x00, 0x8A, 0x09, 0x00, 0x00, 0x4C, 0x00, 0x00, 0x00, 0x24, 0x00, 0x00, 0x00
	.byte 0x1E, 0x00, 0x00, 0x00, 0x04, 0x00, 0x00, 0x00, 0x22, 0x00, 0x00, 0x00, 0x0B, 0x00, 0x00, 0x00
	.byte 0x83, 0x09, 0x00, 0x00, 0x4C, 0x00, 0x00, 0x00, 0x1D, 0x00, 0x00, 0x00, 0x1E, 0x00, 0x00, 0x00
	.byte 0x04, 0x00, 0x00, 0x00, 0x22, 0x00, 0x00, 0x00, 0x0A, 0x00, 0x00, 0x00, 0x7C, 0x09, 0x00, 0x00
	.byte 0x4C, 0x00, 0x00, 0x00, 0x16, 0x00, 0x00, 0x00, 0x2B, 0x00, 0x00, 0x00, 0x50, 0x00, 0x00, 0x00
	.byte 0x13, 0x00, 0x00, 0x00, 0x2B, 0x00, 0x00, 0x00, 0xA0, 0x00, 0x00, 0x00, 0x10, 0x00, 0x00, 0x00
	.byte 0x4C, 0x00, 0x00, 0x00, 0x72, 0x09, 0x00, 0x00, 0x1E, 0x00, 0x00, 0x00, 0x04, 0x00, 0x00, 0x00
	.byte 0x22, 0x00, 0x00, 0x00, 0x04, 0x00, 0x00, 0x00, 0x6D, 0x09, 0x00, 0x00, 0x4C, 0x00, 0x00, 0x00
	.byte 0x07, 0x00, 0x00, 0x00, 0x1E, 0x00, 0x00, 0x00, 0x04, 0x00, 0x00, 0x00, 0x22, 0x00, 0x00, 0x00
	.byte 0x0B, 0x00, 0x00, 0x00, 0x66, 0x09, 0x00, 0x00, 0x4C, 0x00, 0x00, 0x00, 0x00, 0x00, 0x00, 0x00
	.byte 0x20, 0x00, 0x00, 0x00, 0x00, 0x00, 0x00, 0x00, 0x13, 0x00, 0x00, 0x00, 0x00, 0x00, 0x00, 0x00
	.byte 0x00, 0x00, 0x00, 0x00, 0x29, 0x00, 0x00, 0x00, 0x00, 0x00, 0x00, 0x00, 0x14, 0x00, 0x00, 0x00
	.byte 0x2B, 0x00, 0x00, 0x00, 0x26, 0x00, 0x00, 0x00, 0x29, 0x00, 0x00, 0x00, 0x01, 0x00, 0x00, 0x00
	.byte 0x13, 0x00, 0x00, 0x00, 0x68, 0x00, 0x00, 0x00, 0x21, 0x00, 0x00, 0x00, 0x17, 0x00, 0x00, 0x00
	.byte 0x2D, 0x00, 0x00, 0x00, 0x4F, 0x09, 0x00, 0x00, 0x17, 0x00, 0x00, 0x00, 0x2E, 0x00, 0x00, 0x00
	.byte 0x4C, 0x09, 0x00, 0x00, 0x17, 0x00, 0x00, 0x00, 0x2F, 0x00, 0x00, 0x00, 0x49, 0x09, 0x00, 0x00
	.byte 0x17, 0x00, 0x00, 0x00, 0x30, 0x00, 0x00, 0x00, 0x46, 0x09, 0x00, 0x00, 0x17, 0x00, 0x00, 0x00
	.byte 0x67, 0x00, 0x00, 0x00, 0x43, 0x09, 0x00, 0x00, 0x17, 0x00, 0x00, 0x00, 0xAD, 0x00, 0x00, 0x00
	.byte 0x40, 0x09, 0x00, 0x00, 0x17, 0x00, 0x00, 0x00, 0xFD, 0x00, 0x00, 0x00, 0x3D, 0x09, 0x00, 0x00
	.byte 0x17, 0x00, 0x00, 0x00, 0x3F, 0x01, 0x00, 0x00, 0x3A, 0x09, 0x00, 0x00, 0x17, 0x00, 0x00, 0x00
	.byte 0x40, 0x01, 0x00, 0x00, 0x37, 0x09, 0x00, 0x00, 0x17, 0x00, 0x00, 0x00, 0x95, 0x01, 0x00, 0x00
	.byte 0x34, 0x09, 0x00, 0x00, 0x17, 0x00, 0x00, 0x00, 0xC0, 0x01, 0x00, 0x00, 0x31, 0x09, 0x00, 0x00
	.byte 0x2F, 0x00, 0x00, 0x00, 0x01, 0x00, 0x00, 0x00, 0xC6, 0x01, 0x00, 0x00, 0x2F, 0x00, 0x00, 0x00
	.byte 0x07, 0x00, 0x00, 0x00, 0xD4, 0x01, 0x00, 0x00, 0x2F, 0x00, 0x00, 0x00, 0x08, 0x00, 0x00, 0x00
	.byte 0xF9, 0x01, 0x00, 0x00, 0x2F, 0x00, 0x00, 0x00, 0x0A, 0x00, 0x00, 0x00, 0x02, 0x02, 0x00, 0x00
	.byte 0x2F, 0x00, 0x00, 0x00, 0x0B, 0x00, 0x00, 0x00, 0x10, 0x02, 0x00, 0x00, 0x2F, 0x00, 0x00, 0x00
	.byte 0x0C, 0x00, 0x00, 0x00, 0x1E, 0x02, 0x00, 0x00, 0x2F, 0x00, 0x00, 0x00, 0x0D, 0x00, 0x00, 0x00
	.byte 0x2F, 0x02, 0x00, 0x00, 0x2F, 0x00, 0x00, 0x00, 0x0E, 0x00, 0x00, 0x00, 0x3D, 0x02, 0x00, 0x00
	.byte 0x2F, 0x00, 0x00, 0x00, 0x0F, 0x00, 0x00, 0x00, 0x4B, 0x02, 0x00, 0x00, 0x2F, 0x00, 0x00, 0x00
	.byte 0x10, 0x00, 0x00, 0x00, 0x61, 0x02, 0x00, 0x00, 0x2F, 0x00, 0x00, 0x00, 0x12, 0x00, 0x00, 0x00
	.byte 0x77, 0x02, 0x00, 0x00, 0x2F, 0x00, 0x00, 0x00, 0x13, 0x00, 0x00, 0x00, 0x80, 0x02, 0x00, 0x00
	.byte 0x2F, 0x00, 0x00, 0x00, 0x14, 0x00, 0x00, 0x00, 0x84, 0x02, 0x00, 0x00, 0x2F, 0x00, 0x00, 0x00
	.byte 0x15, 0x00, 0x00, 0x00, 0x91, 0x02, 0x00, 0x00, 0x2F, 0x00, 0x00, 0x00, 0x16, 0x00, 0x00, 0x00
	.byte 0x95, 0x02, 0x00, 0x00, 0x2F, 0x00, 0x00, 0x00, 0x17, 0x00, 0x00, 0x00, 0x99, 0x02, 0x00, 0x00
	.byte 0x2F, 0x00, 0x00, 0x00, 0x18, 0x00, 0x00, 0x00, 0xAA, 0x02, 0x00, 0x00, 0x2F, 0x00, 0x00, 0x00
	.byte 0x19, 0x00, 0x00, 0x00, 0xBF, 0x02, 0x00, 0x00, 0x2F, 0x00, 0x00, 0x00, 0x1A, 0x00, 0x00, 0x00
	.byte 0x6E, 0x03, 0x00, 0x00, 0x2F, 0x00, 0x00, 0x00, 0x1C, 0x00, 0x00, 0x00, 0x02, 0x03, 0x00, 0x00
	.byte 0x2F, 0x00, 0x00, 0x00, 0x20, 0x00, 0x00, 0x00, 0x0F, 0x03, 0x00, 0x00, 0x2F, 0x00, 0x00, 0x00
	.byte 0x21, 0x00, 0x00, 0x00, 0x13, 0x03, 0x00, 0x00, 0x2F, 0x00, 0x00, 0x00, 0x23, 0x00, 0x00, 0x00
	.byte 0x44, 0x03, 0x00, 0x00, 0x2F, 0x00, 0x00, 0x00, 0x26, 0x00, 0x00, 0x00, 0x46, 0x03, 0x00, 0x00
	.byte 0x2F, 0x00, 0x00, 0x00, 0x27, 0x00, 0x00, 0x00, 0x5C, 0x03, 0x00, 0x00, 0x2F, 0x00, 0x00, 0x00
	.byte 0x28, 0x00, 0x00, 0x00, 0x59, 0x03, 0x00, 0x00, 0x2F, 0x00, 0x00, 0x00, 0x29, 0x00, 0x00, 0x00
	.byte 0x56, 0x03, 0x00, 0x00, 0x2F, 0x00, 0x00, 0x00, 0x2E, 0x00, 0x00, 0x00, 0x69, 0x03, 0x00, 0x00
	.byte 0x2F, 0x00, 0x00, 0x00, 0x2F, 0x00, 0x00, 0x00, 0x6B, 0x03, 0x00, 0x00, 0x2F, 0x00, 0x00, 0x00
	.byte 0x31, 0x00, 0x00, 0x00, 0x6D, 0x03, 0x00, 0x00, 0x2F, 0x00, 0x00, 0x00, 0x32, 0x00, 0x00, 0x00
	.byte 0xB1, 0x01, 0x00, 0x00, 0x2F, 0x00, 0x00, 0x00, 0x33, 0x00, 0x00, 0x00, 0xBF, 0x01, 0x00, 0x00
	.byte 0x2F, 0x00, 0x00, 0x00, 0x34, 0x00, 0x00, 0x00, 0xCD, 0x01, 0x00, 0x00, 0x2F, 0x00, 0x00, 0x00
	.byte 0x35, 0x00, 0x00, 0x00, 0xDE, 0x01, 0x00, 0x00, 0x2F, 0x00, 0x00, 0x00, 0x36, 0x00, 0x00, 0x00
	.byte 0xEC, 0x01, 0x00, 0x00, 0x2F, 0x00, 0x00, 0x00, 0x37, 0x00, 0x00, 0x00, 0xFA, 0x01, 0x00, 0x00
	.byte 0x2F, 0x00, 0x00, 0x00, 0x38, 0x00, 0x00, 0x00, 0x10, 0x02, 0x00, 0x00, 0x2F, 0x00, 0x00, 0x00
	.byte 0x3A, 0x00, 0x00, 0x00, 0x26, 0x02, 0x00, 0x00, 0x2F, 0x00, 0x00, 0x00, 0x3B, 0x00, 0x00, 0x00
	.byte 0x2F, 0x02, 0x00, 0x00, 0x2F, 0x00, 0x00, 0x00, 0x3C, 0x00, 0x00, 0x00, 0x33, 0x02, 0x00, 0x00
	.byte 0x2F, 0x00, 0x00, 0x00, 0x3D, 0x00, 0x00, 0x00, 0x40, 0x02, 0x00, 0x00, 0x2F, 0x00, 0x00, 0x00
	.byte 0x3E, 0x00, 0x00, 0x00, 0x44, 0x02, 0x00, 0x00, 0x2F, 0x00, 0x00, 0x00, 0x3F, 0x00, 0x00, 0x00
	.byte 0x48, 0x02, 0x00, 0x00, 0x2F, 0x00, 0x00, 0x00, 0x40, 0x00, 0x00, 0x00, 0x59, 0x02, 0x00, 0x00
	.byte 0x2F, 0x00, 0x00, 0x00, 0x41, 0x00, 0x00, 0x00, 0x4E, 0x03, 0x00, 0x00, 0x2F, 0x00, 0x00, 0x00
	.byte 0x42, 0x00, 0x00, 0x00, 0xCB, 0x02, 0x00, 0x00, 0x2F, 0x00, 0x00, 0x00, 0x43, 0x00, 0x00, 0x00
	.byte 0x4D, 0x03, 0x00, 0x00, 0x2F, 0x00, 0x00, 0x00, 0x4F, 0x00, 0x00, 0x00, 0x70, 0x03, 0x00, 0x00
	.byte 0x2F, 0x00, 0x00, 0x00, 0x50, 0x00, 0x00, 0x00, 0x14, 0x03, 0x00, 0x00, 0x2F, 0x00, 0x00, 0x00
	.byte 0x54, 0x00, 0x00, 0x00, 0x73, 0x03, 0x00, 0x00, 0x2F, 0x00, 0x00, 0x00, 0x56, 0x00, 0x00, 0x00
	.byte 0x84, 0x03, 0x00, 0x00, 0x2F, 0x00, 0x00, 0x00, 0x57, 0x00, 0x00, 0x00, 0x0B, 0x03, 0x00, 0x00
	.byte 0x2F, 0x00, 0x00, 0x00, 0x58, 0x00, 0x00, 0x00, 0x08, 0x03, 0x00, 0x00, 0x2F, 0x00, 0x00, 0x00
	.byte 0x59, 0x00, 0x00, 0x00, 0x05, 0x03, 0x00, 0x00, 0x2F, 0x00, 0x00, 0x00, 0x5A, 0x00, 0x00, 0x00
	.byte 0x7D, 0x03, 0x00, 0x00, 0x2F, 0x00, 0x00, 0x00, 0x5C, 0x00, 0x00, 0x00, 0x7F, 0x03, 0x00, 0x00
	.byte 0x2F, 0x00, 0x00, 0x00, 0x5E, 0x00, 0x00, 0x00, 0x81, 0x03, 0x00, 0x00, 0x2F, 0x00, 0x00, 0x00
	.byte 0x61, 0x00, 0x00, 0x00, 0x79, 0x03, 0x00, 0x00, 0x2F, 0x00, 0x00, 0x00, 0x63, 0x00, 0x00, 0x00
	.byte 0xF6, 0x02, 0x00, 0x00, 0x2F, 0x00, 0x00, 0x00, 0x6A, 0x00, 0x00, 0x00, 0x87, 0x03, 0x00, 0x00
	.byte 0x2F, 0x00, 0x00, 0x00, 0x6B, 0x00, 0x00, 0x00, 0x3D, 0x01, 0x00, 0x00, 0x2F, 0x00, 0x00, 0x00
	.byte 0x6C, 0x00, 0x00, 0x00, 0xC5, 0x01, 0x00, 0x00, 0x2F, 0x00, 0x00, 0x00, 0x6D, 0x00, 0x00, 0x00
	.byte 0x83, 0x03, 0x00, 0x00, 0x2F, 0x00, 0x00, 0x00, 0x70, 0x00, 0x00, 0x00, 0xAF, 0x03, 0x00, 0x00
	.byte 0x2F, 0x00, 0x00, 0x00, 0x71, 0x00, 0x00, 0x00, 0xB8, 0x03, 0x00, 0x00, 0x2F, 0x00, 0x00, 0x00
	.byte 0x72, 0x00, 0x00, 0x00, 0xBA, 0x03, 0x00, 0x00, 0x2F, 0x00, 0x00, 0x00, 0x73, 0x00, 0x00, 0x00
	.byte 0xBC, 0x03, 0x00, 0x00, 0x2F, 0x00, 0x00, 0x00, 0x76, 0x00, 0x00, 0x00, 0xFB, 0x02, 0x00, 0x00
	.byte 0x2F, 0x00, 0x00, 0x00, 0x78, 0x00, 0x00, 0x00, 0xBB, 0x03, 0x00, 0x00, 0x2F, 0x00, 0x00, 0x00
	.byte 0x79, 0x00, 0x00, 0x00, 0xD5, 0x02, 0x00, 0x00, 0x2F, 0x00, 0x00, 0x00, 0x7A, 0x00, 0x00, 0x00
	.byte 0xD2, 0x02, 0x00, 0x00, 0x2F, 0x00, 0x00, 0x00, 0x7B, 0x00, 0x00, 0x00, 0xCF, 0x02, 0x00, 0x00
	.byte 0x2F, 0x00, 0x00, 0x00, 0x7C, 0x00, 0x00, 0x00, 0xD1, 0x03, 0x00, 0x00, 0x2F, 0x00, 0x00, 0x00
	.byte 0x7E, 0x00, 0x00, 0x00, 0xC1, 0x02, 0x00, 0x00, 0x2F, 0x00, 0x00, 0x00, 0x7F, 0x00, 0x00, 0x00
	.byte 0xED, 0x03, 0x00, 0x00, 0x2F, 0x00, 0x00, 0x00, 0x82, 0x00, 0x00, 0x00, 0xC3, 0x02, 0x00, 0x00
	.byte 0x2F, 0x00, 0x00, 0x00, 0x84, 0x00, 0x00, 0x00, 0x67, 0x02, 0x00, 0x00, 0x2F, 0x00, 0x00, 0x00
	.byte 0x85, 0x00, 0x00, 0x00, 0x64, 0x02, 0x00, 0x00, 0x2F, 0x00, 0x00, 0x00, 0x86, 0x00, 0x00, 0x00
	.byte 0x61, 0x02, 0x00, 0x00, 0x2F, 0x00, 0x00, 0x00, 0x87, 0x00, 0x00, 0x00, 0xB7, 0x02, 0x00, 0x00
	.byte 0x2F, 0x00, 0x00, 0x00, 0x88, 0x00, 0x00, 0x00, 0xE1, 0x03, 0x00, 0x00, 0x2F, 0x00, 0x00, 0x00
	.byte 0x89, 0x00, 0x00, 0x00, 0xF4, 0x03, 0x00, 0x00, 0x2F, 0x00, 0x00, 0x00, 0x8E, 0x00, 0x00, 0x00
	.byte 0x11, 0x01, 0x00, 0x00, 0x2F, 0x00, 0x00, 0x00, 0x8F, 0x00, 0x00, 0x00, 0xF9, 0x01, 0x00, 0x00
	.byte 0x2F, 0x00, 0x00, 0x00, 0x90, 0x00, 0x00, 0x00, 0xA8, 0x02, 0x00, 0x00, 0x2F, 0x00, 0x00, 0x00
	.byte 0x91, 0x00, 0x00, 0x00, 0xA5, 0x02, 0x00, 0x00, 0x2F, 0x00, 0x00, 0x00, 0x94, 0x00, 0x00, 0x00
	.byte 0xFE, 0x03, 0x00, 0x00, 0x2F, 0x00, 0x00, 0x00, 0x99, 0x00, 0x00, 0x00, 0x29, 0x08, 0x00, 0x00
	.byte 0x2F, 0x00, 0x00, 0x00, 0x9C, 0x00, 0x00, 0x00, 0x14, 0x01, 0x00, 0x00, 0x2F, 0x00, 0x00, 0x00
	.byte 0x9D, 0x00, 0x00, 0x00, 0x40, 0x02, 0x00, 0x00, 0x2F, 0x00, 0x00, 0x00, 0x9E, 0x00, 0x00, 0x00
	.byte 0xFB, 0x03, 0x00, 0x00, 0x2F, 0x00, 0x00, 0x00, 0xA0, 0x00, 0x00, 0x00, 0xFE, 0x03, 0x00, 0x00
	.byte 0x2F, 0x00, 0x00, 0x00, 0xA1, 0x00, 0x00, 0x00, 0x01, 0x04, 0x00, 0x00, 0x2F, 0x00, 0x00, 0x00
	.byte 0xA2, 0x00, 0x00, 0x00, 0xFE, 0x03, 0x00, 0x00, 0x2F, 0x00, 0x00, 0x00, 0xA4, 0x00, 0x00, 0x00
	.byte 0x07, 0x04, 0x00, 0x00, 0x2F, 0x00, 0x00, 0x00, 0xA5, 0x00, 0x00, 0x00, 0x17, 0x04, 0x00, 0x00
	.byte 0x2F, 0x00, 0x00, 0x00, 0xA6, 0x00, 0x00, 0x00, 0xA4, 0x02, 0x00, 0x00, 0x2F, 0x00, 0x00, 0x00
	.byte 0xA7, 0x00, 0x00, 0x00, 0x16, 0x04, 0x00, 0x00, 0x2F, 0x00, 0x00, 0x00, 0xA8, 0x00, 0x00, 0x00
	.byte 0x88, 0x03, 0x00, 0x00, 0x2F, 0x00, 0x00, 0x00, 0xAA, 0x00, 0x00, 0x00, 0x7B, 0x02, 0x00, 0x00
	.byte 0x2F, 0x00, 0x00, 0x00, 0xB0, 0x00, 0x00, 0x00, 0x28, 0x04, 0x00, 0x00, 0x2F, 0x00, 0x00, 0x00
	.byte 0xB1, 0x00, 0x00, 0x00, 0x2A, 0x04, 0x00, 0x00, 0x2F, 0x00, 0x00, 0x00, 0xB5, 0x00, 0x00, 0x00
	.byte 0x32, 0x04, 0x00, 0x00, 0x2F, 0x00, 0x00, 0x00, 0xB6, 0x00, 0x00, 0x00, 0x6F, 0x02, 0x00, 0x00
	.byte 0x2F, 0x00, 0x00, 0x00, 0xB8, 0x00, 0x00, 0x00, 0x31, 0x04, 0x00, 0x00, 0x2F, 0x00, 0x00, 0x00
	.byte 0xBB, 0x00, 0x00, 0x00, 0x8B, 0x00, 0x00, 0x00, 0x2F, 0x00, 0x00, 0x00, 0xBC, 0x00, 0x00, 0x00
	.byte 0x1B, 0x04, 0x00, 0x00, 0x2F, 0x00, 0x00, 0x00, 0xBD, 0x00, 0x00, 0x00, 0x63, 0x02, 0x00, 0x00
	.byte 0x2F, 0x00, 0x00, 0x00, 0xC0, 0x00, 0x00, 0x00, 0x2B, 0x04, 0x00, 0x00, 0x2F, 0x00, 0x00, 0x00
	.byte 0xC1, 0x00, 0x00, 0x00, 0x31, 0x04, 0x00, 0x00, 0x2F, 0x00, 0x00, 0x00, 0xC4, 0x00, 0x00, 0x00
	.byte 0x5A, 0x02, 0x00, 0x00, 0x2F, 0x00, 0x00, 0x00, 0xC9, 0x00, 0x00, 0x00, 0x30, 0x04, 0x00, 0x00
	.byte 0x2F, 0x00, 0x00, 0x00, 0xCD, 0x00, 0x00, 0x00, 0x32, 0x04, 0x00, 0x00, 0x2F, 0x00, 0x00, 0x00
	.byte 0xCE, 0x00, 0x00, 0x00, 0x47, 0x04, 0x00, 0x00, 0x2F, 0x00, 0x00, 0x00, 0xD0, 0x00, 0x00, 0x00
	.byte 0x5F, 0x04, 0x00, 0x00, 0x2F, 0x00, 0x00, 0x00, 0xD2, 0x00, 0x00, 0x00, 0x77, 0x04, 0x00, 0x00
	.byte 0x2F, 0x00, 0x00, 0x00, 0xD3, 0x00, 0x00, 0x00, 0x79, 0x04, 0x00, 0x00, 0x2F, 0x00, 0x00, 0x00
	.byte 0xD4, 0x00, 0x00, 0x00, 0x91, 0x04, 0x00, 0x00, 0x2F, 0x00, 0x00, 0x00, 0xD5, 0x00, 0x00, 0x00
	.byte 0xAC, 0x04, 0x00, 0x00, 0x2F, 0x00, 0x00, 0x00, 0xD6, 0x00, 0x00, 0x00, 0xE6, 0x01, 0x00, 0x00
	.byte 0x2F, 0x00, 0x00, 0x00, 0xD7, 0x00, 0x00, 0x00, 0xAB, 0x04, 0x00, 0x00, 0x2F, 0x00, 0x00, 0x00
	.byte 0xD8, 0x00, 0x00, 0x00, 0xAC, 0x04, 0x00, 0x00, 0x2F, 0x00, 0x00, 0x00, 0xDB, 0x00, 0x00, 0x00
	.byte 0x36, 0x02, 0x00, 0x00, 0x2F, 0x00, 0x00, 0x00, 0xDC, 0x00, 0x00, 0x00, 0xAB, 0x04, 0x00, 0x00
	.byte 0x2F, 0x00, 0x00, 0x00, 0xDE, 0x00, 0x00, 0x00, 0xB9, 0x04, 0x00, 0x00, 0x2F, 0x00, 0x00, 0x00
	.byte 0xE1, 0x00, 0x00, 0x00, 0x00, 0x05, 0x00, 0x00, 0x2F, 0x00, 0x00, 0x00, 0xE2, 0x00, 0x00, 0x00
	.byte 0x05, 0x05, 0x00, 0x00, 0x2F, 0x00, 0x00, 0x00, 0xE3, 0x00, 0x00, 0x00, 0x4F, 0x05, 0x00, 0x00
	.byte 0x2F, 0x00, 0x00, 0x00, 0xE8, 0x00, 0x00, 0x00, 0x65, 0x05, 0x00, 0x00, 0x2F, 0x00, 0x00, 0x00
	.byte 0xE9, 0x00, 0x00, 0x00, 0x70, 0x05, 0x00, 0x00, 0x2F, 0x00, 0x00, 0x00, 0xEA, 0x00, 0x00, 0x00
	.byte 0x2E, 0x06, 0x00, 0x00, 0x2F, 0x00, 0x00, 0x00, 0xEB, 0x00, 0x00, 0x00, 0x1B, 0x02, 0x00, 0x00
	.byte 0x2F, 0x00, 0x00, 0x00, 0xEC, 0x00, 0x00, 0x00, 0x7E, 0x06, 0x00, 0x00, 0x2F, 0x00, 0x00, 0x00
	.byte 0xED, 0x00, 0x00, 0x00, 0x15, 0x02, 0x00, 0x00, 0x2F, 0x00, 0x00, 0x00, 0xEE, 0x00, 0x00, 0x00
	.byte 0x7D, 0x06, 0x00, 0x00, 0x2F, 0x00, 0x00, 0x00, 0xEF, 0x00, 0x00, 0x00, 0x7F, 0x06, 0x00, 0x00
	.byte 0x2F, 0x00, 0x00, 0x00, 0xF0, 0x00, 0x00, 0x00, 0x98, 0x06, 0x00, 0x00, 0x2F, 0x00, 0x00, 0x00
	.byte 0xF2, 0x00, 0x00, 0x00, 0x9A, 0x06, 0x00, 0x00, 0x2F, 0x00, 0x00, 0x00, 0xF3, 0x00, 0x00, 0x00
	.byte 0x9F, 0x06, 0x00, 0x00, 0x2F, 0x00, 0x00, 0x00, 0xF4, 0x00, 0x00, 0x00, 0xAB, 0x06, 0x00, 0x00
	.byte 0x2F, 0x00, 0x00, 0x00, 0xF5, 0x00, 0x00, 0x00, 0x00, 0x02, 0x00, 0x00, 0x2F, 0x00, 0x00, 0x00
	.byte 0xF6, 0x00, 0x00, 0x00, 0xB4, 0x06, 0x00, 0x00, 0x2F, 0x00, 0x00, 0x00, 0xF7, 0x00, 0x00, 0x00
	.byte 0xB7, 0x06, 0x00, 0x00, 0x2F, 0x00, 0x00, 0x00, 0xF9, 0x00, 0x00, 0x00, 0xD1, 0x06, 0x00, 0x00
	.byte 0x2F, 0x00, 0x00, 0x00, 0xFA, 0x00, 0x00, 0x00, 0x42, 0x01, 0x00, 0x00, 0x2F, 0x00, 0x00, 0x00
	.byte 0xFB, 0x00, 0x00, 0x00, 0xD8, 0x06, 0x00, 0x00, 0x2F, 0x00, 0x00, 0x00, 0xFC, 0x00, 0x00, 0x00
	.byte 0xDA, 0x06, 0x00, 0x00, 0x2F, 0x00, 0x00, 0x00, 0x02, 0x01, 0x00, 0x00, 0xEB, 0x06, 0x00, 0x00
	.byte 0x2F, 0x00, 0x00, 0x00, 0x03, 0x01, 0x00, 0x00, 0x0D, 0x07, 0x00, 0x00, 0x2F, 0x00, 0x00, 0x00
	.byte 0x09, 0x01, 0x00, 0x00, 0x11, 0x07, 0x00, 0x00, 0x2F, 0x00, 0x00, 0x00, 0x0A, 0x01, 0x00, 0x00
	.byte 0x3C, 0x07, 0x00, 0x00, 0x2F, 0x00, 0x00, 0x00, 0x0E, 0x01, 0x00, 0x00, 0x43, 0x07, 0x00, 0x00
	.byte 0x4D, 0x00, 0x00, 0x00, 0x09, 0x00, 0x00, 0x00, 0x00, 0x00, 0x00, 0x00, 0xFF, 0x00, 0x00, 0x00
	.byte 0x64, 0x07, 0x00, 0x00, 0x0F, 0x00, 0x00, 0x00, 0x00, 0x00, 0x00, 0x00, 0x08, 0x00, 0x00, 0x00
	.byte 0x60, 0x07, 0x00, 0x00, 0x29, 0x00, 0x00, 0x00, 0x00, 0x00, 0x00, 0x00, 0x13, 0x00, 0x00, 0x00
	.byte 0x0F, 0x00, 0x00, 0x00, 0x5B, 0x07, 0x00, 0x00, 0x13, 0x00, 0x00, 0x00, 0x48, 0x00, 0x00, 0x00
	.byte 0x58, 0x07, 0x00, 0x00, 0x4D, 0x00, 0x00, 0x00, 0x2B, 0x00, 0x00, 0x00, 0x00, 0x00, 0x00, 0x00
	.byte 0x54, 0x07, 0x00, 0x00, 0x29, 0x00, 0x00, 0x00, 0x01, 0x00, 0x00, 0x00, 0x13, 0x00, 0x00, 0x00
	.byte 0x68, 0x00, 0x00, 0x00, 0x05, 0x00, 0x00, 0x00, 0x29, 0x00, 0x00, 0x00, 0x00, 0x00, 0x00, 0x00
	.byte 0x13, 0x00, 0x00, 0x00, 0x06, 0x00, 0x00, 0x00, 0x4A, 0x07, 0x00, 0x00, 0x26, 0x00, 0x00, 0x00
	.byte 0x01, 0x00, 0x00, 0x00, 0x14, 0x00, 0x00, 0x00, 0x00, 0x00, 0x00, 0x00, 0x07, 0x00, 0x00, 0x00
	.byte 0x26, 0x00, 0x00, 0x00, 0x00, 0x00, 0x00, 0x00, 0x14, 0x00, 0x00, 0x00, 0x00, 0x00, 0x00, 0x00
	.byte 0x40, 0x07, 0x00, 0x00, 0x4C, 0x00, 0x00, 0x00, 0x2C, 0x07, 0x00, 0x00, 0x4D, 0x00, 0x00, 0x00
	.byte 0x0B, 0x00, 0x00, 0x00, 0x00, 0x00, 0x00, 0x00, 0x00, 0x00, 0x00, 0x08, 0x39, 0x07, 0x00, 0x00
	.byte 0x0A, 0x00, 0x00, 0x00, 0x00, 0x00, 0x00, 0x00, 0x07, 0x00, 0x00, 0x00, 0x32, 0x07, 0x00, 0x00
	.byte 0x29, 0x00, 0x00, 0x00, 0x00, 0x00, 0x00, 0x00, 0x13, 0x00, 0x00, 0x00, 0x62, 0x00, 0x00, 0x00
	.byte 0x30, 0x07, 0x00, 0x00, 0x4D, 0x00, 0x00, 0x00, 0x0A, 0x00, 0x00, 0x00, 0x00, 0x00, 0x00, 0x00
	.byte 0x07, 0x00, 0x00, 0x00, 0x28, 0x07, 0x00, 0x00, 0x2B, 0x00, 0x00, 0x00, 0x00, 0x00, 0x00, 0x00
	.byte 0x28, 0x07, 0x00, 0x00, 0x4D, 0x00, 0x00, 0x00, 0x05, 0x00, 0x00, 0x00, 0x01, 0x00, 0x00, 0x00
	.byte 0x33, 0x00, 0x00, 0x00, 0x23, 0x07, 0x00, 0x00, 0x29, 0x00, 0x00, 0x00, 0x01, 0x00, 0x00, 0x00
	.byte 0x14, 0x00, 0x00, 0x00, 0x56, 0x00, 0x00, 0x00, 0x06, 0x00, 0x00, 0x00, 0x32, 0x00, 0x00, 0x00
	.byte 0x01, 0x00, 0x00, 0x00, 0x01, 0x00, 0x00, 0x00, 0x08, 0x00, 0x00, 0x00, 0x19, 0x07, 0x00, 0x00
	.byte 0x4D, 0x00, 0x00, 0x00, 0x33, 0x00, 0x00, 0x00, 0x01, 0x00, 0x00, 0x00, 0x01, 0x00, 0x00, 0x00
	.byte 0x0C, 0x00, 0x00, 0x00, 0x13, 0x07, 0x00, 0x00, 0x4D, 0x00, 0x00, 0x00, 0x29, 0x00, 0x00, 0x00
	.byte 0x01, 0x00, 0x00, 0x00, 0x14, 0x00, 0x00, 0x00, 0x56, 0x00, 0x00, 0x00, 0x06, 0x00, 0x00, 0x00
	.byte 0x32, 0x00, 0x00, 0x00, 0x01, 0x00, 0x00, 0x00, 0x02, 0x00, 0x00, 0x00, 0x08, 0x00, 0x00, 0x00
	.byte 0x08, 0x07, 0x00, 0x00, 0x4D, 0x00, 0x00, 0x00, 0x33, 0x00, 0x00, 0x00, 0x01, 0x00, 0x00, 0x00
	.byte 0x02, 0x00, 0x00, 0x00, 0x0C, 0x00, 0x00, 0x00, 0x02, 0x07, 0x00, 0x00, 0x4D, 0x00, 0x00, 0x00
	.byte 0x56, 0x00, 0x00, 0x00, 0x00, 0x00, 0x07, 0x00, 0xFE, 0x06, 0x00, 0x00, 0x29, 0x00, 0x00, 0x00
	.byte 0x01, 0x00, 0x00, 0x00, 0x14, 0x00, 0x00, 0x00, 0x56, 0x00, 0x00, 0x00, 0x06, 0x00, 0x00, 0x00
	.byte 0x32, 0x00, 0x00, 0x00, 0x01, 0x00, 0x00, 0x00, 0x03, 0x00, 0x00, 0x00, 0x08, 0x00, 0x00, 0x00
	.byte 0xF4, 0x06, 0x00, 0x00, 0x4D, 0x00, 0x00, 0x00, 0x33, 0x00, 0x00, 0x00, 0x01, 0x00, 0x00, 0x00
	.byte 0x03, 0x00, 0x00, 0x00, 0x0C, 0x00, 0x00, 0x00, 0xEE, 0x06, 0x00, 0x00, 0x4D, 0x00, 0x00, 0x00
	.byte 0x29, 0x00, 0x00, 0x00, 0x01, 0x00, 0x00, 0x00, 0x14, 0x00, 0x00, 0x00, 0x56, 0x00, 0x00, 0x00
	.byte 0x06, 0x00, 0x00, 0x00, 0x32, 0x00, 0x00, 0x00, 0x01, 0x00, 0x00, 0x00, 0x04, 0x00, 0x00, 0x00
	.byte 0x08, 0x00, 0x00, 0x00, 0xE3, 0x06, 0x00, 0x00, 0x4D, 0x00, 0x00, 0x00, 0x33, 0x00, 0x00, 0x00
	.byte 0x01, 0x00, 0x00, 0x00, 0x04, 0x00, 0x00, 0x00, 0x0C, 0x00, 0x00, 0x00, 0xDD, 0x06, 0x00, 0x00
	.byte 0x4D, 0x00, 0x00, 0x00, 0x29, 0x00, 0x00, 0x00, 0x01, 0x00, 0x00, 0x00, 0x14, 0x00, 0x00, 0x00
	.byte 0x56, 0x00, 0x00, 0x00, 0x06, 0x00, 0x00, 0x00, 0x32, 0x00, 0x00, 0x00, 0x01, 0x00, 0x00, 0x00
	.byte 0x05, 0x00, 0x00, 0x00, 0x08, 0x00, 0x00, 0x00, 0xD2, 0x06, 0x00, 0x00, 0x4D, 0x00, 0x00, 0x00
	.byte 0x33, 0x00, 0x00, 0x00, 0x01, 0x00, 0x00, 0x00, 0x05, 0x00, 0x00, 0x00, 0x0C, 0x00, 0x00, 0x00
	.byte 0xCC, 0x06, 0x00, 0x00, 0x4D, 0x00, 0x00, 0x00, 0x29, 0x00, 0x00, 0x00, 0x00, 0x00, 0x00, 0x00
	.byte 0x13, 0x00, 0x00, 0x00, 0x63, 0x00, 0x00, 0x00, 0xC6, 0x06, 0x00, 0x00, 0x29, 0x00, 0x00, 0x00
	.byte 0x01, 0x00, 0x00, 0x00, 0x13, 0x00, 0x00, 0x00, 0x63, 0x00, 0x00, 0x00, 0xC1, 0x06, 0x00, 0x00
	.byte 0x14, 0x00, 0x00, 0x00, 0x56, 0x00, 0x00, 0x00, 0x06, 0x00, 0x00, 0x00, 0x32, 0x00, 0x00, 0x00
	.byte 0x01, 0x00, 0x00, 0x00, 0x06, 0x00, 0x00, 0x00, 0x08, 0x00, 0x00, 0x00, 0xB9, 0x06, 0x00, 0x00
	.byte 0x4D, 0x00, 0x00, 0x00, 0x33, 0x00, 0x00, 0x00, 0x01, 0x00, 0x00, 0x00, 0x06, 0x00, 0x00, 0x00
	.byte 0x0C, 0x00, 0x00, 0x00, 0xB3, 0x06, 0x00, 0x00, 0x4D, 0x00, 0x00, 0x00, 0x29, 0x00, 0x00, 0x00
	.byte 0x00, 0x00, 0x00, 0x00, 0x13, 0x00, 0x00, 0x00, 0x63, 0x00, 0x00, 0x00, 0xAD, 0x06, 0x00, 0x00
	.byte 0x29, 0x00, 0x00, 0x00, 0x01, 0x00, 0x00, 0x00, 0x13, 0x00, 0x00, 0x00, 0x63, 0x00, 0x00, 0x00
	.byte 0xA8, 0x06, 0x00, 0x00, 0x14, 0x00, 0x00, 0x00, 0x56, 0x00, 0x00, 0x00, 0x06, 0x00, 0x00, 0x00
	.byte 0x32, 0x00, 0x00, 0x00, 0x01, 0x00, 0x00, 0x00, 0x07, 0x00, 0x00, 0x00, 0x08, 0x00, 0x00, 0x00
	.byte 0xA0, 0x06, 0x00, 0x00, 0x4D, 0x00, 0x00, 0x00, 0x33, 0x00, 0x00, 0x00, 0x01, 0x00, 0x00, 0x00
	.byte 0x07, 0x00, 0x00, 0x00, 0x0C, 0x00, 0x00, 0x00, 0x9A, 0x06, 0x00, 0x00, 0x4D, 0x00, 0x00, 0x00
	.byte 0x33, 0x00, 0x00, 0x00, 0x00, 0x00, 0x00, 0x00, 0x01, 0x00, 0x00, 0x00, 0x00, 0x00, 0x00, 0x00
	.byte 0x94, 0x06, 0x00, 0x00, 0x29, 0x00, 0x00, 0x00, 0x00, 0x00, 0x00, 0x00, 0x13, 0x00, 0x00, 0x00
	.byte 0x34, 0x00, 0x00, 0x00, 0x8F, 0x06, 0x00, 0x00, 0x4C, 0x00, 0x00, 0x00, 0x48, 0x00, 0x00, 0x00
	.byte 0x33, 0x00, 0x00, 0x00, 0x00, 0x00, 0x00, 0x00, 0x02, 0x00, 0x00, 0x00, 0x00, 0x00, 0x00, 0x00
	.byte 0x88, 0x06, 0x00, 0x00, 0x4C, 0x00, 0x00, 0x00, 0x41, 0x00, 0x00, 0x00, 0x56, 0x00, 0x00, 0x00
	.byte 0x00, 0x00, 0x07, 0x00, 0x83, 0x06, 0x00, 0x00, 0x33, 0x00, 0x00, 0x00, 0x00, 0x00, 0x00, 0x00
	.byte 0x03, 0x00, 0x00, 0x00, 0x00, 0x00, 0x00, 0x00, 0x7E, 0x06, 0x00, 0x00, 0x53, 0x00, 0x00, 0x00
	.byte 0x00, 0x00, 0x00, 0x00, 0x03, 0x00, 0x00, 0x00, 0x13, 0x00, 0x00, 0x00, 0x01, 0x00, 0x00, 0x00
	.byte 0x78, 0x06, 0x00, 0x00, 0x4C, 0x00, 0x00, 0x00, 0x31, 0x00, 0x00, 0x00, 0x33, 0x00, 0x00, 0x00
	.byte 0x00, 0x00, 0x00, 0x00, 0x04, 0x00, 0x00, 0x00, 0x00, 0x00, 0x00, 0x00, 0x71, 0x06, 0x00, 0x00
	.byte 0x4C, 0x00, 0x00, 0x00, 0x2A, 0x00, 0x00, 0x00, 0x33, 0x00, 0x00, 0x00, 0x00, 0x00, 0x00, 0x00
	.byte 0x05, 0x00, 0x00, 0x00, 0x00, 0x00, 0x00, 0x00, 0x6A, 0x06, 0x00, 0x00, 0x4C, 0x00, 0x00, 0x00
	.byte 0x23, 0x00, 0x00, 0x00, 0x33, 0x00, 0x00, 0x00, 0x00, 0x00, 0x00, 0x00, 0x06, 0x00, 0x00, 0x00
	.byte 0x00, 0x00, 0x00, 0x00, 0x63, 0x06, 0x00, 0x00, 0x29, 0x00, 0x00, 0x00, 0x01, 0x00, 0x00, 0x00
	.byte 0x13, 0x00, 0x00, 0x00, 0x63, 0x00, 0x00, 0x00, 0x5E, 0x06, 0x00, 0x00, 0x29, 0x00, 0x00, 0x00
	.byte 0x00, 0x00, 0x00, 0x00, 0x13, 0x00, 0x00, 0x00, 0x33, 0x00, 0x00, 0x00, 0x59, 0x06, 0x00, 0x00
	.byte 0x13, 0x00, 0x00, 0x00, 0x63, 0x00, 0x00, 0x00, 0x56, 0x06, 0x00, 0x00, 0x4C, 0x00, 0x00, 0x00
	.byte 0x0F, 0x00, 0x00, 0x00, 0x33, 0x00, 0x00, 0x00, 0x00, 0x00, 0x00, 0x00, 0x07, 0x00, 0x00, 0x00
	.byte 0x00, 0x00, 0x00, 0x00, 0x4F, 0x06, 0x00, 0x00, 0x29, 0x00, 0x00, 0x00, 0x01, 0x00, 0x00, 0x00
	.byte 0x13, 0x00, 0x00, 0x00, 0x63, 0x00, 0x00, 0x00, 0x4A, 0x06, 0x00, 0x00, 0x29, 0x00, 0x00, 0x00
	.byte 0x00, 0x00, 0x00, 0x00, 0x13, 0x00, 0x00, 0x00, 0x63, 0x00, 0x00, 0x00, 0x45, 0x06, 0x00, 0x00
	.byte 0x29, 0x00, 0x00, 0x00, 0x00, 0x00, 0x00, 0x00, 0x13, 0x00, 0x00, 0x00, 0x1D, 0x00, 0x00, 0x00
	.byte 0x40, 0x06, 0x00, 0x00, 0x13, 0x00, 0x00, 0x00, 0x49, 0x00, 0x00, 0x00, 0x3D, 0x06, 0x00, 0x00
	.byte 0x4D, 0x00, 0x00, 0x00, 0x31, 0x00, 0x00, 0x00, 0x01, 0x00, 0x00, 0x00, 0x01, 0x00, 0x00, 0x00
	.byte 0x06, 0x00, 0x00, 0x00, 0x43, 0x00, 0x00, 0x00, 0x31, 0x00, 0x00, 0x00, 0x01, 0x00, 0x00, 0x00
	.byte 0x02, 0x00, 0x00, 0x00, 0x06, 0x00, 0x00, 0x00, 0x3E, 0x00, 0x00, 0x00, 0x31, 0x00, 0x00, 0x00
	.byte 0x01, 0x00, 0x00, 0x00, 0x03, 0x00, 0x00, 0x00, 0x06, 0x00, 0x00, 0x00, 0x39, 0x00, 0x00, 0x00
	.byte 0x31, 0x00, 0x00, 0x00, 0x01, 0x00, 0x00, 0x00, 0x04, 0x00, 0x00, 0x00, 0x06, 0x00, 0x00, 0x00
	.byte 0x34, 0x00, 0x00, 0x00, 0x31, 0x00, 0x00, 0x00, 0x01, 0x00, 0x00, 0x00, 0x05, 0x00, 0x00, 0x00
	.byte 0x06, 0x00, 0x00, 0x00, 0x2F, 0x00, 0x00, 0x00, 0x31, 0x00, 0x00, 0x00, 0x01, 0x00, 0x00, 0x00
	.byte 0x06, 0x00, 0x00, 0x00, 0x06, 0x00, 0x00, 0x00, 0x2A, 0x00, 0x00, 0x00, 0x31, 0x00, 0x00, 0x00
	.byte 0x01, 0x00, 0x00, 0x00, 0x07, 0x00, 0x00, 0x00, 0x06, 0x00, 0x00, 0x00, 0x25, 0x00, 0x00, 0x00
	.byte 0x32, 0x00, 0x00, 0x00, 0x00, 0x00, 0x00, 0x00, 0x01, 0x00, 0x00, 0x00, 0x06, 0x00, 0x00, 0x00
	.byte 0x20, 0x00, 0x00, 0x00, 0x32, 0x00, 0x00, 0x00, 0x00, 0x00, 0x00, 0x00, 0x02, 0x00, 0x00, 0x00
	.byte 0x06, 0x00, 0x00, 0x00, 0x1B, 0x00, 0x00, 0x00, 0x32, 0x00, 0x00, 0x00, 0x00, 0x00, 0x00, 0x00
	.byte 0x03, 0x00, 0x00, 0x00, 0x06, 0x00, 0x00, 0x00, 0x16, 0x00, 0x00, 0x00, 0x32, 0x00, 0x00, 0x00
	.byte 0x00, 0x00, 0x00, 0x00, 0x04, 0x00, 0x00, 0x00, 0x06, 0x00, 0x00, 0x00, 0x11, 0x00, 0x00, 0x00
	.byte 0x32, 0x00, 0x00, 0x00, 0x00, 0x00, 0x00, 0x00, 0x05, 0x00, 0x00, 0x00, 0x06, 0x00, 0x00, 0x00
	.byte 0x0C, 0x00, 0x00, 0x00, 0x32, 0x00, 0x00, 0x00, 0x00, 0x00, 0x00, 0x00, 0x06, 0x00, 0x00, 0x00
	.byte 0x06, 0x00, 0x00, 0x00, 0x07, 0x00, 0x00, 0x00, 0x32, 0x00, 0x00, 0x00, 0x00, 0x00, 0x00, 0x00
	.byte 0x07, 0x00, 0x00, 0x00, 0x06, 0x00, 0x00, 0x00, 0x02, 0x00, 0x00, 0x00, 0x4C, 0x00, 0x00, 0x00
	.byte 0xF4, 0x05, 0x00, 0x00, 0x4D, 0x00, 0x00, 0x00, 0x26, 0x00, 0x00, 0x00, 0x00, 0x00, 0x00, 0x00
	.byte 0x13, 0x00, 0x00, 0x00, 0x00, 0x00, 0x00, 0x00, 0xEE, 0x05, 0x00, 0x00, 0x29, 0x00, 0x00, 0x00
	.byte 0x01, 0x00, 0x00, 0x00, 0x13, 0x00, 0x00, 0x00, 0x68, 0x00, 0x00, 0x00, 0x05, 0x00, 0x00, 0x00
	.byte 0x29, 0x00, 0x00, 0x00, 0x00, 0x00, 0x00, 0x00, 0x13, 0x00, 0x00, 0x00, 0x15, 0x00, 0x00, 0x00
	.byte 0xE4, 0x05, 0x00, 0x00, 0x4D, 0x00, 0x00, 0x00, 0x08, 0x00, 0x00, 0x00, 0x01, 0x00, 0x00, 0x00
	.byte 0x64, 0x00, 0x00, 0x00, 0x02, 0x00, 0x00, 0x00, 0x04, 0x00, 0x00, 0x00, 0xF8, 0xFF, 0xFF, 0xFF
	.byte 0x4D, 0x00, 0x00, 0x00, 0x1E, 0x00, 0x00, 0x00, 0x00, 0x00, 0x00, 0x00, 0x13, 0x00, 0x00, 0x00
	.byte 0x08, 0x00, 0x00, 0x00, 0xD7, 0x05, 0x00, 0x00, 0x13, 0x00, 0x00, 0x00, 0x03, 0x00, 0x00, 0x00
	.byte 0xD4, 0x05, 0x00, 0x00, 0x1E, 0x00, 0x00, 0x00, 0x02, 0x00, 0x00, 0x00, 0x13, 0x00, 0x00, 0x00
	.byte 0x08, 0x00, 0x00, 0x00, 0xCF, 0x05, 0x00, 0x00, 0x13, 0x00, 0x00, 0x00, 0x03, 0x00, 0x00, 0x00
	.byte 0xCC, 0x05, 0x00, 0x00, 0x29, 0x00, 0x00, 0x00, 0x00, 0x00, 0x00, 0x00, 0x13, 0x00, 0x00, 0x00
	.byte 0x11, 0x00, 0x00, 0x00, 0xC7, 0x05, 0x00, 0x00, 0x13, 0x00, 0x00, 0x00, 0x62, 0x00, 0x00, 0x00
	.byte 0xC4, 0x05, 0x00, 0x00, 0x13, 0x00, 0x00, 0x00, 0x5A, 0x00, 0x00, 0x00, 0xC1, 0x05, 0x00, 0x00
	.byte 0x14, 0x00, 0x00, 0x00, 0x66, 0x00, 0x00, 0x00, 0x04, 0x00, 0x00, 0x00, 0x2E, 0x00, 0x00, 0x00
	.byte 0x13, 0x00, 0x00, 0x00, 0x01, 0x00, 0x00, 0x00, 0xBA, 0x05, 0x00, 0x00, 0x29, 0x00, 0x00, 0x00
	.byte 0x00, 0x00, 0x00, 0x00, 0x14, 0x00, 0x00, 0x00, 0x5D, 0x00, 0x00, 0x00, 0x04, 0x00, 0x00, 0x00
	.byte 0x2E, 0x00, 0x00, 0x00, 0x13, 0x00, 0x00, 0x00, 0x02, 0x00, 0x00, 0x00, 0xB1, 0x05, 0x00, 0x00
	.byte 0x09, 0x00, 0x00, 0x00, 0x00, 0x00, 0x00, 0x00, 0xFF, 0x00, 0x00, 0x00, 0xAD, 0x05, 0x00, 0x00
	.byte 0x0F, 0x00, 0x00, 0x00, 0x00, 0x00, 0x00, 0x00, 0x08, 0x00, 0x00, 0x00, 0xA9, 0x05, 0x00, 0x00
	.byte 0x4D, 0x00, 0x00, 0x00, 0x0F, 0x00, 0x00, 0x00, 0x01, 0x00, 0x00, 0x00, 0x02, 0x00, 0x00, 0x00
	.byte 0xA1, 0x05, 0x00, 0x00, 0x4D, 0x00, 0x00, 0x00, 0x2B, 0x00, 0x00, 0x00, 0x00, 0x00, 0x00, 0x00
	.byte 0xA0, 0x05, 0x00, 0x00, 0x29, 0x00, 0x00, 0x00, 0x01, 0x00, 0x00, 0x00, 0x13, 0x00, 0x00, 0x00
	.byte 0x68, 0x00, 0x00, 0x00, 0x05, 0x00, 0x00, 0x00, 0x29, 0x00, 0x00, 0x00, 0x00, 0x00, 0x00, 0x00
	.byte 0x13, 0x00, 0x00, 0x00, 0x05, 0x00, 0x00, 0x00, 0x96, 0x05, 0x00, 0x00, 0x4E, 0x00, 0x00, 0x00
	.byte 0x01, 0x00, 0x00, 0x00, 0x93, 0x05, 0x00, 0x00, 0x4D, 0x00, 0x00, 0x00, 0x13, 0x00, 0x00, 0x00
	.byte 0x68, 0x00, 0x00, 0x00, 0x05, 0x00, 0x00, 0x00, 0x29, 0x00, 0x00, 0x00, 0x00, 0x00, 0x00, 0x00
	.byte 0x13, 0x00, 0x00, 0x00, 0x1A, 0x00, 0x00, 0x00, 0x8A, 0x05, 0x00, 0x00, 0x2B, 0x00, 0x00, 0x00
	.byte 0x00, 0x00, 0x00, 0x00, 0x87, 0x05, 0x00, 0x00, 0x29, 0x00, 0x00, 0x00, 0x00, 0x00, 0x00, 0x00
	.byte 0x14, 0x00, 0x00, 0x00, 0x19, 0x00, 0x00, 0x00, 0x0D, 0x00, 0x00, 0x00, 0x29, 0x00, 0x00, 0x00
	.byte 0x01, 0x00, 0x00, 0x00, 0x13, 0x00, 0x00, 0x00, 0x68, 0x00, 0x00, 0x00, 0x08, 0x00, 0x00, 0x00
	.byte 0x2B, 0x00, 0x00, 0x00, 0x50, 0x00, 0x00, 0x00, 0x05, 0x00, 0x00, 0x00, 0x2B, 0x00, 0x00, 0x00
	.byte 0xA0, 0x00, 0x00, 0x00, 0x02, 0x00, 0x00, 0x00, 0x4C, 0x00, 0x00, 0x00, 0x75, 0x05, 0x00, 0x00
	.byte 0x4D, 0x00, 0x00, 0x00, 0x0F, 0x00, 0x00, 0x00, 0x01, 0x00, 0x00, 0x00, 0x40, 0x00, 0x00, 0x00
	.byte 0x6D, 0x05, 0x00, 0x00, 0x4D, 0x00, 0x00, 0x00, 0x0B, 0x00, 0x00, 0x00, 0x01, 0x00, 0x00, 0x00
	.byte 0x00, 0x00, 0x10, 0x00, 0x6B, 0x05, 0x00, 0x00, 0x4D, 0x00, 0x00, 0x00, 0x0B, 0x00, 0x00, 0x00
	.byte 0x00, 0x00, 0x00, 0x00, 0x07, 0x00, 0x00, 0x00, 0x5D, 0x05, 0x00, 0x00, 0x29, 0x00, 0x00, 0x00
	.byte 0x00, 0x00, 0x00, 0x00, 0x13, 0x00, 0x00, 0x00, 0x14, 0x00, 0x00, 0x00, 0x61, 0x05, 0x00, 0x00
	.byte 0x0F, 0x00, 0x00, 0x00, 0x00, 0x00, 0x00, 0x00, 0x08, 0x00, 0x00, 0x00, 0x5D, 0x05, 0x00, 0x00
	.byte 0x4D, 0x00, 0x00, 0x00, 0x0F, 0x00, 0x00, 0x00, 0x01, 0x00, 0x00, 0x00, 0x01, 0x00, 0x00, 0x00
	.byte 0x55, 0x05, 0x00, 0x00, 0x4D, 0x00, 0x00, 0x00, 0x2B, 0x00, 0x00, 0x00, 0x00, 0x00, 0x00, 0x00
	.byte 0x54, 0x05, 0x00, 0x00, 0x29, 0x00, 0x00, 0x00, 0x00, 0x00, 0x00, 0x00, 0x13, 0x00, 0x00, 0x00
	.byte 0x07, 0x00, 0x00, 0x00, 0x4F, 0x05, 0x00, 0x00, 0x13, 0x00, 0x00, 0x00, 0x62, 0x00, 0x00, 0x00
	.byte 0x4C, 0x05, 0x00, 0x00, 0x29, 0x00, 0x00, 0x00, 0x01, 0x00, 0x00, 0x00, 0x13, 0x00, 0x00, 0x00
	.byte 0x68, 0x00, 0x00, 0x00, 0x0D, 0x00, 0x00, 0x00, 0x17, 0x00, 0x00, 0x00, 0x56, 0x00, 0x00, 0x00
	.byte 0x02, 0x00, 0x00, 0x00, 0x4C, 0x00, 0x00, 0x00, 0x08, 0x00, 0x00, 0x00, 0x29, 0x00, 0x00, 0x00
	.byte 0x00, 0x00, 0x00, 0x00, 0x13, 0x00, 0x00, 0x00, 0x4E, 0x00, 0x00, 0x00, 0x3D, 0x05, 0x00, 0x00
	.byte 0x13, 0x00, 0x00, 0x00, 0x0A, 0x00, 0x00, 0x00, 0x3A, 0x05, 0x00, 0x00, 0x09, 0x00, 0x00, 0x00
	.byte 0x00, 0x00, 0x00, 0x00, 0xFF, 0x00, 0x00, 0x00, 0x36, 0x05, 0x00, 0x00, 0x0F, 0x00, 0x00, 0x00
	.byte 0x00, 0x00, 0x00, 0x00, 0x08, 0x00, 0x00, 0x00, 0x32, 0x05, 0x00, 0x00, 0x4D, 0x00, 0x00, 0x00
	.byte 0x0B, 0x00, 0x00, 0x00, 0x01, 0x00, 0x00, 0x00, 0x00, 0x00, 0x00, 0x01, 0x2A, 0x05, 0x00, 0x00
	.byte 0x05, 0x00, 0x00, 0x00, 0x01, 0x00, 0x00, 0x00, 0x1A, 0x00, 0x00, 0x00, 0x29, 0x05, 0x00, 0x00
	.byte 0x4D, 0x00, 0x00, 0x00, 0x0D, 0x00, 0x00, 0x00, 0x00, 0x00, 0x00, 0x00, 0x04, 0x00, 0x00, 0x00
	.byte 0x24, 0x05, 0x00, 0x00, 0x1E, 0x00, 0x00, 0x00, 0x00, 0x00, 0x00, 0x00, 0x13, 0x00, 0x00, 0x00
	.byte 0x0C, 0x00, 0x00, 0x00, 0x1F, 0x05, 0x00, 0x00, 0x1E, 0x00, 0x00, 0x00, 0x02, 0x00, 0x00, 0x00
	.byte 0x13, 0x00, 0x00, 0x00, 0x0C, 0x00, 0x00, 0x00, 0x1A, 0x05, 0x00, 0x00, 0x29, 0x00, 0x00, 0x00
	.byte 0x00, 0x00, 0x00, 0x00, 0x13, 0x00, 0x00, 0x00, 0x62, 0x00, 0x00, 0x00, 0x15, 0x05, 0x00, 0x00
	.byte 0x4D, 0x00, 0x00, 0x00, 0x3B, 0x00, 0x00, 0x00, 0x00, 0x00, 0x00, 0x00, 0x00, 0x00, 0x00, 0x00
	.byte 0x0D, 0x05, 0x00, 0x00, 0x4D, 0x00, 0x00, 0x00, 0x3B, 0x00, 0x00, 0x00, 0x00, 0x00, 0x00, 0x00
	.byte 0x01, 0x00, 0x00, 0x00, 0x08, 0x05, 0x00, 0x00, 0x4D, 0x00, 0x00, 0x00, 0x0A, 0x00, 0x00, 0x00
	.byte 0x01, 0x00, 0x00, 0x00, 0x07, 0x00, 0x00, 0x00, 0x03, 0x05, 0x00, 0x00, 0x4D, 0x00, 0x00, 0x00
	.byte 0x0D, 0x00, 0x00, 0x00, 0x00, 0x00, 0x00, 0x00, 0x18, 0x00, 0x00, 0x00, 0x01, 0x05, 0x00, 0x00
	.byte 0x29, 0x00, 0x00, 0x00, 0x01, 0x00, 0x00, 0x00, 0x13, 0x00, 0x00, 0x00, 0x63, 0x00, 0x00, 0x00
	.byte 0xFC, 0x04, 0x00, 0x00, 0x29, 0x00, 0x00, 0x00, 0x00, 0x00, 0x00, 0x00, 0x13, 0x00, 0x00, 0x00
	.byte 0x63, 0x00, 0x00, 0x00, 0xF7, 0x04, 0x00, 0x00, 0x4D, 0x00, 0x00, 0x00, 0x0B, 0x00, 0x00, 0x00
	.byte 0x00, 0x00, 0x00, 0x00, 0x00, 0x00, 0x00, 0x04, 0xF2, 0x04, 0x00, 0x00, 0x4D, 0x00, 0x00, 0x00
	.byte 0x1E, 0x00, 0x00, 0x00, 0x01, 0x00, 0x00, 0x00, 0x13, 0x00, 0x00, 0x00, 0x07, 0x00, 0x00, 0x00
	.byte 0x20, 0x00, 0x00, 0x00, 0x1E, 0x00, 0x00, 0x00, 0x03, 0x00, 0x00, 0x00, 0x13, 0x00, 0x00, 0x00
	.byte 0x07, 0x00, 0x00, 0x00, 0x1B, 0x00, 0x00, 0x00, 0x29, 0x00, 0x00, 0x00, 0x01, 0x00, 0x00, 0x00
	.byte 0x14, 0x00, 0x00, 0x00, 0x56, 0x00, 0x00, 0x00, 0x0B, 0x00, 0x00, 0x00, 0x32, 0x00, 0x00, 0x00
	.byte 0x01, 0x00, 0x00, 0x00, 0x01, 0x00, 0x00, 0x00, 0x08, 0x00, 0x00, 0x00, 0xDD, 0x04, 0x00, 0x00
	.byte 0x32, 0x00, 0x00, 0x00, 0x01, 0x00, 0x00, 0x00, 0x02, 0x00, 0x00, 0x00, 0x08, 0x00, 0x00, 0x00
	.byte 0xD8, 0x04, 0x00, 0x00, 0x4D, 0x00, 0x00, 0x00, 0x33, 0x00, 0x00, 0x00, 0x01, 0x00, 0x00, 0x00
	.byte 0x01, 0x00, 0x00, 0x00, 0x0C, 0x00, 0x00, 0x00, 0xD2, 0x04, 0x00, 0x00, 0x33, 0x00, 0x00, 0x00
	.byte 0x01, 0x00, 0x00, 0x00, 0x02, 0x00, 0x00, 0x00, 0x0C, 0x00, 0x00, 0x00, 0xCA, 0x04, 0x00, 0x00
	.byte 0x4D, 0x00, 0x00, 0x00, 0x0B, 0x00, 0x00, 0x00, 0x00, 0x00, 0x00, 0x00, 0x00, 0x00, 0x00, 0x10
	.byte 0xC8, 0x04, 0x00, 0x00, 0x29, 0x00, 0x00, 0x00, 0x00, 0x00, 0x00, 0x00, 0x13, 0x00, 0x00, 0x00
	.byte 0x62, 0x00, 0x00, 0x00, 0xC3, 0x04, 0x00, 0x00, 0x4D, 0x00, 0x00, 0x00, 0x57, 0x00, 0x00, 0x00
	.byte 0x00, 0x00, 0x00, 0x00, 0x04, 0x00, 0x00, 0x00, 0x13, 0x00, 0x00, 0x00, 0x03, 0x00, 0x00, 0x00
	.byte 0xBC, 0x04, 0x00, 0x00, 0x26, 0x00, 0x00, 0x00, 0x00, 0x00, 0x00, 0x00, 0x13, 0x00, 0x00, 0x00
	.byte 0x00, 0x00, 0x00, 0x00, 0xB7, 0x04, 0x00, 0x00, 0x4D, 0x00, 0x00, 0x00, 0x0B, 0x00, 0x00, 0x00
	.byte 0x00, 0x00, 0x00, 0x00, 0x00, 0x00, 0x00, 0x20, 0xB2, 0x04, 0x00, 0x00, 0x4D, 0x00, 0x00, 0x00
	.byte 0x0D, 0x00, 0x00, 0x00, 0x00, 0x00, 0x00, 0x00, 0x20, 0x00, 0x00, 0x00, 0xAD, 0x04, 0x00, 0x00
	.byte 0x4D, 0x00, 0x00, 0x00, 0x2E, 0x00, 0x00, 0x00, 0x13, 0x00, 0x00, 0x00, 0x03, 0x00, 0x00, 0x00
	.byte 0xA5, 0x04, 0x00, 0x00, 0x4D, 0x00, 0x00, 0x00, 0x0B, 0x00, 0x00, 0x00, 0x00, 0x00, 0x00, 0x00
	.byte 0x00, 0x00, 0x0F, 0x00, 0xA3, 0x04, 0x00, 0x00, 0x29, 0x00, 0x00, 0x00, 0x00, 0x00, 0x00, 0x00
	.byte 0x13, 0x00, 0x00, 0x00, 0x0C, 0x00, 0x00, 0x00, 0x9E, 0x04, 0x00, 0x00, 0x42, 0x00, 0x00, 0x00
	.byte 0x01, 0x00, 0x00, 0x00, 0x13, 0x00, 0x00, 0x00, 0x00, 0x00, 0x00, 0x00, 0x05, 0x00, 0x00, 0x00
	.byte 0x13, 0x00, 0x00, 0x00, 0x01, 0x00, 0x00, 0x00, 0x09, 0x00, 0x00, 0x00, 0x4C, 0x00, 0x00, 0x00
	.byte 0x94, 0x04, 0x00, 0x00, 0x42, 0x00, 0x00, 0x00, 0x00, 0x00, 0x00, 0x00, 0x13, 0x00, 0x00, 0x00
	.byte 0x01, 0x00, 0x00, 0x00, 0x09, 0x00, 0x00, 0x00, 0x4C, 0x00, 0x00, 0x00, 0x8D, 0x04, 0x00, 0x00
	.byte 0x42, 0x00, 0x00, 0x00, 0x00, 0x00, 0x00, 0x00, 0x13, 0x00, 0x00, 0x00, 0x00, 0x00, 0x00, 0x00
	.byte 0x02, 0x00, 0x00, 0x00, 0x4C, 0x00, 0x00, 0x00, 0x86, 0x04, 0x00, 0x00, 0x4D, 0x00, 0x00, 0x00
	.byte 0x0F, 0x00, 0x00, 0x00, 0x01, 0x00, 0x00, 0x00, 0x08, 0x00, 0x00, 0x00, 0x7E, 0x04, 0x00, 0x00
	.byte 0x4D, 0x00, 0x00, 0x00, 0x29, 0x00, 0x00, 0x00, 0x01, 0x00, 0x00, 0x00, 0x13, 0x00, 0x00, 0x00
	.byte 0x68, 0x00, 0x00, 0x00, 0x08, 0x00, 0x00, 0x00, 0x29, 0x00, 0x00, 0x00, 0x00, 0x00, 0x00, 0x00
	.byte 0x13, 0x00, 0x00, 0x00, 0x1D, 0x00, 0x00, 0x00, 0x76, 0x04, 0x00, 0x00, 0x13, 0x00, 0x00, 0x00
	.byte 0x49, 0x00, 0x00, 0x00, 0x73, 0x04, 0x00, 0x00, 0x33, 0x00, 0x00, 0x00, 0x00, 0x00, 0x00, 0x00
	.byte 0x01, 0x00, 0x00, 0x00, 0x00, 0x00, 0x00, 0x00, 0x6E, 0x04, 0x00, 0x00, 0x33, 0x00, 0x00, 0x00
	.byte 0x00, 0x00, 0x00, 0x00, 0x04, 0x00, 0x00, 0x00, 0x00, 0x00, 0x00, 0x00, 0x66, 0x04, 0x00, 0x00
	.byte 0x26, 0x00, 0x00, 0x00, 0x01, 0x00, 0x00, 0x00, 0x13, 0x00, 0x00, 0x00, 0x00, 0x00, 0x00, 0x00
	.byte 0x64, 0x04, 0x00, 0x00, 0x4D, 0x00, 0x00, 0x00, 0x26, 0x00, 0x00, 0x00, 0x01, 0x00, 0x00, 0x00
	.byte 0x13, 0x00, 0x00, 0x00, 0x00, 0x00, 0x00, 0x00, 0x5E, 0x04, 0x00, 0x00, 0x4D, 0x00, 0x00, 0x00
	.byte 0x29, 0x00, 0x00, 0x00, 0x01, 0x00, 0x00, 0x00, 0x13, 0x00, 0x00, 0x00, 0x21, 0x00, 0x00, 0x00
	.byte 0x0C, 0x00, 0x00, 0x00, 0x13, 0x00, 0x00, 0x00, 0x5D, 0x00, 0x00, 0x00, 0x09, 0x00, 0x00, 0x00
	.byte 0x29, 0x00, 0x00, 0x00, 0x00, 0x00, 0x00, 0x00, 0x14, 0x00, 0x00, 0x00, 0x5D, 0x00, 0x00, 0x00
	.byte 0x04, 0x00, 0x00, 0x00, 0x09, 0x00, 0x00, 0x00, 0x00, 0x00, 0x00, 0x00, 0xFF, 0x00, 0x00, 0x00
	.byte 0x49, 0x04, 0x00, 0x00, 0x2E, 0x00, 0x00, 0x00, 0x13, 0x00, 0x00, 0x00, 0x02, 0x00, 0x00, 0x00
	.byte 0x45, 0x04, 0x00, 0x00, 0x4D, 0x00, 0x00, 0x00, 0x29, 0x00, 0x00, 0x00, 0x01, 0x00, 0x00, 0x00
	.byte 0x13, 0x00, 0x00, 0x00, 0x7A, 0x00, 0x00, 0x00, 0x0F, 0x00, 0x00, 0x00, 0x13, 0x00, 0x00, 0x00
	.byte 0x66, 0x00, 0x00, 0x00, 0x0C, 0x00, 0x00, 0x00, 0x13, 0x00, 0x00, 0x00, 0x5E, 0x00, 0x00, 0x00
	.byte 0x09, 0x00, 0x00, 0x00, 0x29, 0x00, 0x00, 0x00, 0x00, 0x00, 0x00, 0x00, 0x14, 0x00, 0x00, 0x00
	.byte 0x5D, 0x00, 0x00, 0x00, 0x04, 0x00, 0x00, 0x00, 0x09, 0x00, 0x00, 0x00, 0x00, 0x00, 0x00, 0x00
	.byte 0xFF, 0x00, 0x00, 0x00, 0x33, 0x04, 0x00, 0x00, 0x2E, 0x00, 0x00, 0x00, 0x13, 0x00, 0x00, 0x00
	.byte 0x01, 0x00, 0x00, 0x00, 0x2C, 0x04, 0x00, 0x00, 0x4D, 0x00, 0x00, 0x00, 0x0F, 0x00, 0x00, 0x00
	.byte 0x00, 0x00, 0x00, 0x00, 0x10, 0x00, 0x00, 0x00, 0x2D, 0x04, 0x00, 0x00, 0x0F, 0x00, 0x00, 0x00
	.byte 0x01, 0x00, 0x00, 0x00, 0x10, 0x00, 0x00, 0x00, 0x29, 0x04, 0x00, 0x00, 0x4D, 0x00, 0x00, 0x00
	.byte 0x43, 0x00, 0x00, 0x00, 0x01, 0x00, 0x00, 0x00, 0x13, 0x00, 0x00, 0x00, 0x00, 0x00, 0x00, 0x00
	.byte 0x20, 0x04, 0x00, 0x00, 0x4D, 0x00, 0x00, 0x00, 0x44, 0x00, 0x00, 0x00, 0x01, 0x00, 0x00, 0x00
	.byte 0x13, 0x00, 0x00, 0x00, 0x03, 0x00, 0x00, 0x00, 0x1A, 0x04, 0x00, 0x00, 0x4D, 0x00, 0x00, 0x00
	.byte 0x2B, 0x00, 0x00, 0x00, 0x00, 0x00, 0x00, 0x00, 0x16, 0x04, 0x00, 0x00, 0x44, 0x00, 0x00, 0x00
	.byte 0x01, 0x00, 0x00, 0x00, 0x13, 0x00, 0x00, 0x00, 0x00, 0x00, 0x00, 0x00, 0x11, 0x04, 0x00, 0x00
	.byte 0x2F, 0x00, 0x00, 0x00, 0xA2, 0x00, 0x00, 0x00, 0x2B, 0xFE, 0xFF, 0xFF, 0x4D, 0x00, 0x00, 0x00
	.byte 0x2E, 0x00, 0x00, 0x00, 0x13, 0x00, 0x00, 0x00, 0x04, 0x00, 0x00, 0x00, 0x06, 0x04, 0x00, 0x00
	.byte 0x29, 0x00, 0x00, 0x00, 0x00, 0x00, 0x00, 0x00, 0x14, 0x00, 0x00, 0x00, 0x73, 0x00, 0x00, 0x00
	.byte 0x09, 0x00, 0x00, 0x00, 0x04, 0x00, 0x00, 0x00, 0xF8, 0xFF, 0xFF, 0xFF, 0x29, 0x00, 0x00, 0x00
	.byte 0x01, 0x00, 0x00, 0x00, 0x14, 0x00, 0x00, 0x00, 0x73, 0x00, 0x00, 0x00, 0x02, 0x00, 0x00, 0x00
	.byte 0x04, 0x00, 0x00, 0x00, 0x08, 0x00, 0x00, 0x00, 0x4D, 0x00, 0x00, 0x00, 0x0B, 0x00, 0x00, 0x00
	.byte 0x00, 0x00, 0x00, 0x00, 0x00, 0x00, 0x00, 0x80, 0xF6, 0x03, 0x00, 0x00, 0x4D, 0x00, 0x00, 0x00
	.byte 0x29, 0x00, 0x00, 0x00, 0x00, 0x00, 0x00, 0x00, 0x13, 0x00, 0x00, 0x00, 0x29, 0x00, 0x00, 0x00
	.byte 0xF0, 0x03, 0x00, 0x00, 0x13, 0x00, 0x00, 0x00, 0x62, 0x00, 0x00, 0x00, 0xED, 0x03, 0x00, 0x00
	.byte 0x09, 0x00, 0x00, 0x00, 0x00, 0x00, 0x00, 0x00, 0xFF, 0x00, 0x00, 0x00, 0xE9, 0x03, 0x00, 0x00
	.byte 0x1E, 0x00, 0x00, 0x00, 0x00, 0x00, 0x00, 0x00, 0x13, 0x00, 0x00, 0x00, 0x0A, 0x00, 0x00, 0x00
	.byte 0xE4, 0x03, 0x00, 0x00, 0x1E, 0x00, 0x00, 0x00, 0x02, 0x00, 0x00, 0x00, 0x13, 0x00, 0x00, 0x00
	.byte 0x0A, 0x00, 0x00, 0x00, 0xDF, 0x03, 0x00, 0x00, 0x0F, 0x00, 0x00, 0x00, 0x00, 0x00, 0x00, 0x00
	.byte 0x08, 0x00, 0x00, 0x00, 0xDB, 0x03, 0x00, 0x00, 0x4D, 0x00, 0x00, 0x00, 0x45, 0x00, 0x00, 0x00
	.byte 0x16, 0x00, 0x00, 0x00, 0x02, 0x00, 0x00, 0x00, 0xD6, 0x03, 0x00, 0x00, 0x4D, 0x00, 0x00, 0x00
	.byte 0x29, 0x00, 0x00, 0x00, 0x00, 0x00, 0x00, 0x00, 0x13, 0x00, 0x00, 0x00, 0x3C, 0x00, 0x00, 0x00
	.byte 0xD0, 0x03, 0x00, 0x00, 0x40, 0x00, 0x00, 0x00, 0x00, 0x00, 0x00, 0x00, 0x13, 0x00, 0x00, 0x00
	.byte 0x00, 0x00, 0x00, 0x00, 0xCB, 0x03, 0x00, 0x00, 0x4D, 0x00, 0x00, 0x00, 0x0D, 0x00, 0x00, 0x00
	.byte 0x01, 0x00, 0x00, 0x00, 0x00, 0x04, 0x00, 0x00, 0xC6, 0x03, 0x00, 0x00, 0x4D, 0x00, 0x00, 0x00
	.byte 0x46, 0x00, 0x00, 0x00, 0x01, 0x00, 0x00, 0x00, 0x13, 0x00, 0x00, 0x00, 0x00, 0x00, 0x00, 0x00
	.byte 0xC0, 0x03, 0x00, 0x00, 0x4D, 0x00, 0x00, 0x00, 0x0D, 0x00, 0x00, 0x00, 0x01, 0x00, 0x00, 0x00
	.byte 0x00, 0x20, 0x00, 0x00, 0xBB, 0x03, 0x00, 0x00, 0x0D, 0x00, 0x00, 0x00, 0x00, 0x00, 0x00, 0x00
	.byte 0x00, 0x00, 0x00, 0x40, 0xB7, 0x03, 0x00, 0x00, 0x4D, 0x00, 0x00, 0x00, 0x0A, 0x00, 0x00, 0x00
	.byte 0x01, 0x00, 0x00, 0x00, 0xD8, 0x00, 0x00, 0x00, 0xB2, 0x03, 0x00, 0x00, 0x4D, 0x00, 0x00, 0x00
	.byte 0x0D, 0x00, 0x00, 0x00, 0x01, 0x00, 0x00, 0x00, 0x00, 0x00, 0x01, 0x00, 0xAD, 0x03, 0x00, 0x00
	.byte 0x4D, 0x00, 0x00, 0x00, 0x29, 0x00, 0x00, 0x00, 0x01, 0x00, 0x00, 0x00, 0x13, 0x00, 0x00, 0x00
	.byte 0x68, 0x00, 0x00, 0x00, 0x08, 0x00, 0x00, 0x00, 0x29, 0x00, 0x00, 0x00, 0x00, 0x00, 0x00, 0x00
	.byte 0x13, 0x00, 0x00, 0x00, 0x1D, 0x00, 0x00, 0x00, 0xA2, 0x03, 0x00, 0x00, 0x13, 0x00, 0x00, 0x00
	.byte 0x49, 0x00, 0x00, 0x00, 0x9F, 0x03, 0x00, 0x00, 0x33, 0x00, 0x00, 0x00, 0x00, 0x00, 0x00, 0x00
	.byte 0x01, 0x00, 0x00, 0x00, 0x00, 0x00, 0x00, 0x00, 0x9A, 0x03, 0x00, 0x00, 0x33, 0x00, 0x00, 0x00
	.byte 0x00, 0x00, 0x00, 0x00, 0x02, 0x00, 0x00, 0x00, 0x00, 0x00, 0x00, 0x00, 0x92, 0x03, 0x00, 0x00
	.byte 0x4D, 0x00, 0x00, 0x00, 0x29, 0x00, 0x00, 0x00, 0x01, 0x00, 0x00, 0x00, 0x14, 0x00, 0x00, 0x00
	.byte 0x56, 0x00, 0x00, 0x00, 0x0B, 0x00, 0x00, 0x00, 0x32, 0x00, 0x00, 0x00, 0x01, 0x00, 0x00, 0x00
	.byte 0x02, 0x00, 0x00, 0x00, 0x08, 0x00, 0x00, 0x00, 0x8A, 0x03, 0x00, 0x00, 0x32, 0x00, 0x00, 0x00
	.byte 0x01, 0x00, 0x00, 0x00, 0x05, 0x00, 0x00, 0x00, 0x08, 0x00, 0x00, 0x00, 0x85, 0x03, 0x00, 0x00
	.byte 0x4D, 0x00, 0x00, 0x00, 0x33, 0x00, 0x00, 0x00, 0x01, 0x00, 0x00, 0x00, 0x02, 0x00, 0x00, 0x00
	.byte 0x0C, 0x00, 0x00, 0x00, 0x7F, 0x03, 0x00, 0x00, 0x33, 0x00, 0x00, 0x00, 0x01, 0x00, 0x00, 0x00
	.byte 0x05, 0x00, 0x00, 0x00, 0x0C, 0x00, 0x00, 0x00, 0x77, 0x03, 0x00, 0x00, 0x4D, 0x00, 0x00, 0x00
	.byte 0x29, 0x00, 0x00, 0x00, 0x01, 0x00, 0x00, 0x00, 0x14, 0x00, 0x00, 0x00, 0x56, 0x00, 0x00, 0x00
	.byte 0x0B, 0x00, 0x00, 0x00, 0x32, 0x00, 0x00, 0x00, 0x01, 0x00, 0x00, 0x00, 0x01, 0x00, 0x00, 0x00
	.byte 0x08, 0x00, 0x00, 0x00, 0x6F, 0x03, 0x00, 0x00, 0x32, 0x00, 0x00, 0x00, 0x01, 0x00, 0x00, 0x00
	.byte 0x02, 0x00, 0x00, 0x00, 0x08, 0x00, 0x00, 0x00, 0x6A, 0x03, 0x00, 0x00, 0x4D, 0x00, 0x00, 0x00
	.byte 0x33, 0x00, 0x00, 0x00, 0x01, 0x00, 0x00, 0x00, 0x01, 0x00, 0x00, 0x00, 0x0C, 0x00, 0x00, 0x00
	.byte 0x64, 0x03, 0x00, 0x00, 0x33, 0x00, 0x00, 0x00, 0x01, 0x00, 0x00, 0x00, 0x02, 0x00, 0x00, 0x00
	.byte 0x0C, 0x00, 0x00, 0x00, 0x5C, 0x03, 0x00, 0x00, 0x4D, 0x00, 0x00, 0x00, 0x0D, 0x00, 0x00, 0x00
	.byte 0x01, 0x00, 0x00, 0x00, 0x00, 0x00, 0x02, 0x00, 0x5A, 0x03, 0x00, 0x00, 0x4D, 0x00, 0x00, 0x00
	.byte 0x29, 0x00, 0x00, 0x00, 0x01, 0x00, 0x00, 0x00, 0x14, 0x00, 0x00, 0x00, 0x56, 0x00, 0x00, 0x00
	.byte 0x0B, 0x00, 0x00, 0x00, 0x32, 0x00, 0x00, 0x00, 0x01, 0x00, 0x00, 0x00, 0x04, 0x00, 0x00, 0x00
	.byte 0x08, 0x00, 0x00, 0x00, 0x4F, 0x03, 0x00, 0x00, 0x32, 0x00, 0x00, 0x00, 0x01, 0x00, 0x00, 0x00
	.byte 0x05, 0x00, 0x00, 0x00, 0x08, 0x00, 0x00, 0x00, 0x4A, 0x03, 0x00, 0x00, 0x4D, 0x00, 0x00, 0x00
	.byte 0x33, 0x00, 0x00, 0x00, 0x01, 0x00, 0x00, 0x00, 0x04, 0x00, 0x00, 0x00, 0x0C, 0x00, 0x00, 0x00
	.byte 0x44, 0x03, 0x00, 0x00, 0x33, 0x00, 0x00, 0x00, 0x01, 0x00, 0x00, 0x00, 0x05, 0x00, 0x00, 0x00
	.byte 0x0C, 0x00, 0x00, 0x00, 0x3C, 0x03, 0x00, 0x00, 0x4D, 0x00, 0x00, 0x00, 0x56, 0x00, 0x00, 0x00
	.byte 0x00, 0x00, 0x07, 0x00, 0x3B, 0x03, 0x00, 0x00, 0x29, 0x00, 0x00, 0x00, 0x01, 0x00, 0x00, 0x00
	.byte 0x14, 0x00, 0x00, 0x00, 0x56, 0x00, 0x00, 0x00, 0x0B, 0x00, 0x00, 0x00, 0x32, 0x00, 0x00, 0x00
	.byte 0x01, 0x00, 0x00, 0x00, 0x01, 0x00, 0x00, 0x00, 0x08, 0x00, 0x00, 0x00, 0x31, 0x03, 0x00, 0x00
	.byte 0x32, 0x00, 0x00, 0x00, 0x01, 0x00, 0x00, 0x00, 0x03, 0x00, 0x00, 0x00, 0x08, 0x00, 0x00, 0x00
	.byte 0x2C, 0x03, 0x00, 0x00, 0x4D, 0x00, 0x00, 0x00, 0x33, 0x00, 0x00, 0x00, 0x01, 0x00, 0x00, 0x00
	.byte 0x01, 0x00, 0x00, 0x00, 0x0C, 0x00, 0x00, 0x00, 0x26, 0x03, 0x00, 0x00, 0x33, 0x00, 0x00, 0x00
	.byte 0x01, 0x00, 0x00, 0x00, 0x03, 0x00, 0x00, 0x00, 0x0C, 0x00, 0x00, 0x00, 0x1E, 0x03, 0x00, 0x00
	.byte 0x4D, 0x00, 0x00, 0x00, 0x0D, 0x00, 0x00, 0x00, 0x01, 0x00, 0x00, 0x00, 0x00, 0x00, 0x00, 0x10
	.byte 0x1C, 0x03, 0x00, 0x00, 0x4D, 0x00, 0x00, 0x00, 0x56, 0x00, 0x00, 0x00, 0x00, 0x70, 0x00, 0x00
	.byte 0x18, 0x03, 0x00, 0x00, 0x4D, 0x00, 0x00, 0x00, 0x0D, 0x00, 0x00, 0x00, 0x00, 0x00, 0x00, 0x00
	.byte 0x00, 0x00, 0x40, 0x00, 0x13, 0x03, 0x00, 0x00, 0x4D, 0x00, 0x00, 0x00, 0x04, 0x00, 0x00, 0x00
	.byte 0xEC, 0xFF, 0xFF, 0xFF, 0x26, 0x00, 0x00, 0x00, 0x01, 0x00, 0x00, 0x00, 0x13, 0x00, 0x00, 0x00
	.byte 0x00, 0x00, 0x00, 0x00, 0x0B, 0x03, 0x00, 0x00, 0x2C, 0x00, 0x00, 0x00, 0x01, 0x00, 0x00, 0x00
	.byte 0xFF, 0x00, 0x00, 0x00, 0x05, 0x00, 0x00, 0x00, 0x58, 0x00, 0x00, 0x00, 0x01, 0x00, 0x00, 0x00
	.byte 0x02, 0x00, 0x00, 0x00, 0x4C, 0x00, 0x00, 0x00, 0x02, 0x03, 0x00, 0x00, 0x4D, 0x00, 0x00, 0x00
	.byte 0x40, 0x00, 0x00, 0x00, 0x01, 0x00, 0x00, 0x00, 0x1A, 0x00, 0x00, 0x00, 0x04, 0x00, 0x00, 0x00
	.byte 0xFC, 0x02, 0x00, 0x00, 0x2B, 0x00, 0x00, 0x00, 0x00, 0x00, 0x00, 0x00, 0xF9, 0x02, 0x00, 0x00
	.byte 0x4D, 0x00, 0x00, 0x00, 0x95, 0x00, 0x00, 0x00, 0x96, 0x00, 0x00, 0x00, 0x97, 0x00, 0x00, 0x00
	.byte 0x98, 0x00, 0x00, 0x00, 0x99, 0x00, 0x00, 0x00, 0x9A, 0x00, 0x00, 0x00, 0x9B, 0x00, 0x00, 0x00
	.byte 0x9C, 0x00, 0x00, 0x00, 0x9D, 0x00, 0x00, 0x00, 0x9E, 0x00, 0x00, 0x00, 0x9F, 0x00, 0x00, 0x00
	.byte 0xA0, 0x00, 0x00, 0x00, 0xA1, 0x00, 0x00, 0x00, 0xA2, 0x00, 0x00, 0x00, 0xA3, 0x00, 0x00, 0x00
	.byte 0xA4, 0x00, 0x00, 0x00, 0xA5, 0x00, 0x00, 0x00, 0xA6, 0x00, 0x00, 0x00, 0xA7, 0x00, 0x00, 0x00
	.byte 0xA8, 0x00, 0x00, 0x00, 0xA9, 0x00, 0x00, 0x00, 0xAA, 0x00, 0x00, 0x00, 0xAB, 0x00, 0x00, 0x00
	.byte 0xAC, 0x00, 0x00, 0x00, 0xAD, 0x00, 0x00, 0x00, 0xAE, 0x00, 0x00, 0x00, 0xAF, 0x00, 0x00, 0x00
	.byte 0xB0, 0x00, 0x00, 0x00, 0xB1, 0x00, 0x00, 0x00, 0xB2, 0x00, 0x00, 0x00, 0xB3, 0x00, 0x00, 0x00
	.byte 0xB4, 0x00, 0x00, 0x00, 0xB5, 0x00, 0x00, 0x00, 0xB6, 0x00, 0x00, 0x00, 0xB7, 0x00, 0x00, 0x00
	.byte 0xB8, 0x00, 0x00, 0x00, 0xB9, 0x00, 0x00, 0x00, 0xBA, 0x00, 0x00, 0x00, 0xBB, 0x00, 0x00, 0x00
	.byte 0xBC, 0x00, 0x00, 0x00, 0xBD, 0x00, 0x00, 0x00, 0xBE, 0x00, 0x00, 0x00, 0xBF, 0x00, 0x00, 0x00
	.byte 0xC0, 0x00, 0x00, 0x00, 0xC1, 0x00, 0x00, 0x00, 0xC2, 0x00, 0x00, 0x00, 0xC3, 0x00, 0x00, 0x00
	.byte 0xC4, 0x00, 0x00, 0x00, 0xC5, 0x00, 0x00, 0x00, 0xC6, 0x00, 0x00, 0x00, 0xC7, 0x00, 0x00, 0x00
	.byte 0xC8, 0x00, 0x00, 0x00, 0xC9, 0x00, 0x00, 0x00, 0xCA, 0x00, 0x00, 0x00, 0xCB, 0x00, 0x00, 0x00
	.byte 0xCC, 0x00, 0x00, 0x00, 0xCD, 0x00, 0x00, 0x00, 0xCE, 0x00, 0x00, 0x00, 0xCF, 0x00, 0x00, 0x00
	.byte 0xD0, 0x00, 0x00, 0x00, 0xD1, 0x00, 0x00, 0x00, 0xD2, 0x00, 0x00, 0x00, 0xD3, 0x00, 0x00, 0x00
	.byte 0xD4, 0x00, 0x00, 0x00, 0xFF, 0xFF, 0xFF, 0xFF, 0x56, 0x00, 0x00, 0x00, 0x00, 0x00, 0x07, 0x00
	.byte 0xB4, 0x02, 0x00, 0x00, 0x0F, 0x00, 0x00, 0x00, 0x01, 0x00, 0x00, 0x00, 0x00, 0x03, 0x00, 0x00
	.byte 0xB0, 0x02, 0x00, 0x00, 0x4D, 0x00, 0x00, 0x00, 0x29, 0x00, 0x00, 0x00, 0x01, 0x00, 0x00, 0x00
	.byte 0x13, 0x00, 0x00, 0x00, 0x56, 0x00, 0x00, 0x00, 0x24, 0x00, 0x00, 0x00, 0x33, 0x00, 0x00, 0x00
	.byte 0x01, 0x00, 0x00, 0x00, 0x01, 0x00, 0x00, 0x00, 0x0C, 0x00, 0x00, 0x00, 0xA5, 0x02, 0x00, 0x00
	.byte 0x33, 0x00, 0x00, 0x00, 0x01, 0x00, 0x00, 0x00, 0x02, 0x00, 0x00, 0x00, 0x0C, 0x00, 0x00, 0x00
	.byte 0xA0, 0x02, 0x00, 0x00, 0x33, 0x00, 0x00, 0x00, 0x01, 0x00, 0x00, 0x00, 0x03, 0x00, 0x00, 0x00
	.byte 0x0C, 0x00, 0x00, 0x00, 0x9B, 0x02, 0x00, 0x00, 0x33, 0x00, 0x00, 0x00, 0x01, 0x00, 0x00, 0x00
	.byte 0x04, 0x00, 0x00, 0x00, 0x0C, 0x00, 0x00, 0x00, 0x96, 0x02, 0x00, 0x00, 0x33, 0x00, 0x00, 0x00
	.byte 0x01, 0x00, 0x00, 0x00, 0x05, 0x00, 0x00, 0x00, 0x0C, 0x00, 0x00, 0x00, 0x91, 0x02, 0x00, 0x00
	.byte 0x33, 0x00, 0x00, 0x00, 0x01, 0x00, 0x00, 0x00, 0x07, 0x00, 0x00, 0x00, 0x0C, 0x00, 0x00, 0x00
	.byte 0x8C, 0x02, 0x00, 0x00, 0x33, 0x00, 0x00, 0x00, 0x01, 0x00, 0x00, 0x00, 0x06, 0x00, 0x00, 0x00
	.byte 0x0C, 0x00, 0x00, 0x00, 0x87, 0x02, 0x00, 0x00, 0x4D, 0x00, 0x00, 0x00, 0x32, 0x00, 0x00, 0x00
	.byte 0x01, 0x00, 0x00, 0x00, 0x01, 0x00, 0x00, 0x00, 0x08, 0x00, 0x00, 0x00, 0x81, 0x02, 0x00, 0x00
	.byte 0x32, 0x00, 0x00, 0x00, 0x01, 0x00, 0x00, 0x00, 0x02, 0x00, 0x00, 0x00, 0x08, 0x00, 0x00, 0x00
	.byte 0x7C, 0x02, 0x00, 0x00, 0x32, 0x00, 0x00, 0x00, 0x01, 0x00, 0x00, 0x00, 0x03, 0x00, 0x00, 0x00
	.byte 0x08, 0x00, 0x00, 0x00, 0x77, 0x02, 0x00, 0x00, 0x32, 0x00, 0x00, 0x00, 0x01, 0x00, 0x00, 0x00
	.byte 0x04, 0x00, 0x00, 0x00, 0x08, 0x00, 0x00, 0x00, 0x72, 0x02, 0x00, 0x00, 0x32, 0x00, 0x00, 0x00
	.byte 0x01, 0x00, 0x00, 0x00, 0x05, 0x00, 0x00, 0x00, 0x08, 0x00, 0x00, 0x00, 0x6D, 0x02, 0x00, 0x00
	.byte 0x32, 0x00, 0x00, 0x00, 0x01, 0x00, 0x00, 0x00, 0x07, 0x00, 0x00, 0x00, 0x08, 0x00, 0x00, 0x00
	.byte 0x68, 0x02, 0x00, 0x00, 0x32, 0x00, 0x00, 0x00, 0x01, 0x00, 0x00, 0x00, 0x06, 0x00, 0x00, 0x00
	.byte 0x08, 0x00, 0x00, 0x00, 0x63, 0x02, 0x00, 0x00, 0x4D, 0x00, 0x00, 0x00, 0x2B, 0x00, 0x00, 0x00
	.byte 0x00, 0x00, 0x00, 0x00, 0x5F, 0x02, 0x00, 0x00, 0x29, 0x00, 0x00, 0x00, 0x00, 0x00, 0x00, 0x00
	.byte 0x13, 0x00, 0x00, 0x00, 0x64, 0x00, 0x00, 0x00, 0x5A, 0x02, 0x00, 0x00, 0x55, 0x00, 0x00, 0x00
	.byte 0x00, 0x00, 0x00, 0x00, 0x6B, 0x00, 0x00, 0x00, 0x56, 0x02, 0x00, 0x00, 0x29, 0x00, 0x00, 0x00
	.byte 0x01, 0x00, 0x00, 0x00, 0x13, 0x00, 0x00, 0x00, 0x64, 0x00, 0x00, 0x00, 0x07, 0x00, 0x00, 0x00
	.byte 0x55, 0x00, 0x00, 0x00, 0x01, 0x00, 0x00, 0x00, 0x6B, 0x00, 0x00, 0x00, 0x03, 0x00, 0x00, 0x00
	.byte 0x24, 0x00, 0x00, 0x00, 0x00, 0x00, 0x00, 0x00, 0x4A, 0x02, 0x00, 0x00, 0x4D, 0x00, 0x00, 0x00
	.byte 0x0D, 0x00, 0x00, 0x00, 0x00, 0x00, 0x00, 0x00, 0x00, 0x00, 0x00, 0x04, 0x45, 0x02, 0x00, 0x00
	.byte 0x46, 0x00, 0x00, 0x00, 0x00, 0x00, 0x00, 0x00, 0x13, 0x00, 0x00, 0x00, 0x00, 0x00, 0x00, 0x00
	.byte 0x04, 0x00, 0x00, 0x00, 0x45, 0x00, 0x00, 0x00, 0x15, 0x00, 0x00, 0x00, 0x80, 0x00, 0x00, 0x00
	.byte 0x3C, 0x02, 0x00, 0x00, 0x4D, 0x00, 0x00, 0x00, 0x2B, 0x00, 0x00, 0x00, 0x00, 0x00, 0x00, 0x00
	.byte 0x38, 0x02, 0x00, 0x00, 0x5A, 0x00, 0x00, 0x00, 0x01, 0x00, 0x00, 0x00, 0x11, 0x00, 0x00, 0x00
	.byte 0x0A, 0x00, 0x00, 0x00, 0x33, 0x02, 0x00, 0x00, 0x29, 0x00, 0x00, 0x00, 0x01, 0x00, 0x00, 0x00
	.byte 0x13, 0x00, 0x00, 0x00, 0x79, 0x00, 0x00, 0x00, 0x2E, 0x02, 0x00, 0x00, 0x41, 0x00, 0x00, 0x00
	.byte 0x01, 0x00, 0x00, 0x00, 0x19, 0x00, 0x00, 0x00, 0xA8, 0x00, 0x00, 0x00, 0x07, 0x00, 0x00, 0x00
	.byte 0x19, 0x00, 0x00, 0x00, 0xA8, 0x00, 0x00, 0x00, 0x59, 0x00, 0x00, 0x00, 0x19, 0x00, 0x00, 0x00
	.byte 0xA7, 0x00, 0x00, 0x00, 0x94, 0x00, 0x00, 0x00, 0x4D, 0x00, 0x00, 0x00, 0x0F, 0x00, 0x00, 0x00
	.byte 0x00, 0x00, 0x00, 0x00, 0x08, 0x00, 0x00, 0x00, 0x25, 0x00, 0x00, 0x00, 0x09, 0x00, 0x00, 0x00
	.byte 0x00, 0x00, 0x00, 0x00, 0xFF, 0x00, 0x00, 0x00, 0x21, 0x00, 0x00, 0x00, 0x29, 0x00, 0x00, 0x00
	.byte 0x01, 0x00, 0x00, 0x00, 0x13, 0x00, 0x00, 0x00, 0x5A, 0x00, 0x00, 0x00, 0x1C, 0x00, 0x00, 0x00
	.byte 0x1E, 0x00, 0x00, 0x00, 0x00, 0x00, 0x00, 0x00, 0x13, 0x00, 0x00, 0x00, 0x03, 0x00, 0x00, 0x00
	.byte 0x17, 0x00, 0x00, 0x00, 0x13, 0x00, 0x00, 0x00, 0x08, 0x00, 0x00, 0x00, 0x14, 0x00, 0x00, 0x00
	.byte 0x1E, 0x00, 0x00, 0x00, 0x02, 0x00, 0x00, 0x00, 0x13, 0x00, 0x00, 0x00, 0x03, 0x00, 0x00, 0x00
	.byte 0x0F, 0x00, 0x00, 0x00, 0x13, 0x00, 0x00, 0x00, 0x08, 0x00, 0x00, 0x00, 0x0C, 0x00, 0x00, 0x00
	.byte 0x29, 0x00, 0x00, 0x00, 0x00, 0x00, 0x00, 0x00, 0x13, 0x00, 0x00, 0x00, 0x11, 0x00, 0x00, 0x00
	.byte 0x07, 0x00, 0x00, 0x00, 0x13, 0x00, 0x00, 0x00, 0x5A, 0x00, 0x00, 0x00, 0x04, 0x00, 0x00, 0x00
	.byte 0x13, 0x00, 0x00, 0x00, 0x62, 0x00, 0x00, 0x00, 0x01, 0x00, 0x00, 0x00, 0x4D, 0x00, 0x00, 0x00
	.byte 0x0F, 0x00, 0x00, 0x00, 0x01, 0x00, 0x00, 0x00, 0x08, 0x00, 0x00, 0x00, 0xEC, 0x01, 0x00, 0x00
	.byte 0x09, 0x00, 0x00, 0x00, 0x01, 0x00, 0x00, 0x00, 0xFF, 0x00, 0x00, 0x00, 0xE8, 0x01, 0x00, 0x00
	.byte 0x1E, 0x00, 0x00, 0x00, 0x01, 0x00, 0x00, 0x00, 0x13, 0x00, 0x00, 0x00, 0x03, 0x00, 0x00, 0x00
	.byte 0xE3, 0x01, 0x00, 0x00, 0x13, 0x00, 0x00, 0x00, 0x08, 0x00, 0x00, 0x00, 0xE0, 0x01, 0x00, 0x00
	.byte 0x1E, 0x00, 0x00, 0x00, 0x03, 0x00, 0x00, 0x00, 0x13, 0x00, 0x00, 0x00, 0x03, 0x00, 0x00, 0x00
	.byte 0xDB, 0x01, 0x00, 0x00, 0x13, 0x00, 0x00, 0x00, 0x08, 0x00, 0x00, 0x00, 0xD8, 0x01, 0x00, 0x00
	.byte 0x29, 0x00, 0x00, 0x00, 0x01, 0x00, 0x00, 0x00, 0x13, 0x00, 0x00, 0x00, 0x67, 0x00, 0x00, 0x00
	.byte 0xD3, 0x01, 0x00, 0x00, 0x13, 0x00, 0x00, 0x00, 0x11, 0x00, 0x00, 0x00, 0xD0, 0x01, 0x00, 0x00
	.byte 0x13, 0x00, 0x00, 0x00, 0x5A, 0x00, 0x00, 0x00, 0xCD, 0x01, 0x00, 0x00, 0x13, 0x00, 0x00, 0x00
	.byte 0x62, 0x00, 0x00, 0x00, 0xCA, 0x01, 0x00, 0x00, 0x13, 0x00, 0x00, 0x00, 0x3E, 0x00, 0x00, 0x00
	.byte 0xC7, 0x01, 0x00, 0x00, 0x04, 0x00, 0x00, 0x00, 0x03, 0x00, 0x00, 0x00, 0x4D, 0x00, 0x00, 0x00
	.byte 0x0F, 0x00, 0x00, 0x00, 0x00, 0x00, 0x00, 0x00, 0x08, 0x00, 0x00, 0x00, 0x17, 0x00, 0x00, 0x00
	.byte 0x09, 0x00, 0x00, 0x00, 0x00, 0x00, 0x00, 0x00, 0xFF, 0x00, 0x00, 0x00, 0x13, 0x00, 0x00, 0x00
	.byte 0x1E, 0x00, 0x00, 0x00, 0x00, 0x00, 0x00, 0x00, 0x13, 0x00, 0x00, 0x00, 0x0A, 0x00, 0x00, 0x00
	.byte 0x0E, 0x00, 0x00, 0x00, 0x1E, 0x00, 0x00, 0x00, 0x02, 0x00, 0x00, 0x00, 0x13, 0x00, 0x00, 0x00
	.byte 0x0A, 0x00, 0x00, 0x00, 0x09, 0x00, 0x00, 0x00, 0x29, 0x00, 0x00, 0x00, 0x00, 0x00, 0x00, 0x00
	.byte 0x13, 0x00, 0x00, 0x00, 0x62, 0x00, 0x00, 0x00, 0x04, 0x00, 0x00, 0x00, 0x13, 0x00, 0x00, 0x00
	.byte 0x29, 0x00, 0x00, 0x00, 0x01, 0x00, 0x00, 0x00, 0x4D, 0x00, 0x00, 0x00, 0x0F, 0x00, 0x00, 0x00
	.byte 0x01, 0x00, 0x00, 0x00, 0x08, 0x00, 0x00, 0x00, 0xA5, 0x01, 0x00, 0x00, 0x09, 0x00, 0x00, 0x00
	.byte 0x01, 0x00, 0x00, 0x00, 0xFF, 0x00, 0x00, 0x00, 0xA1, 0x01, 0x00, 0x00, 0x1E, 0x00, 0x00, 0x00
	.byte 0x01, 0x00, 0x00, 0x00, 0x13, 0x00, 0x00, 0x00, 0x0A, 0x00, 0x00, 0x00, 0x9C, 0x01, 0x00, 0x00
	.byte 0x1E, 0x00, 0x00, 0x00, 0x03, 0x00, 0x00, 0x00, 0x13, 0x00, 0x00, 0x00, 0x0A, 0x00, 0x00, 0x00
	.byte 0x97, 0x01, 0x00, 0x00, 0x29, 0x00, 0x00, 0x00, 0x01, 0x00, 0x00, 0x00, 0x13, 0x00, 0x00, 0x00
	.byte 0x67, 0x00, 0x00, 0x00, 0x92, 0x01, 0x00, 0x00, 0x13, 0x00, 0x00, 0x00, 0x62, 0x00, 0x00, 0x00
	.byte 0x8F, 0x01, 0x00, 0x00, 0x13, 0x00, 0x00, 0x00, 0x29, 0x00, 0x00, 0x00, 0x8C, 0x01, 0x00, 0x00
	.byte 0x13, 0x00, 0x00, 0x00, 0x3E, 0x00, 0x00, 0x00, 0x89, 0x01, 0x00, 0x00, 0x04, 0x00, 0x00, 0x00
	.byte 0x03, 0x00, 0x00, 0x00, 0x4D, 0x00, 0x00, 0x00, 0x0F, 0x00, 0x00, 0x00, 0x00, 0x00, 0x00, 0x00
	.byte 0x08, 0x00, 0x00, 0x00, 0x82, 0x01, 0x00, 0x00, 0x09, 0x00, 0x00, 0x00, 0x00, 0x00, 0x00, 0x00
	.byte 0xFF, 0x00, 0x00, 0x00, 0x7E, 0x01, 0x00, 0x00, 0x29, 0x00, 0x00, 0x00, 0x00, 0x00, 0x00, 0x00
	.byte 0x13, 0x00, 0x00, 0x00, 0x07, 0x00, 0x00, 0x00, 0x79, 0x01, 0x00, 0x00, 0x4D, 0x00, 0x00, 0x00
	.byte 0x64, 0x00, 0x00, 0x00, 0x50, 0x00, 0x00, 0x00, 0xFF, 0xFF, 0xFF, 0xFF, 0x65, 0x00, 0x00, 0x00
	.byte 0xFF, 0xFF, 0xFF, 0xFF, 0x47, 0x00, 0x00, 0x00, 0xFF, 0xFF, 0xFF, 0xFF, 0x0A, 0x00, 0x00, 0x00
	.byte 0x01, 0x00, 0x00, 0x00, 0xFF, 0x00, 0x00, 0x00, 0x76, 0x01, 0x00, 0x00, 0x09, 0x00, 0x00, 0x00
	.byte 0x00, 0x00, 0x00, 0x00, 0xFF, 0x00, 0x00, 0x00, 0x72, 0x01, 0x00, 0x00, 0x0F, 0x00, 0x00, 0x00
	.byte 0x00, 0x00, 0x00, 0x00, 0x08, 0x00, 0x00, 0x00, 0x6E, 0x01, 0x00, 0x00, 0x09, 0x00, 0x00, 0x00
	.byte 0x01, 0x00, 0x00, 0x00, 0x88, 0x0F, 0x00, 0x00, 0x0A, 0x00, 0x00, 0x00, 0x09, 0x00, 0x00, 0x00
	.byte 0x01, 0x00, 0x00, 0x00, 0x10, 0x00, 0x00, 0x00, 0x28, 0x00, 0x00, 0x00, 0x09, 0x00, 0x00, 0x00
	.byte 0x01, 0x00, 0x00, 0x00, 0x40, 0x00, 0x00, 0x00, 0x38, 0x00, 0x00, 0x00, 0x4C, 0x00, 0x00, 0x00
	.byte 0x3B, 0x00, 0x00, 0x00, 0x29, 0x00, 0x00, 0x00, 0x01, 0x00, 0x00, 0x00, 0x13, 0x00, 0x00, 0x00
	.byte 0x5A, 0x00, 0x00, 0x00, 0x5B, 0x01, 0x00, 0x00, 0x1E, 0x00, 0x00, 0x00, 0x00, 0x00, 0x00, 0x00
	.byte 0x13, 0x00, 0x00, 0x00, 0x03, 0x00, 0x00, 0x00, 0x56, 0x01, 0x00, 0x00, 0x13, 0x00, 0x00, 0x00
	.byte 0x08, 0x00, 0x00, 0x00, 0x53, 0x01, 0x00, 0x00, 0x1E, 0x00, 0x00, 0x00, 0x02, 0x00, 0x00, 0x00
	.byte 0x13, 0x00, 0x00, 0x00, 0x03, 0x00, 0x00, 0x00, 0x4E, 0x01, 0x00, 0x00, 0x13, 0x00, 0x00, 0x00
	.byte 0x08, 0x00, 0x00, 0x00, 0x4B, 0x01, 0x00, 0x00, 0x29, 0x00, 0x00, 0x00, 0x00, 0x00, 0x00, 0x00
	.byte 0x13, 0x00, 0x00, 0x00, 0x11, 0x00, 0x00, 0x00, 0x46, 0x01, 0x00, 0x00, 0x13, 0x00, 0x00, 0x00
	.byte 0x5A, 0x00, 0x00, 0x00, 0x43, 0x01, 0x00, 0x00, 0x13, 0x00, 0x00, 0x00, 0x62, 0x00, 0x00, 0x00
	.byte 0x40, 0x01, 0x00, 0x00, 0x4C, 0x00, 0x00, 0x00, 0x19, 0x00, 0x00, 0x00, 0x1E, 0x00, 0x00, 0x00
	.byte 0x00, 0x00, 0x00, 0x00, 0x13, 0x00, 0x00, 0x00, 0x0A, 0x00, 0x00, 0x00, 0x39, 0x01, 0x00, 0x00
	.byte 0x1E, 0x00, 0x00, 0x00, 0x02, 0x00, 0x00, 0x00, 0x13, 0x00, 0x00, 0x00, 0x0A, 0x00, 0x00, 0x00
	.byte 0x34, 0x01, 0x00, 0x00, 0x29, 0x00, 0x00, 0x00, 0x00, 0x00, 0x00, 0x00, 0x13, 0x00, 0x00, 0x00
	.byte 0x62, 0x00, 0x00, 0x00, 0x2F, 0x01, 0x00, 0x00, 0x13, 0x00, 0x00, 0x00, 0x29, 0x00, 0x00, 0x00
	.byte 0x2C, 0x01, 0x00, 0x00, 0x4C, 0x00, 0x00, 0x00, 0x05, 0x00, 0x00, 0x00, 0x29, 0x00, 0x00, 0x00
	.byte 0x00, 0x00, 0x00, 0x00, 0x13, 0x00, 0x00, 0x00, 0x07, 0x00, 0x00, 0x00, 0x25, 0x01, 0x00, 0x00
	.byte 0x4D, 0x00, 0x00, 0x00, 0x0D, 0x00, 0x00, 0x00, 0x00, 0x00, 0x00, 0x00, 0x00, 0x00, 0x00, 0x02
	.byte 0x20, 0x01, 0x00, 0x00, 0x4D, 0x00, 0x00, 0x00, 0x0D, 0x00, 0x00, 0x00, 0x01, 0x00, 0x00, 0x00
	.byte 0x00, 0x00, 0x80, 0x00, 0x1B, 0x01, 0x00, 0x00, 0x4D, 0x00, 0x00, 0x00, 0x0D, 0x00, 0x00, 0x00
	.byte 0x00, 0x00, 0x00, 0x00, 0x00, 0x00, 0x20, 0x00, 0x16, 0x01, 0x00, 0x00, 0x29, 0x00, 0x00, 0x00
	.byte 0x00, 0x00, 0x00, 0x00, 0x13, 0x00, 0x00, 0x00, 0x79, 0x00, 0x00, 0x00, 0x11, 0x01, 0x00, 0x00
	.byte 0x13, 0x00, 0x00, 0x00, 0x36, 0x00, 0x00, 0x00, 0x0E, 0x01, 0x00, 0x00, 0x13, 0x00, 0x00, 0x00
	.byte 0x70, 0x00, 0x00, 0x00, 0x0B, 0x01, 0x00, 0x00, 0x13, 0x00, 0x00, 0x00, 0x01, 0x00, 0x00, 0x00
	.byte 0x08, 0x01, 0x00, 0x00, 0x13, 0x00, 0x00, 0x00, 0x32, 0x00, 0x00, 0x00, 0x05, 0x01, 0x00, 0x00
	.byte 0x13, 0x00, 0x00, 0x00, 0x35, 0x00, 0x00, 0x00, 0x02, 0x01, 0x00, 0x00, 0x13, 0x00, 0x00, 0x00
	.byte 0x76, 0x00, 0x00, 0x00, 0xFF, 0x00, 0x00, 0x00, 0x4D, 0x00, 0x00, 0x00, 0x0F, 0x00, 0x00, 0x00
	.byte 0x01, 0x00, 0x00, 0x00, 0x00, 0x70, 0x00, 0x00, 0xFA, 0x00, 0x00, 0x00, 0x4D, 0x00, 0x00, 0x00
	.byte 0x1D, 0x00, 0x00, 0x00, 0x14, 0x00, 0x00, 0x00, 0x00, 0x00, 0x00, 0x00, 0x03, 0x00, 0x00, 0x00
	.byte 0x24, 0x00, 0x00, 0x00, 0x00, 0x00, 0x00, 0x00, 0xF2, 0x00, 0x00, 0x00, 0x4D, 0x00, 0x00, 0x00
	.byte 0x65, 0x00, 0x00, 0x00, 0x00, 0x00, 0x00, 0x00, 0x01, 0x00, 0x00, 0x00, 0x11, 0x00, 0x00, 0x00
	.byte 0x01, 0x00, 0x00, 0x00, 0x02, 0x00, 0x00, 0x00, 0x4C, 0x00, 0x00, 0x00, 0x06, 0x00, 0x00, 0x00
	.byte 0x65, 0x00, 0x00, 0x00, 0x00, 0x00, 0x00, 0x00, 0x04, 0x00, 0x00, 0x00, 0x11, 0x00, 0x00, 0x00
	.byte 0x01, 0x00, 0x00, 0x00, 0xE3, 0x00, 0x00, 0x00, 0x4D, 0x00, 0x00, 0x00, 0x65, 0x00, 0x00, 0x00
	.byte 0x00, 0x00, 0x00, 0x00, 0x02, 0x00, 0x00, 0x00, 0x11, 0x00, 0x00, 0x00, 0x01, 0x00, 0x00, 0x00
	.byte 0x02, 0x00, 0x00, 0x00, 0x4C, 0x00, 0x00, 0x00, 0x06, 0x00, 0x00, 0x00, 0x65, 0x00, 0x00, 0x00
	.byte 0x00, 0x00, 0x00, 0x00, 0x05, 0x00, 0x00, 0x00, 0x11, 0x00, 0x00, 0x00, 0x01, 0x00, 0x00, 0x00
	.byte 0xD4, 0x00, 0x00, 0x00, 0x4D, 0x00, 0x00, 0x00, 0x5C, 0x00, 0x00, 0x00, 0x01, 0x00, 0x00, 0x00
	.byte 0x02, 0x00, 0x00, 0x00, 0x04, 0x00, 0x00, 0x00, 0xF6, 0xFF, 0xFF, 0xFF, 0x4D, 0x00, 0x00, 0x00
	.byte 0x29, 0x00, 0x00, 0x00, 0x00, 0x00, 0x00, 0x00, 0x13, 0x00, 0x00, 0x00, 0x36, 0x00, 0x00, 0x00
	.byte 0xC8, 0x00, 0x00, 0x00, 0x13, 0x00, 0x00, 0x00, 0x0F, 0x00, 0x00, 0x00, 0xC5, 0x00, 0x00, 0x00
	.byte 0x13, 0x00, 0x00, 0x00, 0x48, 0x00, 0x00, 0x00, 0xC2, 0x00, 0x00, 0x00, 0x13, 0x00, 0x00, 0x00
	.byte 0x79, 0x00, 0x00, 0x00, 0xBF, 0x00, 0x00, 0x00, 0x0A, 0x00, 0x00, 0x00, 0x00, 0x00, 0x00, 0x00
	.byte 0x07, 0x00, 0x00, 0x00, 0x0A, 0x00, 0x00, 0x00, 0x37, 0x00, 0x00, 0x00, 0x00, 0x00, 0x00, 0x00
	.byte 0xD6, 0x00, 0x00, 0x00, 0x06, 0x00, 0x00, 0x00, 0x37, 0x00, 0x00, 0x00, 0x00, 0x00, 0x00, 0x00
	.byte 0xAD, 0x00, 0x00, 0x00, 0x02, 0x00, 0x00, 0x00, 0x04, 0x00, 0x00, 0x00, 0xF6, 0xFF, 0xFF, 0xFF
	.byte 0x4D, 0x00, 0x00, 0x00, 0x57, 0x00, 0x00, 0x00, 0x00, 0x00, 0x00, 0x00, 0x00, 0x04, 0x00, 0x00
	.byte 0x13, 0x00, 0x00, 0x00, 0x02, 0x00, 0x00, 0x00, 0xAA, 0x00, 0x00, 0x00, 0x26, 0x00, 0x00, 0x00
	.byte 0x00, 0x00, 0x00, 0x00, 0x13, 0x00, 0x00, 0x00, 0x00, 0x00, 0x00, 0x00, 0xA5, 0x00, 0x00, 0x00
	.byte 0x4D, 0x00, 0x00, 0x00, 0x4D, 0x00, 0x00, 0x00, 0x0D, 0x00, 0x00, 0x00, 0x01, 0x00, 0x00, 0x00
	.byte 0x00, 0x00, 0x00, 0x01, 0x9F, 0x00, 0x00, 0x00, 0x4D, 0x00, 0x00, 0x00, 0x0D, 0x00, 0x00, 0x00
	.byte 0x01, 0x00, 0x00, 0x00, 0x00, 0x00, 0x00, 0x08, 0x9A, 0x00, 0x00, 0x00, 0x29, 0x00, 0x00, 0x00
	.byte 0x01, 0x00, 0x00, 0x00, 0x13, 0x00, 0x00, 0x00, 0x1A, 0x00, 0x00, 0x00, 0x95, 0x00, 0x00, 0x00
	.byte 0x1E, 0x00, 0x00, 0x00, 0x01, 0x00, 0x00, 0x00, 0x13, 0x00, 0x00, 0x00, 0x02, 0x00, 0x00, 0x00
	.byte 0x90, 0x00, 0x00, 0x00, 0x1E, 0x00, 0x00, 0x00, 0x03, 0x00, 0x00, 0x00, 0x13, 0x00, 0x00, 0x00
	.byte 0x02, 0x00, 0x00, 0x00, 0x8B, 0x00, 0x00, 0x00, 0x4D, 0x00, 0x00, 0x00, 0x34, 0x00, 0x00, 0x00
	.byte 0x00, 0x00, 0x00, 0x00, 0x07, 0x00, 0x00, 0x00, 0x00, 0x00, 0x00, 0x00, 0x1F, 0x00, 0x00, 0x00
	.byte 0x0F, 0x00, 0x00, 0x00, 0x00, 0x00, 0x00, 0x00, 0x02, 0x00, 0x00, 0x00, 0x1B, 0x00, 0x00, 0x00
	.byte 0x0F, 0x00, 0x00, 0x00, 0x00, 0x00, 0x00, 0x00, 0x01, 0x00, 0x00, 0x00, 0x17, 0x00, 0x00, 0x00
	.byte 0x2E, 0x00, 0x00, 0x00, 0x13, 0x00, 0x00, 0x00, 0x05, 0x00, 0x00, 0x00, 0x13, 0x00, 0x00, 0x00
	.byte 0x26, 0x00, 0x00, 0x00, 0x00, 0x00, 0x00, 0x00, 0x13, 0x00, 0x00, 0x00, 0x00, 0x00, 0x00, 0x00
	.byte 0x74, 0x00, 0x00, 0x00, 0x0F, 0x00, 0x00, 0x00, 0x00, 0x00, 0x00, 0x00, 0x04, 0x00, 0x00, 0x00
	.byte 0x0A, 0x00, 0x00, 0x00, 0x0F, 0x00, 0x00, 0x00, 0x00, 0x00, 0x00, 0x00, 0x80, 0x00, 0x00, 0x00
	.byte 0x06, 0x00, 0x00, 0x00, 0x0F, 0x00, 0x00, 0x00, 0x00, 0x00, 0x00, 0x00, 0x00, 0x04, 0x00, 0x00
	.byte 0x02, 0x00, 0x00, 0x00, 0x4C, 0x00, 0x00, 0x00, 0x66, 0x00, 0x00, 0x00, 0x4D, 0x00, 0x00, 0x00
	.byte 0x24, 0x00, 0x00, 0x00, 0x00, 0x00, 0x00, 0x00, 0x62, 0x00, 0x00, 0x00, 0x24, 0x00, 0x00, 0x00
	.byte 0x02, 0x00, 0x00, 0x00, 0x5F, 0x00, 0x00, 0x00, 0x4D, 0x00, 0x00, 0x00, 0x29, 0x00, 0x00, 0x00
	.byte 0x01, 0x00, 0x00, 0x00, 0x13, 0x00, 0x00, 0x00, 0x68, 0x00, 0x00, 0x00, 0x0B, 0x00, 0x00, 0x00
	.byte 0x29, 0x00, 0x00, 0x00, 0x00, 0x00, 0x00, 0x00, 0x13, 0x00, 0x00, 0x00, 0x0C, 0x00, 0x00, 0x00
	.byte 0x54, 0x00, 0x00, 0x00, 0x13, 0x00, 0x00, 0x00, 0x1D, 0x00, 0x00, 0x00, 0x51, 0x00, 0x00, 0x00
	.byte 0x13, 0x00, 0x00, 0x00, 0x49, 0x00, 0x00, 0x00, 0x4E, 0x00, 0x00, 0x00, 0x42, 0x00, 0x00, 0x00
	.byte 0x01, 0x00, 0x00, 0x00, 0x13, 0x00, 0x00, 0x00, 0x00, 0x00, 0x00, 0x00, 0x05, 0x00, 0x00, 0x00
	.byte 0x13, 0x00, 0x00, 0x00, 0x01, 0x00, 0x00, 0x00, 0x09, 0x00, 0x00, 0x00, 0x4C, 0x00, 0x00, 0x00
	.byte 0x44, 0x00, 0x00, 0x00, 0x42, 0x00, 0x00, 0x00, 0x00, 0x00, 0x00, 0x00, 0x13, 0x00, 0x00, 0x00
	.byte 0x01, 0x00, 0x00, 0x00, 0x09, 0x00, 0x00, 0x00, 0x4C, 0x00, 0x00, 0x00, 0x3D, 0x00, 0x00, 0x00
	.byte 0x42, 0x00, 0x00, 0x00, 0x00, 0x00, 0x00, 0x00, 0x13, 0x00, 0x00, 0x00, 0x00, 0x00, 0x00, 0x00
	.byte 0x02, 0x00, 0x00, 0x00, 0x4C, 0x00, 0x00, 0x00, 0x36, 0x00, 0x00, 0x00, 0x31, 0x00, 0x00, 0x00
	.byte 0x00, 0x00, 0x00, 0x00, 0x04, 0x00, 0x00, 0x00, 0x01, 0x00, 0x00, 0x00, 0x31, 0x00, 0x00, 0x00
	.byte 0x4D, 0x00, 0x00, 0x00, 0x0F, 0x00, 0x00, 0x00, 0x00, 0x00, 0x00, 0x00, 0x80, 0x00, 0x00, 0x00
	.byte 0x2C, 0x00, 0x00, 0x00, 0x26, 0x00, 0x00, 0x00, 0x00, 0x00, 0x00, 0x00, 0x13, 0x00, 0x00, 0x00
	.byte 0x00, 0x00, 0x00, 0x00, 0x27, 0x00, 0x00, 0x00, 0x4D, 0x00, 0x00, 0x00, 0x04, 0x00, 0x00, 0x00
	.byte 0xEC, 0xFF, 0xFF, 0xFF, 0x26, 0x00, 0x00, 0x00, 0x01, 0x00, 0x00, 0x00, 0x13, 0x00, 0x00, 0x00
	.byte 0x00, 0x00, 0x00, 0x00, 0x1F, 0x00, 0x00, 0x00, 0x58, 0x00, 0x00, 0x00, 0x01, 0x00, 0x00, 0x00
	.byte 0x09, 0x00, 0x00, 0x00, 0x2C, 0x00, 0x00, 0x00, 0x01, 0x00, 0x00, 0x00, 0xFF, 0x00, 0x00, 0x00
	.byte 0x05, 0x00, 0x00, 0x00, 0x59, 0x00, 0x00, 0x00, 0x01, 0x00, 0x00, 0x00, 0x02, 0x00, 0x00, 0x00
	.byte 0x4C, 0x00, 0x00, 0x00, 0x13, 0x00, 0x00, 0x00, 0x4D, 0x00, 0x00, 0x00, 0x04, 0x00, 0x00, 0x00
	.byte 0xFF, 0xFF, 0xFF, 0xFF, 0x4D, 0x00, 0x00, 0x00, 0x04, 0x00, 0x00, 0x00, 0xFE, 0xFF, 0xFF, 0xFF
	.byte 0x4D, 0x00, 0x00, 0x00, 0x04, 0x00, 0x00, 0x00, 0xFD, 0xFF, 0xFF, 0xFF, 0x4D, 0x00, 0x00, 0x00
	.byte 0x04, 0x00, 0x00, 0x00, 0xFB, 0xFF, 0xFF, 0xFF, 0x4D, 0x00, 0x00, 0x00, 0x04, 0x00, 0x00, 0x00
	.byte 0xFA, 0xFF, 0xFF, 0xFF, 0x4D, 0x00, 0x00, 0x00, 0x04, 0x00, 0x00, 0x00, 0xF8, 0xFF, 0xFF, 0xFF
	.byte 0x4D, 0x00, 0x00, 0x00, 0x04, 0x00, 0x00, 0x00, 0xF6, 0xFF, 0xFF, 0xFF, 0x4D, 0x00, 0x00, 0x00
	.byte 0x04, 0x00, 0x00, 0x00, 0xF4, 0xFF, 0xFF, 0xFF, 0x4D, 0x00, 0x00, 0x00, 0x04, 0x00, 0x00, 0x00
	.byte 0xE2, 0xFF, 0xFF, 0xFF, 0x4D, 0x00, 0x00, 0x00, 0x04, 0x00, 0x00, 0x00, 0x01, 0x00, 0x00, 0x00
	.byte 0x4D, 0x00, 0x00, 0x00, 0x04, 0x00, 0x00, 0x00, 0x02, 0x00, 0x00, 0x00, 0x4D, 0x00, 0x00, 0x00
	.byte 0x04, 0x00, 0x00, 0x00, 0x03, 0x00, 0x00, 0x00, 0x4D, 0x00, 0x00, 0x00, 0x04, 0x00, 0x00, 0x00
	.byte 0x05, 0x00, 0x00, 0x00, 0x4D, 0x00, 0x00, 0x00, 0x04, 0x00, 0x00, 0x00, 0x0A, 0x00, 0x00, 0x00
	.byte 0x4D, 0x00, 0x00, 0x00, 0x51, 0x00, 0x00, 0x00, 0x7A, 0x1F, 0x00, 0x00, 0x2F, 0x00, 0x00, 0x00
	.byte 0x01, 0x00, 0x00, 0x00, 0x14, 0x02, 0x00, 0x00, 0x2F, 0x00, 0x00, 0x00, 0x03, 0x00, 0x00, 0x00
	.byte 0x21, 0x02, 0x00, 0x00, 0x2F, 0x00, 0x00, 0x00, 0x07, 0x00, 0x00, 0x00, 0x2F, 0x02, 0x00, 0x00
	.byte 0x2F, 0x00, 0x00, 0x00, 0x08, 0x00, 0x00, 0x00, 0x63, 0x02, 0x00, 0x00, 0x2F, 0x00, 0x00, 0x00
	.byte 0x09, 0x00, 0x00, 0x00, 0x79, 0x02, 0x00, 0x00, 0x2F, 0x00, 0x00, 0x00, 0x0A, 0x00, 0x00, 0x00
	.byte 0xC0, 0x02, 0x00, 0x00, 0x2F, 0x00, 0x00, 0x00, 0x0B, 0x00, 0x00, 0x00, 0xE0, 0x02, 0x00, 0x00
	.byte 0x2F, 0x00, 0x00, 0x00, 0x0C, 0x00, 0x00, 0x00, 0x1A, 0x03, 0x00, 0x00, 0x2F, 0x00, 0x00, 0x00
	.byte 0x0D, 0x00, 0x00, 0x00, 0x24, 0x03, 0x00, 0x00, 0x2F, 0x00, 0x00, 0x00, 0x0E, 0x00, 0x00, 0x00
	.byte 0x44, 0x03, 0x00, 0x00, 0x2F, 0x00, 0x00, 0x00, 0x0F, 0x00, 0x00, 0x00, 0x7E, 0x03, 0x00, 0x00
	.byte 0x2F, 0x00, 0x00, 0x00, 0x10, 0x00, 0x00, 0x00, 0x8C, 0x03, 0x00, 0x00, 0x2F, 0x00, 0x00, 0x00
	.byte 0x11, 0x00, 0x00, 0x00, 0xEB, 0x03, 0x00, 0x00, 0x2F, 0x00, 0x00, 0x00, 0x12, 0x00, 0x00, 0x00
	.byte 0x06, 0x04, 0x00, 0x00, 0x2F, 0x00, 0x00, 0x00, 0x13, 0x00, 0x00, 0x00, 0x31, 0x04, 0x00, 0x00
	.byte 0x2F, 0x00, 0x00, 0x00, 0x14, 0x00, 0x00, 0x00, 0x57, 0x04, 0x00, 0x00, 0x2F, 0x00, 0x00, 0x00
	.byte 0x15, 0x00, 0x00, 0x00, 0x61, 0x04, 0x00, 0x00, 0x2F, 0x00, 0x00, 0x00, 0x16, 0x00, 0x00, 0x00
	.byte 0x8E, 0x04, 0x00, 0x00, 0x2F, 0x00, 0x00, 0x00, 0x17, 0x00, 0x00, 0x00, 0xA0, 0x04, 0x00, 0x00
	.byte 0x2F, 0x00, 0x00, 0x00, 0x18, 0x00, 0x00, 0x00, 0xFA, 0x04, 0x00, 0x00, 0x2F, 0x00, 0x00, 0x00
	.byte 0x19, 0x00, 0x00, 0x00, 0x0C, 0x05, 0x00, 0x00, 0x2F, 0x00, 0x00, 0x00, 0x1A, 0x00, 0x00, 0x00
	.byte 0x81, 0x05, 0x00, 0x00, 0x2F, 0x00, 0x00, 0x00, 0x1C, 0x00, 0x00, 0x00, 0x85, 0x05, 0x00, 0x00
	.byte 0x2F, 0x00, 0x00, 0x00, 0x1E, 0x00, 0x00, 0x00, 0xBB, 0x05, 0x00, 0x00, 0x2F, 0x00, 0x00, 0x00
	.byte 0x20, 0x00, 0x00, 0x00, 0xD4, 0x05, 0x00, 0x00, 0x2F, 0x00, 0x00, 0x00, 0x21, 0x00, 0x00, 0x00
	.byte 0x03, 0x06, 0x00, 0x00, 0x2F, 0x00, 0x00, 0x00, 0x23, 0x00, 0x00, 0x00, 0x24, 0x06, 0x00, 0x00
	.byte 0x2F, 0x00, 0x00, 0x00, 0x25, 0x00, 0x00, 0x00, 0x45, 0x06, 0x00, 0x00, 0x2F, 0x00, 0x00, 0x00
	.byte 0x26, 0x00, 0x00, 0x00, 0x78, 0x06, 0x00, 0x00, 0x2F, 0x00, 0x00, 0x00, 0x27, 0x00, 0x00, 0x00
	.byte 0xAC, 0x0B, 0x00, 0x00, 0x2F, 0x00, 0x00, 0x00, 0x28, 0x00, 0x00, 0x00, 0x78, 0x06, 0x00, 0x00
	.byte 0x2F, 0x00, 0x00, 0x00, 0x2A, 0x00, 0x00, 0x00, 0x7C, 0x06, 0x00, 0x00, 0x2F, 0x00, 0x00, 0x00
	.byte 0x2B, 0x00, 0x00, 0x00, 0x91, 0x06, 0x00, 0x00, 0x2F, 0x00, 0x00, 0x00, 0x30, 0x00, 0x00, 0x00
	.byte 0xFC, 0x15, 0x00, 0x00, 0x2F, 0x00, 0x00, 0x00, 0x31, 0x00, 0x00, 0x00, 0xAC, 0x06, 0x00, 0x00
	.byte 0x2F, 0x00, 0x00, 0x00, 0x32, 0x00, 0x00, 0x00, 0x66, 0x02, 0x00, 0x00, 0x2F, 0x00, 0x00, 0x00
	.byte 0x33, 0x00, 0x00, 0x00, 0x86, 0x02, 0x00, 0x00, 0x2F, 0x00, 0x00, 0x00, 0x34, 0x00, 0x00, 0x00
	.byte 0xC0, 0x02, 0x00, 0x00, 0x2F, 0x00, 0x00, 0x00, 0x35, 0x00, 0x00, 0x00, 0xCA, 0x02, 0x00, 0x00
	.byte 0x2F, 0x00, 0x00, 0x00, 0x36, 0x00, 0x00, 0x00, 0xEA, 0x02, 0x00, 0x00, 0x2F, 0x00, 0x00, 0x00
	.byte 0x37, 0x00, 0x00, 0x00, 0x24, 0x03, 0x00, 0x00, 0x2F, 0x00, 0x00, 0x00, 0x38, 0x00, 0x00, 0x00
	.byte 0x32, 0x03, 0x00, 0x00, 0x2F, 0x00, 0x00, 0x00, 0x3A, 0x00, 0x00, 0x00, 0xAF, 0x03, 0x00, 0x00
	.byte 0x2F, 0x00, 0x00, 0x00, 0x3B, 0x00, 0x00, 0x00, 0xDA, 0x03, 0x00, 0x00, 0x2F, 0x00, 0x00, 0x00
	.byte 0x3C, 0x00, 0x00, 0x00, 0x00, 0x04, 0x00, 0x00, 0x2F, 0x00, 0x00, 0x00, 0x3D, 0x00, 0x00, 0x00
	.byte 0x0A, 0x04, 0x00, 0x00, 0x2F, 0x00, 0x00, 0x00, 0x3E, 0x00, 0x00, 0x00, 0x37, 0x04, 0x00, 0x00
	.byte 0x2F, 0x00, 0x00, 0x00, 0x3F, 0x00, 0x00, 0x00, 0x49, 0x04, 0x00, 0x00, 0x2F, 0x00, 0x00, 0x00
	.byte 0x40, 0x00, 0x00, 0x00, 0xA3, 0x04, 0x00, 0x00, 0x2F, 0x00, 0x00, 0x00, 0x41, 0x00, 0x00, 0x00
	.byte 0xA7, 0x06, 0x00, 0x00, 0x2F, 0x00, 0x00, 0x00, 0x42, 0x00, 0x00, 0x00, 0xC9, 0x06, 0x00, 0x00
	.byte 0x2F, 0x00, 0x00, 0x00, 0x43, 0x00, 0x00, 0x00, 0xD1, 0x06, 0x00, 0x00, 0x2F, 0x00, 0x00, 0x00
	.byte 0x76, 0x00, 0x00, 0x00, 0x6D, 0x06, 0x00, 0x00, 0x2F, 0x00, 0x00, 0x00, 0x46, 0x00, 0x00, 0x00
	.byte 0xD1, 0x03, 0x00, 0x00, 0x2F, 0x00, 0x00, 0x00, 0x4B, 0x00, 0x00, 0x00, 0x61, 0x0B, 0x00, 0x00
	.byte 0x2F, 0x00, 0x00, 0x00, 0x4E, 0x00, 0x00, 0x00, 0xD6, 0x06, 0x00, 0x00, 0x2F, 0x00, 0x00, 0x00
	.byte 0x4F, 0x00, 0x00, 0x00, 0xE7, 0x06, 0x00, 0x00, 0x2F, 0x00, 0x00, 0x00, 0x50, 0x00, 0x00, 0x00
	.byte 0x3B, 0x07, 0x00, 0x00, 0x2F, 0x00, 0x00, 0x00, 0x54, 0x00, 0x00, 0x00, 0xA0, 0x05, 0x00, 0x00
	.byte 0x2F, 0x00, 0x00, 0x00, 0x56, 0x00, 0x00, 0x00, 0x5A, 0x07, 0x00, 0x00, 0x2F, 0x00, 0x00, 0x00
	.byte 0x59, 0x00, 0x00, 0x00, 0x6A, 0x07, 0x00, 0x00, 0x2F, 0x00, 0x00, 0x00, 0x5A, 0x00, 0x00, 0x00
	.byte 0xC8, 0x07, 0x00, 0x00, 0x2F, 0x00, 0x00, 0x00, 0x5B, 0x00, 0x00, 0x00, 0x2F, 0x08, 0x00, 0x00
	.byte 0x2F, 0x00, 0x00, 0x00, 0x5C, 0x00, 0x00, 0x00, 0x46, 0x08, 0x00, 0x00, 0x2F, 0x00, 0x00, 0x00
	.byte 0x5E, 0x00, 0x00, 0x00, 0x46, 0x08, 0x00, 0x00, 0x2F, 0x00, 0x00, 0x00, 0x61, 0x00, 0x00, 0x00
	.byte 0x49, 0x08, 0x00, 0x00, 0x2F, 0x00, 0x00, 0x00, 0x62, 0x00, 0x00, 0x00, 0x4D, 0x08, 0x00, 0x00
	.byte 0x2F, 0x00, 0x00, 0x00, 0x63, 0x00, 0x00, 0x00, 0x6B, 0x08, 0x00, 0x00, 0x2F, 0x00, 0x00, 0x00
	.byte 0x66, 0x00, 0x00, 0x00, 0x8F, 0x08, 0x00, 0x00, 0x2F, 0x00, 0x00, 0x00, 0x69, 0x00, 0x00, 0x00
	.byte 0x97, 0x08, 0x00, 0x00, 0x2F, 0x00, 0x00, 0x00, 0x6A, 0x00, 0x00, 0x00, 0x07, 0x06, 0x00, 0x00
	.byte 0x2F, 0x00, 0x00, 0x00, 0x6C, 0x00, 0x00, 0x00, 0xD8, 0x02, 0x00, 0x00, 0x2F, 0x00, 0x00, 0x00
	.byte 0x6D, 0x00, 0x00, 0x00, 0xB7, 0x08, 0x00, 0x00, 0x2F, 0x00, 0x00, 0x00, 0x6F, 0x00, 0x00, 0x00
	.byte 0xF4, 0x08, 0x00, 0x00, 0x2F, 0x00, 0x00, 0x00, 0x70, 0x00, 0x00, 0x00, 0x66, 0x09, 0x00, 0x00
	.byte 0x2F, 0x00, 0x00, 0x00, 0x71, 0x00, 0x00, 0x00, 0x78, 0x09, 0x00, 0x00, 0x2F, 0x00, 0x00, 0x00
	.byte 0x74, 0x00, 0x00, 0x00, 0x91, 0x09, 0x00, 0x00, 0x2F, 0x00, 0x00, 0x00, 0x7F, 0x00, 0x00, 0x00
	.byte 0xA0, 0x09, 0x00, 0x00, 0x2F, 0x00, 0x00, 0x00, 0x80, 0x00, 0x00, 0x00, 0xF7, 0x09, 0x00, 0x00
	.byte 0x2F, 0x00, 0x00, 0x00, 0x84, 0x00, 0x00, 0x00, 0x21, 0x05, 0x00, 0x00, 0x2F, 0x00, 0x00, 0x00
	.byte 0x85, 0x00, 0x00, 0x00, 0x1E, 0x05, 0x00, 0x00, 0x2F, 0x00, 0x00, 0x00, 0x86, 0x00, 0x00, 0x00
	.byte 0x1B, 0x05, 0x00, 0x00, 0x2F, 0x00, 0x00, 0x00, 0x88, 0x00, 0x00, 0x00, 0x15, 0x0A, 0x00, 0x00
	.byte 0x2F, 0x00, 0x00, 0x00, 0x89, 0x00, 0x00, 0x00, 0x3D, 0x0A, 0x00, 0x00, 0x2F, 0x00, 0x00, 0x00
	.byte 0x8E, 0x00, 0x00, 0x00, 0x5D, 0x0A, 0x00, 0x00, 0x2F, 0x00, 0x00, 0x00, 0x8F, 0x00, 0x00, 0x00
	.byte 0x63, 0x0A, 0x00, 0x00, 0x2F, 0x00, 0x00, 0x00, 0x90, 0x00, 0x00, 0x00, 0xA1, 0x0A, 0x00, 0x00
	.byte 0x2F, 0x00, 0x00, 0x00, 0x91, 0x00, 0x00, 0x00, 0xFE, 0x0A, 0x00, 0x00, 0x2F, 0x00, 0x00, 0x00
	.byte 0x97, 0x00, 0x00, 0x00, 0xFB, 0x0A, 0x00, 0x00, 0x2F, 0x00, 0x00, 0x00, 0x97, 0x00, 0x00, 0x00
	.byte 0x27, 0x0B, 0x00, 0x00, 0x2F, 0x00, 0x00, 0x00, 0x9B, 0x00, 0x00, 0x00, 0x3E, 0x0B, 0x00, 0x00
	.byte 0x2F, 0x00, 0x00, 0x00, 0x9D, 0x00, 0x00, 0x00, 0x0B, 0x05, 0x00, 0x00, 0x2F, 0x00, 0x00, 0x00
	.byte 0x9E, 0x00, 0x00, 0x00, 0x9C, 0x0B, 0x00, 0x00, 0x2F, 0x00, 0x00, 0x00, 0xA1, 0x00, 0x00, 0x00
	.byte 0x9C, 0x0B, 0x00, 0x00, 0x2F, 0x00, 0x00, 0x00, 0xA2, 0x00, 0x00, 0x00, 0x02, 0x05, 0x00, 0x00
	.byte 0x2F, 0x00, 0x00, 0x00, 0xA4, 0x00, 0x00, 0x00, 0xA1, 0x0B, 0x00, 0x00, 0x2F, 0x00, 0x00, 0x00
	.byte 0xA6, 0x00, 0x00, 0x00, 0xED, 0x05, 0x00, 0x00, 0x2F, 0x00, 0x00, 0x00, 0xA8, 0x00, 0x00, 0x00
	.byte 0x12, 0x01, 0x00, 0x00, 0x2F, 0x00, 0x00, 0x00, 0xA9, 0x00, 0x00, 0x00, 0xBC, 0x0B, 0x00, 0x00
	.byte 0x2F, 0x00, 0x00, 0x00, 0xAA, 0x00, 0x00, 0x00, 0xC0, 0x0B, 0x00, 0x00, 0x2F, 0x00, 0x00, 0x00
	.byte 0xAB, 0x00, 0x00, 0x00, 0xEC, 0x0B, 0x00, 0x00, 0x2F, 0x00, 0x00, 0x00, 0xB1, 0x00, 0x00, 0x00
	.byte 0xF2, 0x0B, 0x00, 0x00, 0x2F, 0x00, 0x00, 0x00, 0xB2, 0x00, 0x00, 0x00, 0x21, 0x0D, 0x00, 0x00
	.byte 0x2F, 0x00, 0x00, 0x00, 0xB5, 0x00, 0x00, 0x00, 0x4C, 0x0D, 0x00, 0x00, 0x2F, 0x00, 0x00, 0x00
	.byte 0xB6, 0x00, 0x00, 0x00, 0x4A, 0x0D, 0x00, 0x00, 0x2F, 0x00, 0x00, 0x00, 0xB7, 0x00, 0x00, 0x00
	.byte 0x65, 0x0D, 0x00, 0x00, 0x2F, 0x00, 0x00, 0x00, 0xB8, 0x00, 0x00, 0x00, 0x80, 0x0D, 0x00, 0x00
	.byte 0x2F, 0x00, 0x00, 0x00, 0xB9, 0x00, 0x00, 0x00, 0x90, 0x0D, 0x00, 0x00, 0x2F, 0x00, 0x00, 0x00
	.byte 0xBA, 0x00, 0x00, 0x00, 0xA3, 0x0D, 0x00, 0x00, 0x2F, 0x00, 0x00, 0x00, 0xBC, 0x00, 0x00, 0x00
	.byte 0xAD, 0x0D, 0x00, 0x00, 0x2F, 0x00, 0x00, 0x00, 0xBD, 0x00, 0x00, 0x00, 0xB9, 0x0D, 0x00, 0x00
	.byte 0x2F, 0x00, 0x00, 0x00, 0xBE, 0x00, 0x00, 0x00, 0xD0, 0x0D, 0x00, 0x00, 0x2F, 0x00, 0x00, 0x00
	.byte 0xBF, 0x00, 0x00, 0x00, 0x03, 0x0D, 0x00, 0x00, 0x2F, 0x00, 0x00, 0x00, 0xC0, 0x00, 0x00, 0x00
	.byte 0xE3, 0x0D, 0x00, 0x00, 0x2F, 0x00, 0x00, 0x00, 0xC1, 0x00, 0x00, 0x00, 0xEB, 0x0D, 0x00, 0x00
	.byte 0x2F, 0x00, 0x00, 0x00, 0xC3, 0x00, 0x00, 0x00, 0xF1, 0x0D, 0x00, 0x00, 0x2F, 0x00, 0x00, 0x00
	.byte 0xC6, 0x00, 0x00, 0x00, 0x03, 0x15, 0x00, 0x00, 0x2F, 0x00, 0x00, 0x00, 0xC8, 0x00, 0x00, 0x00
	.byte 0x92, 0x05, 0x00, 0x00, 0x2F, 0x00, 0x00, 0x00, 0xC9, 0x00, 0x00, 0x00, 0x22, 0x0E, 0x00, 0x00
	.byte 0x2F, 0x00, 0x00, 0x00, 0xCC, 0x00, 0x00, 0x00, 0x36, 0x0E, 0x00, 0x00, 0x2F, 0x00, 0x00, 0x00
	.byte 0xCD, 0x00, 0x00, 0x00, 0xF3, 0x02, 0x00, 0x00, 0x2F, 0x00, 0x00, 0x00, 0xCE, 0x00, 0x00, 0x00
	.byte 0xF4, 0x01, 0x00, 0x00, 0x2F, 0x00, 0x00, 0x00, 0xD0, 0x00, 0x00, 0x00, 0x84, 0x01, 0x00, 0x00
	.byte 0x2F, 0x00, 0x00, 0x00, 0xD1, 0x00, 0x00, 0x00, 0x80, 0x05, 0x00, 0x00, 0x2F, 0x00, 0x00, 0x00
	.byte 0xD2, 0x00, 0x00, 0x00, 0x40, 0x0E, 0x00, 0x00, 0x2F, 0x00, 0x00, 0x00, 0xD3, 0x00, 0x00, 0x00
	.byte 0xE8, 0x01, 0x00, 0x00, 0x2F, 0x00, 0x00, 0x00, 0xD4, 0x00, 0x00, 0x00, 0x51, 0x0E, 0x00, 0x00
	.byte 0x2F, 0x00, 0x00, 0x00, 0xD6, 0x00, 0x00, 0x00, 0x9F, 0x04, 0x00, 0x00, 0x2F, 0x00, 0x00, 0x00
	.byte 0xD7, 0x00, 0x00, 0x00, 0x5F, 0x0E, 0x00, 0x00, 0x2F, 0x00, 0x00, 0x00, 0xD8, 0x00, 0x00, 0x00
	.byte 0x7E, 0x0E, 0x00, 0x00, 0x2F, 0x00, 0x00, 0x00, 0xD9, 0x00, 0x00, 0x00, 0x96, 0x0E, 0x00, 0x00
	.byte 0x2F, 0x00, 0x00, 0x00, 0xDA, 0x00, 0x00, 0x00, 0xA9, 0x0E, 0x00, 0x00, 0x2F, 0x00, 0x00, 0x00
	.byte 0xDB, 0x00, 0x00, 0x00, 0xBA, 0x0E, 0x00, 0x00, 0x2F, 0x00, 0x00, 0x00, 0xDC, 0x00, 0x00, 0x00
	.byte 0xE6, 0x14, 0x00, 0x00, 0x2F, 0x00, 0x00, 0x00, 0xDD, 0x00, 0x00, 0x00, 0xB5, 0x0E, 0x00, 0x00
	.byte 0x2F, 0x00, 0x00, 0x00, 0xDF, 0x00, 0x00, 0x00, 0xCB, 0x0E, 0x00, 0x00, 0x2F, 0x00, 0x00, 0x00
	.byte 0xE0, 0x00, 0x00, 0x00, 0x16, 0x0F, 0x00, 0x00, 0x2F, 0x00, 0x00, 0x00, 0xE1, 0x00, 0x00, 0x00
	.byte 0x30, 0x0F, 0x00, 0x00, 0x2F, 0x00, 0x00, 0x00, 0xE2, 0x00, 0x00, 0x00, 0x45, 0x0F, 0x00, 0x00
	.byte 0x2F, 0x00, 0x00, 0x00, 0xE3, 0x00, 0x00, 0x00, 0x57, 0x0F, 0x00, 0x00, 0x2F, 0x00, 0x00, 0x00
	.byte 0xE4, 0x00, 0x00, 0x00, 0x9C, 0x0F, 0x00, 0x00, 0x2F, 0x00, 0x00, 0x00, 0xE5, 0x00, 0x00, 0x00
	.byte 0xDE, 0x0F, 0x00, 0x00, 0x2F, 0x00, 0x00, 0x00, 0xE6, 0x00, 0x00, 0x00, 0xF4, 0x0F, 0x00, 0x00
	.byte 0x2F, 0x00, 0x00, 0x00, 0xE7, 0x00, 0x00, 0x00, 0x0A, 0x10, 0x00, 0x00, 0x2F, 0x00, 0x00, 0x00
	.byte 0xE8, 0x00, 0x00, 0x00, 0x2F, 0x10, 0x00, 0x00, 0x2F, 0x00, 0x00, 0x00, 0xE9, 0x00, 0x00, 0x00
	.byte 0x32, 0x10, 0x00, 0x00, 0x2F, 0x00, 0x00, 0x00, 0xEA, 0x00, 0x00, 0x00, 0x72, 0x10, 0x00, 0x00
	.byte 0x2F, 0x00, 0x00, 0x00, 0xEB, 0x00, 0x00, 0x00, 0x7D, 0x10, 0x00, 0x00, 0x2F, 0x00, 0x00, 0x00
	.byte 0xEC, 0x00, 0x00, 0x00, 0xBD, 0x10, 0x00, 0x00, 0x2F, 0x00, 0x00, 0x00, 0xED, 0x00, 0x00, 0x00
	.byte 0x05, 0x11, 0x00, 0x00, 0x2F, 0x00, 0x00, 0x00, 0xEE, 0x00, 0x00, 0x00, 0x2A, 0x11, 0x00, 0x00
	.byte 0x2F, 0x00, 0x00, 0x00, 0xEF, 0x00, 0x00, 0x00, 0x4B, 0x11, 0x00, 0x00, 0x2F, 0x00, 0x00, 0x00
	.byte 0xF0, 0x00, 0x00, 0x00, 0x63, 0x11, 0x00, 0x00, 0x2F, 0x00, 0x00, 0x00, 0xF1, 0x00, 0x00, 0x00
	.byte 0x7C, 0x11, 0x00, 0x00, 0x2F, 0x00, 0x00, 0x00, 0xF2, 0x00, 0x00, 0x00, 0x9A, 0x11, 0x00, 0x00
	.byte 0x2F, 0x00, 0x00, 0x00, 0xF3, 0x00, 0x00, 0x00, 0xF0, 0x11, 0x00, 0x00, 0x2F, 0x00, 0x00, 0x00
	.byte 0xF4, 0x00, 0x00, 0x00, 0x5A, 0x12, 0x00, 0x00, 0x2F, 0x00, 0x00, 0x00, 0xF5, 0x00, 0x00, 0x00
	.byte 0xC4, 0x12, 0x00, 0x00, 0x2F, 0x00, 0x00, 0x00, 0xF6, 0x00, 0x00, 0x00, 0xF2, 0x12, 0x00, 0x00
	.byte 0x2F, 0x00, 0x00, 0x00, 0xF7, 0x00, 0x00, 0x00, 0x04, 0x13, 0x00, 0x00, 0x2F, 0x00, 0x00, 0x00
	.byte 0xF8, 0x00, 0x00, 0x00, 0x18, 0x13, 0x00, 0x00, 0x2F, 0x00, 0x00, 0x00, 0xF9, 0x00, 0x00, 0x00
	.byte 0x28, 0x13, 0x00, 0x00, 0x2F, 0x00, 0x00, 0x00, 0xFA, 0x00, 0x00, 0x00, 0x3A, 0x13, 0x00, 0x00
	.byte 0x2F, 0x00, 0x00, 0x00, 0xFB, 0x00, 0x00, 0x00, 0x80, 0x13, 0x00, 0x00, 0x2F, 0x00, 0x00, 0x00
	.byte 0xFC, 0x00, 0x00, 0x00, 0x87, 0x13, 0x00, 0x00, 0x2F, 0x00, 0x00, 0x00, 0xFD, 0x00, 0x00, 0x00
	.byte 0x70, 0x14, 0x00, 0x00, 0x2F, 0x00, 0x00, 0x00, 0xFF, 0x00, 0x00, 0x00, 0x5A, 0x0A, 0x00, 0x00
	.byte 0x2F, 0x00, 0x00, 0x00, 0x00, 0x01, 0x00, 0x00, 0x57, 0x0A, 0x00, 0x00, 0x2F, 0x00, 0x00, 0x00
	.byte 0x02, 0x01, 0x00, 0x00, 0xA3, 0x13, 0x00, 0x00, 0x2F, 0x00, 0x00, 0x00, 0x03, 0x01, 0x00, 0x00
	.byte 0xF4, 0x13, 0x00, 0x00, 0x2F, 0x00, 0x00, 0x00, 0x04, 0x01, 0x00, 0x00, 0x0B, 0x14, 0x00, 0x00
	.byte 0x2F, 0x00, 0x00, 0x00, 0x06, 0x01, 0x00, 0x00, 0x5E, 0x14, 0x00, 0x00, 0x2F, 0x00, 0x00, 0x00
	.byte 0x07, 0x01, 0x00, 0x00, 0x48, 0x0A, 0x00, 0x00, 0x2F, 0x00, 0x00, 0x00, 0x09, 0x01, 0x00, 0x00
	.byte 0x1A, 0x14, 0x00, 0x00, 0x2F, 0x00, 0x00, 0x00, 0x0A, 0x01, 0x00, 0x00, 0x3E, 0x14, 0x00, 0x00
	.byte 0x2F, 0x00, 0x00, 0x00, 0x0D, 0x01, 0x00, 0x00, 0x52, 0x14, 0x00, 0x00, 0x2F, 0x00, 0x00, 0x00
	.byte 0x0E, 0x01, 0x00, 0x00, 0x65, 0x14, 0x00, 0x00, 0x2F, 0x00, 0x00, 0x00, 0x10, 0x01, 0x00, 0x00
	.byte 0x45, 0x0A, 0x00, 0x00, 0x4D, 0x00, 0x00, 0x00, 0x39, 0x00, 0x00, 0x00, 0x01, 0x00, 0x00, 0x00
	.byte 0x08, 0x00, 0x00, 0x00, 0x06, 0x00, 0x00, 0x00, 0x39, 0x00, 0x00, 0x00, 0x01, 0x00, 0x00, 0x00
	.byte 0x6B, 0x00, 0x00, 0x00, 0x02, 0x00, 0x00, 0x00, 0x4C, 0x00, 0x00, 0x00, 0x05, 0x00, 0x00, 0x00
	.byte 0x00, 0x00, 0x00, 0x00, 0x80, 0x00, 0x00, 0x00, 0x02, 0x00, 0x00, 0x00, 0x04, 0x00, 0x00, 0x00
	.byte 0x01, 0x00, 0x00, 0x00, 0x4D, 0x00, 0x00, 0x00, 0x2B, 0x00, 0x00, 0x00, 0x00, 0x00, 0x00, 0x00
	.byte 0x08, 0x00, 0x00, 0x00, 0x2B, 0x00, 0x00, 0x00, 0x14, 0x00, 0x00, 0x00, 0x05, 0x00, 0x00, 0x00
	.byte 0x2B, 0x00, 0x00, 0x00, 0x0A, 0x00, 0x00, 0x00, 0x02, 0x00, 0x00, 0x00, 0x4C, 0x00, 0x00, 0x00
	.byte 0x05, 0x00, 0x00, 0x00, 0x00, 0x00, 0x00, 0x00, 0x32, 0x00, 0x00, 0x00, 0x02, 0x00, 0x00, 0x00
	.byte 0x04, 0x00, 0x00, 0x00, 0xFD, 0xFF, 0xFF, 0xFF, 0x4D, 0x00, 0x00, 0x00, 0x31, 0x00, 0x00, 0x00
	.byte 0x00, 0x00, 0x00, 0x00, 0x07, 0x00, 0x00, 0x00, 0x07, 0x00, 0x00, 0x00, 0x0C, 0x00, 0x00, 0x00
	.byte 0x04, 0x00, 0x00, 0x00, 0xFF, 0xFF, 0xFF, 0xFF, 0x31, 0x00, 0x00, 0x00, 0x00, 0x00, 0x00, 0x00
	.byte 0x07, 0x00, 0x00, 0x00, 0x0A, 0x00, 0x00, 0x00, 0x05, 0x00, 0x00, 0x00, 0x00, 0x00, 0x00, 0x00
	.byte 0x80, 0x00, 0x00, 0x00, 0x02, 0x00, 0x00, 0x00, 0x04, 0x00, 0x00, 0x00, 0xFF, 0xFF, 0xFF, 0xFF
	.byte 0x05, 0x00, 0x00, 0x00, 0x01, 0x00, 0x00, 0x00, 0x50, 0x00, 0x00, 0x00, 0x08, 0x00, 0x00, 0x00
	.byte 0x24, 0x00, 0x00, 0x00, 0x01, 0x00, 0x00, 0x00, 0x05, 0x00, 0x00, 0x00, 0x00, 0x00, 0x00, 0x00
	.byte 0x32, 0x00, 0x00, 0x00, 0x1B, 0x00, 0x00, 0x00, 0x4C, 0x00, 0x00, 0x00, 0x85, 0xFD, 0xFF, 0xFF
	.byte 0x06, 0x00, 0x00, 0x00, 0x01, 0x00, 0x00, 0x00, 0x32, 0x00, 0x00, 0x00, 0x10, 0x00, 0x00, 0x00
	.byte 0x00, 0x00, 0x00, 0x00, 0x80, 0x00, 0x00, 0x00, 0x02, 0x00, 0x00, 0x00, 0x04, 0x00, 0x00, 0x00
	.byte 0x01, 0x00, 0x00, 0x00, 0x06, 0x00, 0x00, 0x00, 0x01, 0x00, 0x00, 0x00, 0x1E, 0x00, 0x00, 0x00
	.byte 0x0C, 0x00, 0x00, 0x00, 0x00, 0x00, 0x00, 0x00, 0x32, 0x00, 0x00, 0x00, 0x09, 0x00, 0x00, 0x00
	.byte 0x04, 0x00, 0x00, 0x00, 0x01, 0x00, 0x00, 0x00, 0x4C, 0x00, 0x00, 0x00, 0x05, 0x00, 0x00, 0x00
	.byte 0x00, 0x00, 0x00, 0x00, 0x32, 0x00, 0x00, 0x00, 0x02, 0x00, 0x00, 0x00, 0x04, 0x00, 0x00, 0x00
	.byte 0xFF, 0xFF, 0xFF, 0xFF, 0x4D, 0x00, 0x00, 0x00, 0x2B, 0x00, 0x00, 0x00, 0x00, 0x00, 0x00, 0x00
	.byte 0x13, 0x00, 0x00, 0x00, 0x2B, 0x00, 0x00, 0x00, 0x0A, 0x00, 0x00, 0x00, 0x10, 0x00, 0x00, 0x00
	.byte 0x2B, 0x00, 0x00, 0x00, 0x14, 0x00, 0x00, 0x00, 0x0D, 0x00, 0x00, 0x00, 0x09, 0x00, 0x00, 0x00
	.byte 0x00, 0x00, 0x00, 0x00, 0x07, 0x00, 0x00, 0x00, 0x02, 0x00, 0x00, 0x00, 0x4C, 0x00, 0x00, 0x00
	.byte 0x09, 0x00, 0x00, 0x00, 0x00, 0x00, 0x00, 0x00, 0x33, 0x00, 0x00, 0x00, 0x06, 0x00, 0x00, 0x00
	.byte 0x04, 0x00, 0x00, 0x00, 0x03, 0x00, 0x00, 0x00, 0x4C, 0x00, 0x00, 0x00, 0x02, 0x00, 0x00, 0x00
	.byte 0x04, 0x00, 0x00, 0x00, 0xFF, 0xFF, 0xFF, 0xFF, 0x4D, 0x00, 0x00, 0x00, 0x24, 0x00, 0x00, 0x00
	.byte 0x01, 0x00, 0x00, 0x00, 0x0C, 0x00, 0x00, 0x00, 0x21, 0x00, 0x00, 0x00, 0x00, 0x00, 0x00, 0x00
	.byte 0x1A, 0x00, 0x00, 0x00, 0x12, 0x00, 0x00, 0x00, 0x07, 0x00, 0x00, 0x00, 0x00, 0x00, 0x00, 0x00
	.byte 0x80, 0x00, 0x00, 0x00, 0x0E, 0x00, 0x00, 0x00, 0x04, 0x00, 0x00, 0x00, 0x02, 0x00, 0x00, 0x00
	.byte 0x4C, 0x00, 0x00, 0x00, 0x0A, 0x00, 0x00, 0x00, 0x21, 0x00, 0x00, 0x00, 0x00, 0x00, 0x00, 0x00
	.byte 0x19, 0x00, 0x00, 0x00, 0x06, 0x00, 0x00, 0x00, 0x05, 0x00, 0x00, 0x00, 0x00, 0x00, 0x00, 0x00
	.byte 0x50, 0x00, 0x00, 0x00, 0x02, 0x00, 0x00, 0x00, 0x04, 0x00, 0x00, 0x00, 0xFF, 0xFF, 0xFF, 0xFF
	.byte 0x4D, 0x00, 0x00, 0x00, 0x4F, 0x00, 0x00, 0x00, 0x8E, 0x00, 0x00, 0x00, 0x93, 0x00, 0x00, 0x00
	.byte 0x5F, 0x00, 0x00, 0x00, 0x2F, 0x00, 0x00, 0x00, 0x40, 0x01, 0x00, 0x00, 0x45, 0x01, 0x00, 0x00
	.byte 0x1C, 0x00, 0x00, 0x00, 0x6C, 0x00, 0x00, 0x00, 0x5C, 0x00, 0x00, 0x00, 0x0C, 0x00, 0x00, 0x00
	.byte 0x20, 0x00, 0x00, 0x00, 0x5A, 0x00, 0x00, 0x00, 0x49, 0x01, 0x00, 0x00, 0xEE, 0x00, 0x00, 0x00
	.byte 0xB1, 0x00, 0x00, 0x00, 0x6D, 0x00, 0x00, 0x00, 0xBA, 0x00, 0x00, 0x00, 0x67, 0x00, 0x00, 0x00
	.byte 0xB2, 0x00, 0x00, 0x00, 0xB8, 0x00, 0x00, 0x00, 0x39, 0x01, 0x00, 0x00, 0x3F, 0x01, 0x00, 0x00
	.byte 0x56, 0x00, 0x00, 0x00, 0x89, 0x00, 0x00, 0x00, 0x4D, 0x00, 0x00, 0x00, 0xF7, 0x00, 0x00, 0x00
	.byte 0xDF, 0x00, 0x00, 0x00, 0x3F, 0x00, 0x00, 0x00, 0xF5, 0x00, 0x00, 0x00, 0xA8, 0x00, 0x00, 0x00
	.byte 0x57, 0x01, 0x00, 0x00, 0xD5, 0x00, 0x00, 0x00, 0xCF, 0x00, 0x00, 0x00, 0x03, 0x01, 0x00, 0x00
	.byte 0x04, 0x01, 0x00, 0x00, 0x0F, 0x01, 0x00, 0x00, 0x14, 0x01, 0x00, 0x00, 0x1D, 0x01, 0x00, 0x00
	.byte 0x77, 0x01, 0x00, 0x00, 0x80, 0x01, 0x00, 0x00, 0x81, 0x01, 0x00, 0x00, 0x85, 0x01, 0x00, 0x00
	.byte 0x87, 0x01, 0x00, 0x00, 0x9F, 0x01, 0x00, 0x00, 0xBD, 0x01, 0x00, 0x00, 0xD0, 0x01, 0x00, 0x00
	.byte 0xFF, 0xFF, 0xFF, 0xFF, 0x31, 0x00, 0x00, 0x00, 0x01, 0x00, 0x00, 0x00, 0x01, 0x00, 0x00, 0x00
	.byte 0x09, 0x00, 0x00, 0x00, 0x07, 0x00, 0x00, 0x00, 0x00, 0x00, 0x00, 0x00, 0x64, 0x00, 0x00, 0x00
	.byte 0x0D, 0x00, 0x00, 0x00, 0x04, 0x00, 0x00, 0x00, 0xFF, 0xFF, 0xFF, 0xFF, 0x4C, 0x00, 0x00, 0x00
	.byte 0x09, 0x00, 0x00, 0x00, 0x08, 0x00, 0x00, 0x00, 0x01, 0x00, 0x00, 0x00, 0x64, 0x00, 0x00, 0x00
	.byte 0x05, 0x00, 0x00, 0x00, 0x00, 0x00, 0x00, 0x00, 0x80, 0x00, 0x00, 0x00, 0x02, 0x00, 0x00, 0x00
	.byte 0x04, 0x00, 0x00, 0x00, 0x02, 0x00, 0x00, 0x00, 0x06, 0x00, 0x00, 0x00, 0x01, 0x00, 0x00, 0x00
	.byte 0x46, 0x00, 0x00, 0x00, 0x09, 0x00, 0x00, 0x00, 0x05, 0x00, 0x00, 0x00, 0x01, 0x00, 0x00, 0x00
	.byte 0x28, 0x00, 0x00, 0x00, 0x03, 0x00, 0x00, 0x00, 0x00, 0x00, 0x00, 0x00, 0x28, 0x00, 0x00, 0x00
	.byte 0x02, 0x00, 0x00, 0x00, 0x04, 0x00, 0x00, 0x00, 0xFE, 0xFF, 0xFF, 0xFF, 0x4D, 0x00, 0x00, 0x00
	.byte 0x31, 0x00, 0x00, 0x00, 0x01, 0x00, 0x00, 0x00, 0x02, 0x00, 0x00, 0x00, 0x09, 0x00, 0x00, 0x00
	.byte 0x07, 0x00, 0x00, 0x00, 0x00, 0x00, 0x00, 0x00, 0x64, 0x00, 0x00, 0x00, 0x0D, 0x00, 0x00, 0x00
	.byte 0x04, 0x00, 0x00, 0x00, 0xFF, 0xFF, 0xFF, 0xFF, 0x4C, 0x00, 0x00, 0x00, 0x09, 0x00, 0x00, 0x00
	.byte 0x08, 0x00, 0x00, 0x00, 0x01, 0x00, 0x00, 0x00, 0x64, 0x00, 0x00, 0x00, 0x05, 0x00, 0x00, 0x00
	.byte 0x00, 0x00, 0x00, 0x00, 0x80, 0x00, 0x00, 0x00, 0x02, 0x00, 0x00, 0x00, 0x04, 0x00, 0x00, 0x00
	.byte 0x02, 0x00, 0x00, 0x00, 0x05, 0x00, 0x00, 0x00, 0x01, 0x00, 0x00, 0x00, 0x46, 0x00, 0x00, 0x00
	.byte 0x03, 0x00, 0x00, 0x00, 0x00, 0x00, 0x00, 0x00, 0xC8, 0x00, 0x00, 0x00, 0x16, 0x00, 0x00, 0x00
	.byte 0x05, 0x00, 0x00, 0x00, 0x01, 0x00, 0x00, 0x00, 0x28, 0x00, 0x00, 0x00, 0x10, 0x00, 0x00, 0x00
	.byte 0x21, 0x00, 0x00, 0x00, 0x00, 0x00, 0x00, 0x00, 0x48, 0x00, 0x00, 0x00, 0x13, 0x00, 0x00, 0x00
	.byte 0x00, 0x00, 0x00, 0x00, 0x07, 0x00, 0x00, 0x00, 0x5E, 0x00, 0x00, 0x00, 0x13, 0x00, 0x00, 0x00
	.byte 0x01, 0x00, 0x00, 0x00, 0x06, 0x00, 0x00, 0x00, 0x00, 0x00, 0x00, 0x00, 0x3C, 0x00, 0x00, 0x00
	.byte 0x05, 0x00, 0x00, 0x00, 0x00, 0x00, 0x00, 0x00, 0x3C, 0x00, 0x00, 0x00, 0x02, 0x00, 0x00, 0x00
	.byte 0x04, 0x00, 0x00, 0x00, 0xFE, 0xFF, 0xFF, 0xFF, 0x4D, 0x00, 0x00, 0x00, 0x00, 0x00, 0x00, 0x00
	.byte 0x01, 0x00, 0x00, 0x00, 0x03, 0x00, 0x00, 0x00, 0x04, 0x00, 0x00, 0x00, 0x02, 0x00, 0x00, 0x00
	.byte 0x05, 0x00, 0x00, 0x00, 0x06, 0x00, 0x00, 0x00, 0x07, 0x00, 0x00, 0x00, 0x08, 0x00, 0x00, 0x00
	.byte 0xFF, 0xFF, 0xFF, 0xFF, 0x24, 0x00, 0x00, 0x00, 0x01, 0x00, 0x00, 0x00, 0x04, 0x00, 0x00, 0x00
	.byte 0x04, 0x00, 0x00, 0x00, 0xFD, 0xFF, 0xFF, 0xFF, 0x4C, 0x00, 0x00, 0x00, 0x05, 0x00, 0x00, 0x00
	.byte 0x00, 0x00, 0x00, 0x00, 0x46, 0x00, 0x00, 0x00, 0x02, 0x00, 0x00, 0x00, 0x04, 0x00, 0x00, 0x00
	.byte 0x03, 0x00, 0x00, 0x00, 0x4D, 0x00, 0x00, 0x00, 0x31, 0x00, 0x00, 0x00, 0x01, 0x00, 0x00, 0x00
	.byte 0x04, 0x00, 0x00, 0x00, 0x09, 0x00, 0x00, 0x00, 0x07, 0x00, 0x00, 0x00, 0x00, 0x00, 0x00, 0x00
	.byte 0x64, 0x00, 0x00, 0x00, 0x0D, 0x00, 0x00, 0x00, 0x04, 0x00, 0x00, 0x00, 0xFF, 0xFF, 0xFF, 0xFF
	.byte 0x4C, 0x00, 0x00, 0x00, 0x09, 0x00, 0x00, 0x00, 0x08, 0x00, 0x00, 0x00, 0x01, 0x00, 0x00, 0x00
	.byte 0x64, 0x00, 0x00, 0x00, 0x05, 0x00, 0x00, 0x00, 0x00, 0x00, 0x00, 0x00, 0x80, 0x00, 0x00, 0x00
	.byte 0x02, 0x00, 0x00, 0x00, 0x04, 0x00, 0x00, 0x00, 0x02, 0x00, 0x00, 0x00, 0x06, 0x00, 0x00, 0x00
	.byte 0x01, 0x00, 0x00, 0x00, 0x46, 0x00, 0x00, 0x00, 0x09, 0x00, 0x00, 0x00, 0x05, 0x00, 0x00, 0x00
	.byte 0x01, 0x00, 0x00, 0x00, 0x28, 0x00, 0x00, 0x00, 0x03, 0x00, 0x00, 0x00, 0x00, 0x00, 0x00, 0x00
	.byte 0x46, 0x00, 0x00, 0x00, 0x02, 0x00, 0x00, 0x00, 0x04, 0x00, 0x00, 0x00, 0xFE, 0xFF, 0xFF, 0xFF
	.byte 0x4D, 0x00, 0x00, 0x00, 0x31, 0x00, 0x00, 0x00, 0x01, 0x00, 0x00, 0x00, 0x05, 0x00, 0x00, 0x00
	.byte 0x09, 0x00, 0x00, 0x00, 0x07, 0x00, 0x00, 0x00, 0x00, 0x00, 0x00, 0x00, 0x64, 0x00, 0x00, 0x00
	.byte 0x0D, 0x00, 0x00, 0x00, 0x04, 0x00, 0x00, 0x00, 0xFF, 0xFF, 0xFF, 0xFF, 0x4C, 0x00, 0x00, 0x00
	.byte 0x09, 0x00, 0x00, 0x00, 0x08, 0x00, 0x00, 0x00, 0x01, 0x00, 0x00, 0x00, 0x64, 0x00, 0x00, 0x00
	.byte 0x05, 0x00, 0x00, 0x00, 0x00, 0x00, 0x00, 0x00, 0x80, 0x00, 0x00, 0x00, 0x02, 0x00, 0x00, 0x00
	.byte 0x04, 0x00, 0x00, 0x00, 0x02, 0x00, 0x00, 0x00, 0x05, 0x00, 0x00, 0x00, 0x01, 0x00, 0x00, 0x00
	.byte 0x46, 0x00, 0x00, 0x00, 0x03, 0x00, 0x00, 0x00, 0x00, 0x00, 0x00, 0x00, 0xC8, 0x00, 0x00, 0x00
	.byte 0x16, 0x00, 0x00, 0x00, 0x05, 0x00, 0x00, 0x00, 0x01, 0x00, 0x00, 0x00, 0x28, 0x00, 0x00, 0x00
	.byte 0x10, 0x00, 0x00, 0x00, 0x21, 0x00, 0x00, 0x00, 0x00, 0x00, 0x00, 0x00, 0x48, 0x00, 0x00, 0x00
	.byte 0x13, 0x00, 0x00, 0x00, 0x00, 0x00, 0x00, 0x00, 0x07, 0x00, 0x00, 0x00, 0x5E, 0x00, 0x00, 0x00
	.byte 0x13, 0x00, 0x00, 0x00, 0x00, 0x00, 0x00, 0x00, 0x06, 0x00, 0x00, 0x00, 0x00, 0x00, 0x00, 0x00
	.byte 0x3C, 0x00, 0x00, 0x00, 0x05, 0x00, 0x00, 0x00, 0x00, 0x00, 0x00, 0x00, 0x3C, 0x00, 0x00, 0x00
	.byte 0x02, 0x00, 0x00, 0x00, 0x04, 0x00, 0x00, 0x00, 0xFE, 0xFF, 0xFF, 0xFF, 0x4D, 0x00, 0x00, 0x00
	.byte 0x00, 0x00, 0x00, 0x00, 0x01, 0x00, 0x00, 0x00, 0x03, 0x00, 0x00, 0x00, 0x04, 0x00, 0x00, 0x00
	.byte 0x02, 0x00, 0x00, 0x00, 0x05, 0x00, 0x00, 0x00, 0x06, 0x00, 0x00, 0x00, 0x07, 0x00, 0x00, 0x00
	.byte 0x08, 0x00, 0x00, 0x00, 0xFF, 0xFF, 0xFF, 0xFF, 0x31, 0x00, 0x00, 0x00, 0x01, 0x00, 0x00, 0x00
	.byte 0x06, 0x00, 0x00, 0x00, 0x09, 0x00, 0x00, 0x00, 0x05, 0x00, 0x00, 0x00, 0x00, 0x00, 0x00, 0x00
	.byte 0x32, 0x00, 0x00, 0x00, 0x02, 0x00, 0x00, 0x00, 0x04, 0x00, 0x00, 0x00, 0xFE, 0xFF, 0xFF, 0xFF
	.byte 0x06, 0x00, 0x00, 0x00, 0x01, 0x00, 0x00, 0x00, 0x46, 0x00, 0x00, 0x00, 0x02, 0x00, 0x00, 0x00
	.byte 0x04, 0x00, 0x00, 0x00, 0xFE, 0xFF, 0xFF, 0xFF, 0x4D, 0x00, 0x00, 0x00, 0x05, 0x00, 0x00, 0x00
	.byte 0x01, 0x00, 0x00, 0x00, 0x5A, 0x00, 0x00, 0x00, 0x05, 0x00, 0x00, 0x00, 0x00, 0x00, 0x00, 0x00
	.byte 0x64, 0x00, 0x00, 0x00, 0x02, 0x00, 0x00, 0x00, 0x04, 0x00, 0x00, 0x00, 0x03, 0x00, 0x00, 0x00
	.byte 0x31, 0x00, 0x00, 0x00, 0x01, 0x00, 0x00, 0x00, 0x07, 0x00, 0x00, 0x00, 0x09, 0x00, 0x00, 0x00
	.byte 0x05, 0x00, 0x00, 0x00, 0x00, 0x00, 0x00, 0x00, 0x80, 0x00, 0x00, 0x00, 0x02, 0x00, 0x00, 0x00
	.byte 0x04, 0x00, 0x00, 0x00, 0xFF, 0xFF, 0xFF, 0xFF, 0x0A, 0x00, 0x00, 0x00, 0x00, 0x00, 0x00, 0x00
	.byte 0x80, 0x00, 0x00, 0x00, 0x0C, 0x00, 0x00, 0x00, 0x06, 0x00, 0x00, 0x00, 0x01, 0x00, 0x00, 0x00
	.byte 0x32, 0x00, 0x00, 0x00, 0x03, 0x00, 0x00, 0x00, 0x00, 0x00, 0x00, 0x00, 0x50, 0x00, 0x00, 0x00
	.byte 0x05, 0x00, 0x00, 0x00, 0x00, 0x00, 0x00, 0x00, 0x32, 0x00, 0x00, 0x00, 0x02, 0x00, 0x00, 0x00
	.byte 0x04, 0x00, 0x00, 0x00, 0x03, 0x00, 0x00, 0x00, 0x0E, 0x00, 0x00, 0x00, 0x00, 0x00, 0x00, 0x00
	.byte 0x04, 0x00, 0x00, 0x00, 0x05, 0x00, 0x00, 0x00, 0x00, 0x00, 0x00, 0x00, 0x46, 0x00, 0x00, 0x00
	.byte 0x02, 0x00, 0x00, 0x00, 0x04, 0x00, 0x00, 0x00, 0x03, 0x00, 0x00, 0x00, 0x0E, 0x00, 0x00, 0x00
	.byte 0x01, 0x00, 0x00, 0x00, 0x00, 0x04, 0x00, 0x00, 0x07, 0x00, 0x00, 0x00, 0x00, 0x00, 0x00, 0x00
	.byte 0x80, 0x00, 0x00, 0x00, 0x0F, 0x00, 0x00, 0x00, 0x04, 0x00, 0x00, 0x00, 0x02, 0x00, 0x00, 0x00
	.byte 0x4C, 0x00, 0x00, 0x00, 0x0B, 0x00, 0x00, 0x00, 0x0E, 0x00, 0x00, 0x00, 0x01, 0x00, 0x00, 0x00
	.byte 0x00, 0x00, 0x00, 0x01, 0x07, 0x00, 0x00, 0x00, 0x00, 0x00, 0x00, 0x00, 0x80, 0x00, 0x00, 0x00
	.byte 0x04, 0x00, 0x00, 0x00, 0x04, 0x00, 0x00, 0x00, 0x02, 0x00, 0x00, 0x00, 0x4C, 0x00, 0x00, 0x00
	.byte 0x00, 0x00, 0x00, 0x00, 0x0C, 0x00, 0x00, 0x00, 0x00, 0x00, 0x00, 0x00, 0x00, 0x00, 0x00, 0x10
	.byte 0x05, 0x00, 0x00, 0x00, 0x00, 0x00, 0x00, 0x00, 0x46, 0x00, 0x00, 0x00, 0x02, 0x00, 0x00, 0x00
	.byte 0x04, 0x00, 0x00, 0x00, 0x03, 0x00, 0x00, 0x00, 0x06, 0x00, 0x00, 0x00, 0x01, 0x00, 0x00, 0x00
	.byte 0x46, 0x00, 0x00, 0x00, 0x12, 0x00, 0x00, 0x00, 0x33, 0x00, 0x00, 0x00, 0x01, 0x00, 0x00, 0x00
	.byte 0x07, 0x00, 0x00, 0x00, 0x06, 0x00, 0x00, 0x00, 0x0D, 0x00, 0x00, 0x00, 0x05, 0x00, 0x00, 0x00
	.byte 0x01, 0x00, 0x00, 0x00, 0x28, 0x00, 0x00, 0x00, 0x07, 0x00, 0x00, 0x00, 0x05, 0x00, 0x00, 0x00
	.byte 0x00, 0x00, 0x00, 0x00, 0x28, 0x00, 0x00, 0x00, 0x03, 0x00, 0x00, 0x00, 0x00, 0x00, 0x00, 0x00
	.byte 0x46, 0x00, 0x00, 0x00, 0x02, 0x00, 0x00, 0x00, 0x04, 0x00, 0x00, 0x00, 0xFE, 0xFF, 0xFF, 0xFF
	.byte 0x4D, 0x00, 0x00, 0x00, 0x32, 0x00, 0x00, 0x00, 0x00, 0x00, 0x00, 0x00, 0x07, 0x00, 0x00, 0x00
	.byte 0x0A, 0x00, 0x00, 0x00, 0x11, 0x00, 0x00, 0x00, 0x31, 0x00, 0x00, 0x00, 0x01, 0x00, 0x00, 0x00
	.byte 0x06, 0x00, 0x00, 0x00, 0x02, 0x00, 0x00, 0x00, 0x0C, 0x00, 0x00, 0x00, 0x32, 0x00, 0x00, 0x00
	.byte 0x00, 0x00, 0x00, 0x00, 0x07, 0x00, 0x00, 0x00, 0x08, 0x00, 0x00, 0x00, 0x09, 0x00, 0x00, 0x00
	.byte 0x31, 0x00, 0x00, 0x00, 0x01, 0x00, 0x00, 0x00, 0x06, 0x00, 0x00, 0x00, 0x04, 0x00, 0x00, 0x00
	.byte 0x04, 0x00, 0x00, 0x00, 0x4C, 0x00, 0x00, 0x00, 0x07, 0x00, 0x00, 0x00, 0x04, 0x00, 0x00, 0x00
	.byte 0x01, 0x00, 0x00, 0x00, 0x00, 0x00, 0x00, 0x00, 0x64, 0x00, 0x00, 0x00, 0x02, 0x00, 0x00, 0x00
	.byte 0x04, 0x00, 0x00, 0x00, 0x01, 0x00, 0x00, 0x00, 0x4D, 0x00, 0x00, 0x00, 0x33, 0x00, 0x00, 0x00
	.byte 0x00, 0x00, 0x00, 0x00, 0x01, 0x00, 0x00, 0x00, 0x06, 0x00, 0x00, 0x00, 0x12, 0x00, 0x00, 0x00
	.byte 0x04, 0x00, 0x00, 0x00, 0xFF, 0xFF, 0xFF, 0xFF, 0x06, 0x00, 0x00, 0x00, 0x01, 0x00, 0x00, 0x00
	.byte 0x5A, 0x00, 0x00, 0x00, 0x02, 0x00, 0x00, 0x00, 0x04, 0x00, 0x00, 0x00, 0xFF, 0xFF, 0xFF, 0xFF
	.byte 0x32, 0x00, 0x00, 0x00, 0x00, 0x00, 0x00, 0x00, 0x01, 0x00, 0x00, 0x00, 0x03, 0x00, 0x00, 0x00
	.byte 0x05, 0x00, 0x00, 0x00, 0x00, 0x00, 0x00, 0x00, 0x32, 0x00, 0x00, 0x00, 0x02, 0x00, 0x00, 0x00
	.byte 0x04, 0x00, 0x00, 0x00, 0xFE, 0xFF, 0xFF, 0xFF, 0x06, 0x00, 0x00, 0x00, 0x00, 0x00, 0x00, 0x00
	.byte 0x46, 0x00, 0x00, 0x00, 0x02, 0x00, 0x00, 0x00, 0x04, 0x00, 0x00, 0x00, 0xFE, 0xFF, 0xFF, 0xFF
	.byte 0x5E, 0x00, 0x00, 0x00, 0x14, 0x00, 0x00, 0x00, 0x01, 0x00, 0x00, 0x00, 0x05, 0x00, 0x00, 0x00
	.byte 0x00, 0x00, 0x00, 0x00, 0x80, 0x00, 0x00, 0x00, 0x02, 0x00, 0x00, 0x00, 0x04, 0x00, 0x00, 0x00
	.byte 0xFE, 0xFF, 0xFF, 0xFF, 0x4D, 0x00, 0x00, 0x00, 0x00, 0x00, 0x00, 0x00, 0x01, 0x00, 0x00, 0x00
	.byte 0x04, 0x00, 0x00, 0x00, 0x05, 0x00, 0x00, 0x00, 0x06, 0x00, 0x00, 0x00, 0x08, 0x00, 0x00, 0x00
	.byte 0xFF, 0xFF, 0xFF, 0xFF, 0x05, 0x00, 0x00, 0x00, 0x01, 0x00, 0x00, 0x00, 0x46, 0x00, 0x00, 0x00
	.byte 0x05, 0x00, 0x00, 0x00, 0x32, 0x00, 0x00, 0x00, 0x00, 0x00, 0x00, 0x00, 0x02, 0x00, 0x00, 0x00
	.byte 0x03, 0x00, 0x00, 0x00, 0x05, 0x00, 0x00, 0x00, 0x00, 0x00, 0x00, 0x00, 0x32, 0x00, 0x00, 0x00
	.byte 0x02, 0x00, 0x00, 0x00, 0x04, 0x00, 0x00, 0x00, 0xFE, 0xFF, 0xFF, 0xFF, 0x06, 0x00, 0x00, 0x00
	.byte 0x00, 0x00, 0x00, 0x00, 0x46, 0x00, 0x00, 0x00, 0x02, 0x00, 0x00, 0x00, 0x04, 0x00, 0x00, 0x00
	.byte 0xFE, 0xFF, 0xFF, 0xFF, 0x4D, 0x00, 0x00, 0x00, 0x2B, 0x00, 0x00, 0x00, 0x00, 0x00, 0x00, 0x00
	.byte 0x10, 0x00, 0x00, 0x00, 0x2B, 0x00, 0x00, 0x00, 0x0A, 0x00, 0x00, 0x00, 0x0D, 0x00, 0x00, 0x00
	.byte 0x2B, 0x00, 0x00, 0x00, 0x14, 0x00, 0x00, 0x00, 0x0A, 0x00, 0x00, 0x00, 0x17, 0x00, 0x00, 0x00
	.byte 0xC4, 0x00, 0x00, 0x00, 0x08, 0x00, 0x00, 0x00, 0x17, 0x00, 0x00, 0x00, 0x3D, 0x01, 0x00, 0x00
	.byte 0x05, 0x00, 0x00, 0x00, 0x17, 0x00, 0x00, 0x00, 0x55, 0x01, 0x00, 0x00, 0x02, 0x00, 0x00, 0x00
	.byte 0x4D, 0x00, 0x00, 0x00, 0x4D, 0x00, 0x00, 0x00, 0x24, 0x00, 0x00, 0x00, 0x01, 0x00, 0x00, 0x00
	.byte 0x04, 0x00, 0x00, 0x00, 0x04, 0x00, 0x00, 0x00, 0xFD, 0xFF, 0xFF, 0xFF, 0x4C, 0x00, 0x00, 0x00
	.byte 0x05, 0x00, 0x00, 0x00, 0x00, 0x00, 0x00, 0x00, 0x46, 0x00, 0x00, 0x00, 0x02, 0x00, 0x00, 0x00
	.byte 0x04, 0x00, 0x00, 0x00, 0x02, 0x00, 0x00, 0x00, 0x4D, 0x00, 0x00, 0x00, 0x33, 0x00, 0x00, 0x00
	.byte 0x00, 0x00, 0x00, 0x00, 0x04, 0x00, 0x00, 0x00, 0x06, 0x00, 0x00, 0x00, 0x12, 0x00, 0x00, 0x00
	.byte 0x04, 0x00, 0x00, 0x00, 0xFF, 0xFF, 0xFF, 0xFF, 0x06, 0x00, 0x00, 0x00, 0x01, 0x00, 0x00, 0x00
	.byte 0x5A, 0x00, 0x00, 0x00, 0x02, 0x00, 0x00, 0x00, 0x04, 0x00, 0x00, 0x00, 0xFF, 0xFF, 0xFF, 0xFF
	.byte 0x32, 0x00, 0x00, 0x00, 0x00, 0x00, 0x00, 0x00, 0x04, 0x00, 0x00, 0x00, 0x03, 0x00, 0x00, 0x00
	.byte 0x05, 0x00, 0x00, 0x00, 0x00, 0x00, 0x00, 0x00, 0x32, 0x00, 0x00, 0x00, 0x02, 0x00, 0x00, 0x00
	.byte 0x04, 0x00, 0x00, 0x00, 0xFE, 0xFF, 0xFF, 0xFF, 0x06, 0x00, 0x00, 0x00, 0x00, 0x00, 0x00, 0x00
	.byte 0x46, 0x00, 0x00, 0x00, 0x02, 0x00, 0x00, 0x00, 0x04, 0x00, 0x00, 0x00, 0xFE, 0xFF, 0xFF, 0xFF
	.byte 0x5E, 0x00, 0x00, 0x00, 0x14, 0x00, 0x00, 0x00, 0x00, 0x00, 0x00, 0x00, 0x05, 0x00, 0x00, 0x00
	.byte 0x00, 0x00, 0x00, 0x00, 0x80, 0x00, 0x00, 0x00, 0x02, 0x00, 0x00, 0x00, 0x04, 0x00, 0x00, 0x00
	.byte 0xFE, 0xFF, 0xFF, 0xFF, 0x4D, 0x00, 0x00, 0x00, 0x0A, 0x00, 0x00, 0x00, 0x0B, 0x00, 0x00, 0x00
	.byte 0x0C, 0x00, 0x00, 0x00, 0x0D, 0x00, 0x00, 0x00, 0x0E, 0x00, 0x00, 0x00, 0x0F, 0x00, 0x00, 0x00
	.byte 0x10, 0x00, 0x00, 0x00, 0x11, 0x00, 0x00, 0x00, 0xFF, 0xFF, 0xFF, 0xFF, 0x05, 0x00, 0x00, 0x00
	.byte 0x01, 0x00, 0x00, 0x00, 0x46, 0x00, 0x00, 0x00, 0x05, 0x00, 0x00, 0x00, 0x32, 0x00, 0x00, 0x00
	.byte 0x00, 0x00, 0x00, 0x00, 0x05, 0x00, 0x00, 0x00, 0x03, 0x00, 0x00, 0x00, 0x05, 0x00, 0x00, 0x00
	.byte 0x00, 0x00, 0x00, 0x00, 0x32, 0x00, 0x00, 0x00, 0x02, 0x00, 0x00, 0x00, 0x04, 0x00, 0x00, 0x00
	.byte 0xFE, 0xFF, 0xFF, 0xFF, 0x06, 0x00, 0x00, 0x00, 0x00, 0x00, 0x00, 0x00, 0x46, 0x00, 0x00, 0x00
	.byte 0x02, 0x00, 0x00, 0x00, 0x04, 0x00, 0x00, 0x00, 0xFE, 0xFF, 0xFF, 0xFF, 0x4D, 0x00, 0x00, 0x00
	.byte 0x05, 0x00, 0x00, 0x00, 0x01, 0x00, 0x00, 0x00, 0x46, 0x00, 0x00, 0x00, 0x04, 0x00, 0x00, 0x00
	.byte 0x06, 0x00, 0x00, 0x00, 0x00, 0x00, 0x00, 0x00, 0x46, 0x00, 0x00, 0x00, 0x05, 0x00, 0x00, 0x00
	.byte 0x00, 0x00, 0x00, 0x00, 0x64, 0x00, 0x00, 0x00, 0x02, 0x00, 0x00, 0x00, 0x04, 0x00, 0x00, 0x00
	.byte 0xFF, 0xFF, 0xFF, 0xFF, 0x32, 0x00, 0x00, 0x00, 0x01, 0x00, 0x00, 0x00, 0x06, 0x00, 0x00, 0x00
	.byte 0x04, 0x00, 0x00, 0x00, 0x05, 0x00, 0x00, 0x00, 0x00, 0x00, 0x00, 0x00, 0x50, 0x00, 0x00, 0x00
	.byte 0x02, 0x00, 0x00, 0x00, 0x04, 0x00, 0x00, 0x00, 0xFE, 0xFF, 0xFF, 0xFF, 0x0A, 0x00, 0x00, 0x00
	.byte 0x00, 0x00, 0x00, 0x00, 0x80, 0x00, 0x00, 0x00, 0x05, 0x00, 0x00, 0x00, 0x00, 0x00, 0x00, 0x00
	.byte 0x46, 0x00, 0x00, 0x00, 0x02, 0x00, 0x00, 0x00, 0x04, 0x00, 0x00, 0x00, 0x02, 0x00, 0x00, 0x00
	.byte 0x0E, 0x00, 0x00, 0x00, 0x00, 0x00, 0x00, 0x00, 0x04, 0x00, 0x00, 0x00, 0x05, 0x00, 0x00, 0x00
	.byte 0x00, 0x00, 0x00, 0x00, 0x46, 0x00, 0x00, 0x00, 0x02, 0x00, 0x00, 0x00, 0x04, 0x00, 0x00, 0x00
	.byte 0x02, 0x00, 0x00, 0x00, 0x0E, 0x00, 0x00, 0x00, 0x01, 0x00, 0x00, 0x00, 0x00, 0x04, 0x00, 0x00
	.byte 0x07, 0x00, 0x00, 0x00, 0x00, 0x00, 0x00, 0x00, 0x80, 0x00, 0x00, 0x00, 0x0D, 0x00, 0x00, 0x00
	.byte 0x04, 0x00, 0x00, 0x00, 0x01, 0x00, 0x00, 0x00, 0x4C, 0x00, 0x00, 0x00, 0x09, 0x00, 0x00, 0x00
	.byte 0x0E, 0x00, 0x00, 0x00, 0x01, 0x00, 0x00, 0x00, 0x00, 0x00, 0x00, 0x01, 0x05, 0x00, 0x00, 0x00
	.byte 0x00, 0x00, 0x00, 0x00, 0x80, 0x00, 0x00, 0x00, 0x02, 0x00, 0x00, 0x00, 0x04, 0x00, 0x00, 0x00
	.byte 0x01, 0x00, 0x00, 0x00, 0x0C, 0x00, 0x00, 0x00, 0x00, 0x00, 0x00, 0x00, 0x00, 0x00, 0x00, 0x10
	.byte 0x05, 0x00, 0x00, 0x00, 0x00, 0x00, 0x00, 0x00, 0x46, 0x00, 0x00, 0x00, 0x02, 0x00, 0x00, 0x00
	.byte 0x04, 0x00, 0x00, 0x00, 0x02, 0x00, 0x00, 0x00, 0x06, 0x00, 0x00, 0x00, 0x01, 0x00, 0x00, 0x00
	.byte 0x46, 0x00, 0x00, 0x00, 0x12, 0x00, 0x00, 0x00, 0x33, 0x00, 0x00, 0x00, 0x00, 0x00, 0x00, 0x00
	.byte 0x06, 0x00, 0x00, 0x00, 0x06, 0x00, 0x00, 0x00, 0x0D, 0x00, 0x00, 0x00, 0x05, 0x00, 0x00, 0x00
	.byte 0x01, 0x00, 0x00, 0x00, 0x28, 0x00, 0x00, 0x00, 0x07, 0x00, 0x00, 0x00, 0x05, 0x00, 0x00, 0x00
	.byte 0x00, 0x00, 0x00, 0x00, 0x28, 0x00, 0x00, 0x00, 0x03, 0x00, 0x00, 0x00, 0x00, 0x00, 0x00, 0x00
	.byte 0x46, 0x00, 0x00, 0x00, 0x02, 0x00, 0x00, 0x00, 0x04, 0x00, 0x00, 0x00, 0xFE, 0xFF, 0xFF, 0xFF
	.byte 0x4D, 0x00, 0x00, 0x00, 0x05, 0x00, 0x00, 0x00, 0x01, 0x00, 0x00, 0x00, 0x46, 0x00, 0x00, 0x00
	.byte 0x05, 0x00, 0x00, 0x00, 0x32, 0x00, 0x00, 0x00, 0x00, 0x00, 0x00, 0x00, 0x07, 0x00, 0x00, 0x00
	.byte 0x03, 0x00, 0x00, 0x00, 0x05, 0x00, 0x00, 0x00, 0x00, 0x00, 0x00, 0x00, 0x32, 0x00, 0x00, 0x00
	.byte 0x02, 0x00, 0x00, 0x00, 0x04, 0x00, 0x00, 0x00, 0xFE, 0xFF, 0xFF, 0xFF, 0x06, 0x00, 0x00, 0x00
	.byte 0x00, 0x00, 0x00, 0x00, 0x46, 0x00, 0x00, 0x00, 0x02, 0x00, 0x00, 0x00, 0x04, 0x00, 0x00, 0x00
	.byte 0xFE, 0xFF, 0xFF, 0xFF, 0x4D, 0x00, 0x00, 0x00, 0x32, 0x00, 0x00, 0x00, 0x01, 0x00, 0x00, 0x00
	.byte 0x01, 0x00, 0x00, 0x00, 0x08, 0x00, 0x00, 0x00, 0x2F, 0x00, 0x00, 0x00, 0x32, 0x00, 0x00, 0x00
	.byte 0x01, 0x00, 0x00, 0x00, 0x02, 0x00, 0x00, 0x00, 0x08, 0x00, 0x00, 0x00, 0x2A, 0x00, 0x00, 0x00
	.byte 0x32, 0x00, 0x00, 0x00, 0x01, 0x00, 0x00, 0x00, 0x04, 0x00, 0x00, 0x00, 0x08, 0x00, 0x00, 0x00
	.byte 0x25, 0x00, 0x00, 0x00, 0x32, 0x00, 0x00, 0x00, 0x01, 0x00, 0x00, 0x00, 0x05, 0x00, 0x00, 0x00
	.byte 0x08, 0x00, 0x00, 0x00, 0x20, 0x00, 0x00, 0x00, 0x32, 0x00, 0x00, 0x00, 0x01, 0x00, 0x00, 0x00
	.byte 0x07, 0x00, 0x00, 0x00, 0x08, 0x00, 0x00, 0x00, 0x1B, 0x00, 0x00, 0x00, 0x31, 0x00, 0x00, 0x00
	.byte 0x00, 0x00, 0x00, 0x00, 0x01, 0x00, 0x00, 0x00, 0x04, 0x00, 0x00, 0x00, 0x16, 0x00, 0x00, 0x00
	.byte 0x31, 0x00, 0x00, 0x00, 0x00, 0x00, 0x00, 0x00, 0x02, 0x00, 0x00, 0x00, 0x04, 0x00, 0x00, 0x00
	.byte 0x11, 0x00, 0x00, 0x00, 0x31, 0x00, 0x00, 0x00, 0x00, 0x00, 0x00, 0x00, 0x04, 0x00, 0x00, 0x00
	.byte 0x04, 0x00, 0x00, 0x00, 0x0C, 0x00, 0x00, 0x00, 0x31, 0x00, 0x00, 0x00, 0x00, 0x00, 0x00, 0x00
	.byte 0x05, 0x00, 0x00, 0x00, 0x04, 0x00, 0x00, 0x00, 0x07, 0x00, 0x00, 0x00, 0x31, 0x00, 0x00, 0x00
	.byte 0x00, 0x00, 0x00, 0x00, 0x06, 0x00, 0x00, 0x00, 0x04, 0x00, 0x00, 0x00, 0x02, 0x00, 0x00, 0x00
	.byte 0x4C, 0x00, 0x00, 0x00, 0x05, 0x00, 0x00, 0x00, 0x00, 0x00, 0x00, 0x00, 0x32, 0x00, 0x00, 0x00
	.byte 0x02, 0x00, 0x00, 0x00, 0x04, 0x00, 0x00, 0x00, 0xFD, 0xFF, 0xFF, 0xFF, 0x32, 0x00, 0x00, 0x00
	.byte 0x00, 0x00, 0x00, 0x00, 0x01, 0x00, 0x00, 0x00, 0x08, 0x00, 0x00, 0x00, 0x34, 0x00, 0x00, 0x00
	.byte 0x32, 0x00, 0x00, 0x00, 0x00, 0x00, 0x00, 0x00, 0x02, 0x00, 0x00, 0x00, 0x08, 0x00, 0x00, 0x00
	.byte 0x2F, 0x00, 0x00, 0x00, 0x32, 0x00, 0x00, 0x00, 0x00, 0x00, 0x00, 0x00, 0x04, 0x00, 0x00, 0x00
	.byte 0x08, 0x00, 0x00, 0x00, 0x2A, 0x00, 0x00, 0x00, 0x32, 0x00, 0x00, 0x00, 0x00, 0x00, 0x00, 0x00
	.byte 0x05, 0x00, 0x00, 0x00, 0x08, 0x00, 0x00, 0x00, 0x25, 0x00, 0x00, 0x00, 0x32, 0x00, 0x00, 0x00
	.byte 0x00, 0x00, 0x00, 0x00, 0x07, 0x00, 0x00, 0x00, 0x08, 0x00, 0x00, 0x00, 0x20, 0x00, 0x00, 0x00
	.byte 0x31, 0x00, 0x00, 0x00, 0x01, 0x00, 0x00, 0x00, 0x01, 0x00, 0x00, 0x00, 0x04, 0x00, 0x00, 0x00
	.byte 0x1B, 0x00, 0x00, 0x00, 0x31, 0x00, 0x00, 0x00, 0x01, 0x00, 0x00, 0x00, 0x02, 0x00, 0x00, 0x00
	.byte 0x04, 0x00, 0x00, 0x00, 0x16, 0x00, 0x00, 0x00, 0x31, 0x00, 0x00, 0x00, 0x01, 0x00, 0x00, 0x00
	.byte 0x04, 0x00, 0x00, 0x00, 0x04, 0x00, 0x00, 0x00, 0x11, 0x00, 0x00, 0x00, 0x31, 0x00, 0x00, 0x00
	.byte 0x01, 0x00, 0x00, 0x00, 0x05, 0x00, 0x00, 0x00, 0x04, 0x00, 0x00, 0x00, 0x0C, 0x00, 0x00, 0x00
	.byte 0x31, 0x00, 0x00, 0x00, 0x01, 0x00, 0x00, 0x00, 0x06, 0x00, 0x00, 0x00, 0x04, 0x00, 0x00, 0x00
	.byte 0x07, 0x00, 0x00, 0x00, 0x00, 0x00, 0x00, 0x00, 0x32, 0x00, 0x00, 0x00, 0x09, 0x00, 0x00, 0x00
	.byte 0x04, 0x00, 0x00, 0x00, 0xFF, 0xFF, 0xFF, 0xFF, 0x4C, 0x00, 0x00, 0x00, 0x05, 0x00, 0x00, 0x00
	.byte 0x00, 0x00, 0x00, 0x00, 0x32, 0x00, 0x00, 0x00, 0x02, 0x00, 0x00, 0x00, 0x04, 0x00, 0x00, 0x00
	.byte 0x03, 0x00, 0x00, 0x00, 0x4D, 0x00, 0x00, 0x00, 0x06, 0x00, 0x00, 0x00, 0x01, 0x00, 0x00, 0x00
	.byte 0x5A, 0x00, 0x00, 0x00, 0x02, 0x00, 0x00, 0x00, 0x04, 0x00, 0x00, 0x00, 0xFE, 0xFF, 0xFF, 0xFF
	.byte 0x4D, 0x00, 0x00, 0x00, 0x60, 0x00, 0x00, 0x00, 0x00, 0x00, 0x00, 0x00, 0x12, 0x00, 0x00, 0x00
	.byte 0x03, 0x00, 0x00, 0x00, 0x29, 0x00, 0x00, 0x00, 0x0F, 0x00, 0x00, 0x00, 0x00, 0x00, 0x00, 0x00
	.byte 0x04, 0x00, 0x00, 0x00, 0x2A, 0x00, 0x00, 0x00, 0x0F, 0x00, 0x00, 0x00, 0x00, 0x00, 0x00, 0x00
	.byte 0x80, 0x00, 0x00, 0x00, 0x26, 0x00, 0x00, 0x00, 0x0F, 0x00, 0x00, 0x00, 0x00, 0x00, 0x00, 0x00
	.byte 0x00, 0x04, 0x00, 0x00, 0x22, 0x00, 0x00, 0x00, 0x32, 0x00, 0x00, 0x00, 0x00, 0x00, 0x00, 0x00
	.byte 0x01, 0x00, 0x00, 0x00, 0x08, 0x00, 0x00, 0x00, 0x1D, 0x00, 0x00, 0x00, 0x32, 0x00, 0x00, 0x00
	.byte 0x00, 0x00, 0x00, 0x00, 0x02, 0x00, 0x00, 0x00, 0x08, 0x00, 0x00, 0x00, 0x18, 0x00, 0x00, 0x00
	.byte 0x32, 0x00, 0x00, 0x00, 0x00, 0x00, 0x00, 0x00, 0x04, 0x00, 0x00, 0x00, 0x08, 0x00, 0x00, 0x00
	.byte 0x13, 0x00, 0x00, 0x00, 0x32, 0x00, 0x00, 0x00, 0x00, 0x00, 0x00, 0x00, 0x05, 0x00, 0x00, 0x00
	.byte 0x08, 0x00, 0x00, 0x00, 0x0E, 0x00, 0x00, 0x00, 0x32, 0x00, 0x00, 0x00, 0x00, 0x00, 0x00, 0x00
	.byte 0x07, 0x00, 0x00, 0x00, 0x08, 0x00, 0x00, 0x00, 0x09, 0x00, 0x00, 0x00, 0x04, 0x00, 0x00, 0x00
	.byte 0xFD, 0xFF, 0xFF, 0xFF, 0x4C, 0x00, 0x00, 0x00, 0x0A, 0x00, 0x00, 0x00, 0x00, 0x00, 0x00, 0x00
	.byte 0x40, 0x00, 0x00, 0x00, 0x02, 0x00, 0x00, 0x00, 0x04, 0x00, 0x00, 0x00, 0x02, 0x00, 0x00, 0x00
	.byte 0x00, 0x00, 0x00, 0x00, 0x80, 0x00, 0x00, 0x00, 0x02, 0x00, 0x00, 0x00, 0x04, 0x00, 0x00, 0x00
	.byte 0x02, 0x00, 0x00, 0x00, 0x4D, 0x00, 0x00, 0x00, 0x06, 0x00, 0x00, 0x00, 0x01, 0x00, 0x00, 0x00
	.byte 0x5A, 0x00, 0x00, 0x00, 0x02, 0x00, 0x00, 0x00, 0x04, 0x00, 0x00, 0x00, 0xFE, 0xFF, 0xFF, 0xFF
	.byte 0x1D, 0x00, 0x00, 0x00, 0x13, 0x00, 0x00, 0x00, 0x00, 0x00, 0x00, 0x00, 0x03, 0x00, 0x00, 0x00
	.byte 0x00, 0x00, 0x00, 0x00, 0xC8, 0x00, 0x00, 0x00, 0xC7, 0xF9, 0xFF, 0xFF, 0x4D, 0x00, 0x00, 0x00
	.byte 0x2E, 0x00, 0x00, 0x00, 0x13, 0x00, 0x00, 0x00, 0x04, 0x00, 0x00, 0x00, 0x08, 0x00, 0x00, 0x00
	.byte 0x13, 0x00, 0x00, 0x00, 0x02, 0x00, 0x00, 0x00, 0x05, 0x00, 0x00, 0x00, 0x13, 0x00, 0x00, 0x00
	.byte 0x03, 0x00, 0x00, 0x00, 0x02, 0x00, 0x00, 0x00, 0x4C, 0x00, 0x00, 0x00, 0x02, 0x00, 0x00, 0x00
	.byte 0x04, 0x00, 0x00, 0x00, 0xFE, 0xFF, 0xFF, 0xFF, 0x07, 0x00, 0x00, 0x00, 0x01, 0x00, 0x00, 0x00
	.byte 0x64, 0x00, 0x00, 0x00, 0x12, 0x00, 0x00, 0x00, 0x24, 0x00, 0x00, 0x00, 0x01, 0x00, 0x00, 0x00
	.byte 0x13, 0x00, 0x00, 0x00, 0x04, 0x00, 0x00, 0x00, 0xF8, 0xFF, 0xFF, 0xFF, 0x4C, 0x00, 0x00, 0x00
	.byte 0x26, 0x00, 0x00, 0x00, 0x05, 0x00, 0x00, 0x00, 0x01, 0x00, 0x00, 0x00, 0x32, 0x00, 0x00, 0x00
	.byte 0x16, 0x00, 0x00, 0x00, 0x06, 0x00, 0x00, 0x00, 0x01, 0x00, 0x00, 0x00, 0x50, 0x00, 0x00, 0x00
	.byte 0x03, 0x00, 0x00, 0x00, 0x00, 0x00, 0x00, 0x00, 0x46, 0x00, 0x00, 0x00, 0x0F, 0x00, 0x00, 0x00
	.byte 0x04, 0x00, 0x00, 0x00, 0xFD, 0xFF, 0xFF, 0xFF, 0x4C, 0x00, 0x00, 0x00, 0x17, 0x00, 0x00, 0x00
	.byte 0x05, 0x00, 0x00, 0x00, 0x01, 0x00, 0x00, 0x00, 0x46, 0x00, 0x00, 0x00, 0x07, 0x00, 0x00, 0x00
	.byte 0x00, 0x00, 0x00, 0x00, 0x1E, 0x00, 0x00, 0x00, 0x04, 0x00, 0x00, 0x00, 0x04, 0x00, 0x00, 0x00
	.byte 0xFD, 0xFF, 0xFF, 0xFF, 0x4C, 0x00, 0x00, 0x00, 0x0C, 0x00, 0x00, 0x00, 0x3A, 0x00, 0x00, 0x00
	.byte 0x00, 0x00, 0x00, 0x00, 0xC3, 0x00, 0x00, 0x00, 0x03, 0x00, 0x00, 0x00, 0x00, 0x00, 0x00, 0x00
	.byte 0x64, 0x00, 0x00, 0x00, 0x05, 0x00, 0x00, 0x00, 0x00, 0x00, 0x00, 0x00, 0x14, 0x00, 0x00, 0x00
	.byte 0x02, 0x00, 0x00, 0x00, 0x04, 0x00, 0x00, 0x00, 0x02, 0x00, 0x00, 0x00, 0x4D, 0x00, 0x00, 0x00
	.byte 0x1C, 0x00, 0x00, 0x00, 0x12, 0x00, 0x00, 0x00, 0x06, 0x00, 0x00, 0x00, 0x01, 0x00, 0x00, 0x00
	.byte 0x32, 0x00, 0x00, 0x00, 0x05, 0x00, 0x00, 0x00, 0x00, 0x00, 0x00, 0x00, 0x32, 0x00, 0x00, 0x00
	.byte 0x02, 0x00, 0x00, 0x00, 0x04, 0x00, 0x00, 0x00, 0xFD, 0xFF, 0xFF, 0xFF, 0x06, 0x00, 0x00, 0x00
	.byte 0x00, 0x00, 0x00, 0x00, 0x32, 0x00, 0x00, 0x00, 0x05, 0x00, 0x00, 0x00, 0x00, 0x00, 0x00, 0x00
	.byte 0x32, 0x00, 0x00, 0x00, 0x02, 0x00, 0x00, 0x00, 0x04, 0x00, 0x00, 0x00, 0xFD, 0xFF, 0xFF, 0xFF
	.byte 0x39, 0x00, 0x00, 0x00, 0x01, 0x00, 0x00, 0x00, 0x0E, 0x00, 0x00, 0x00, 0x06, 0x00, 0x00, 0x00
	.byte 0x39, 0x00, 0x00, 0x00, 0x01, 0x00, 0x00, 0x00, 0x6F, 0x00, 0x00, 0x00, 0x02, 0x00, 0x00, 0x00
	.byte 0x4C, 0x00, 0x00, 0x00, 0x05, 0x00, 0x00, 0x00, 0x00, 0x00, 0x00, 0x00, 0x3C, 0x00, 0x00, 0x00
	.byte 0x02, 0x00, 0x00, 0x00, 0x04, 0x00, 0x00, 0x00, 0x02, 0x00, 0x00, 0x00, 0x4D, 0x00, 0x00, 0x00
	.byte 0x05, 0x00, 0x00, 0x00, 0x01, 0x00, 0x00, 0x00, 0x32, 0x00, 0x00, 0x00, 0x14, 0x00, 0x00, 0x00
	.byte 0x05, 0x00, 0x00, 0x00, 0x01, 0x00, 0x00, 0x00, 0x5A, 0x00, 0x00, 0x00, 0x05, 0x00, 0x00, 0x00
	.byte 0x00, 0x00, 0x00, 0x00, 0x80, 0x00, 0x00, 0x00, 0x02, 0x00, 0x00, 0x00, 0x04, 0x00, 0x00, 0x00
	.byte 0x01, 0x00, 0x00, 0x00, 0x5E, 0x00, 0x00, 0x00, 0x14, 0x00, 0x00, 0x00, 0x01, 0x00, 0x00, 0x00
	.byte 0x09, 0x00, 0x00, 0x00, 0x00, 0x00, 0x00, 0x00, 0x40, 0x00, 0x00, 0x00, 0x06, 0x00, 0x00, 0x00
	.byte 0x04, 0x00, 0x00, 0x00, 0x01, 0x00, 0x00, 0x00, 0x4C, 0x00, 0x00, 0x00, 0x02, 0x00, 0x00, 0x00
	.byte 0x04, 0x00, 0x00, 0x00, 0xFE, 0xFF, 0xFF, 0xFF, 0x4D, 0x00, 0x00, 0x00, 0x0A, 0x00, 0x00, 0x00
	.byte 0x0B, 0x00, 0x00, 0x00, 0x0C, 0x00, 0x00, 0x00, 0x0D, 0x00, 0x00, 0x00, 0x0E, 0x00, 0x00, 0x00
	.byte 0x0F, 0x00, 0x00, 0x00, 0x10, 0x00, 0x00, 0x00, 0x11, 0x00, 0x00, 0x00, 0xFF, 0xFF, 0xFF, 0xFF
	.byte 0x24, 0x00, 0x00, 0x00, 0x01, 0x00, 0x00, 0x00, 0x17, 0x00, 0x00, 0x00, 0x08, 0x00, 0x00, 0x00
	.byte 0x01, 0x00, 0x00, 0x00, 0x64, 0x00, 0x00, 0x00, 0x04, 0x00, 0x00, 0x00, 0x04, 0x00, 0x00, 0x00
	.byte 0xF8, 0xFF, 0xFF, 0xFF, 0x4C, 0x00, 0x00, 0x00, 0x2A, 0x00, 0x00, 0x00, 0x05, 0x00, 0x00, 0x00
	.byte 0x01, 0x00, 0x00, 0x00, 0x28, 0x00, 0x00, 0x00, 0x1A, 0x00, 0x00, 0x00, 0x06, 0x00, 0x00, 0x00
	.byte 0x01, 0x00, 0x00, 0x00, 0x32, 0x00, 0x00, 0x00, 0x03, 0x00, 0x00, 0x00, 0x00, 0x00, 0x00, 0x00
	.byte 0x46, 0x00, 0x00, 0x00, 0x13, 0x00, 0x00, 0x00, 0x04, 0x00, 0x00, 0x00, 0xFD, 0xFF, 0xFF, 0xFF
	.byte 0x4C, 0x00, 0x00, 0x00, 0x1B, 0x00, 0x00, 0x00, 0x05, 0x00, 0x00, 0x00, 0x01, 0x00, 0x00, 0x00
	.byte 0x3C, 0x00, 0x00, 0x00, 0x0B, 0x00, 0x00, 0x00, 0x06, 0x00, 0x00, 0x00, 0x01, 0x00, 0x00, 0x00
	.byte 0x46, 0x00, 0x00, 0x00, 0x03, 0x00, 0x00, 0x00, 0x00, 0x00, 0x00, 0x00, 0x32, 0x00, 0x00, 0x00
	.byte 0x04, 0x00, 0x00, 0x00, 0x04, 0x00, 0x00, 0x00, 0xFD, 0xFF, 0xFF, 0xFF, 0x4C, 0x00, 0x00, 0x00
	.byte 0x0C, 0x00, 0x00, 0x00, 0x3A, 0x00, 0x00, 0x00, 0x00, 0x00, 0x00, 0x00, 0xC3, 0x00, 0x00, 0x00
	.byte 0x03, 0x00, 0x00, 0x00, 0x00, 0x00, 0x00, 0x00, 0x32, 0x00, 0x00, 0x00, 0x05, 0x00, 0x00, 0x00
	.byte 0x00, 0x00, 0x00, 0x00, 0x0A, 0x00, 0x00, 0x00, 0x02, 0x00, 0x00, 0x00, 0x04, 0x00, 0x00, 0x00
	.byte 0x03, 0x00, 0x00, 0x00, 0x4D, 0x00, 0x00, 0x00, 0x00, 0x00, 0x00, 0x00, 0xC0, 0x00, 0x00, 0x00
	.byte 0x02, 0x00, 0x00, 0x00, 0x04, 0x00, 0x00, 0x00, 0x01, 0x00, 0x00, 0x00, 0x4D, 0x00, 0x00, 0x00
	.byte 0x06, 0x00, 0x00, 0x00, 0x00, 0x00, 0x00, 0x00, 0x32, 0x00, 0x00, 0x00, 0x02, 0x00, 0x00, 0x00
	.byte 0x04, 0x00, 0x00, 0x00, 0xFF, 0xFF, 0xFF, 0xFF, 0x4D, 0x00, 0x00, 0x00, 0x09, 0x00, 0x00, 0x00
	.byte 0x00, 0x00, 0x00, 0x00, 0x80, 0x00, 0x00, 0x00, 0x0E, 0x00, 0x00, 0x00, 0x0B, 0x00, 0x00, 0x00
	.byte 0x00, 0x00, 0x00, 0x00, 0x00, 0x00, 0x00, 0x10, 0x0A, 0x00, 0x00, 0x00, 0x0D, 0x00, 0x00, 0x00
	.byte 0x00, 0x00, 0x00, 0x00, 0x20, 0x00, 0x00, 0x00, 0x06, 0x00, 0x00, 0x00, 0x0B, 0x00, 0x00, 0x00
	.byte 0x00, 0x00, 0x00, 0x00, 0x00, 0x00, 0x0F, 0x00, 0x02, 0x00, 0x00, 0x00, 0x4C, 0x00, 0x00, 0x00
	.byte 0x05, 0x00, 0x00, 0x00, 0x00, 0x00, 0x00, 0x00, 0x80, 0x00, 0x00, 0x00, 0x02, 0x00, 0x00, 0x00
	.byte 0x04, 0x00, 0x00, 0x00, 0x01, 0x00, 0x00, 0x00, 0x4D, 0x00, 0x00, 0x00, 0x2B, 0x00, 0x00, 0x00
	.byte 0x00, 0x00, 0x00, 0x00, 0x14, 0x00, 0x00, 0x00, 0x2B, 0x00, 0x00, 0x00, 0x0A, 0x00, 0x00, 0x00
	.byte 0x11, 0x00, 0x00, 0x00, 0x2B, 0x00, 0x00, 0x00, 0x14, 0x00, 0x00, 0x00, 0x0E, 0x00, 0x00, 0x00
	.byte 0x2B, 0x00, 0x00, 0x00, 0x50, 0x00, 0x00, 0x00, 0x06, 0x00, 0x00, 0x00, 0x2B, 0x00, 0x00, 0x00
	.byte 0xA0, 0x00, 0x00, 0x00, 0x03, 0x00, 0x00, 0x00, 0x00, 0x00, 0x00, 0x00, 0x80, 0x00, 0x00, 0x00
	.byte 0x05, 0x00, 0x00, 0x00, 0x00, 0x00, 0x00, 0x00, 0x80, 0x00, 0x00, 0x00, 0x02, 0x00, 0x00, 0x00
	.byte 0x04, 0x00, 0x00, 0x00, 0x01, 0x00, 0x00, 0x00, 0x4D, 0x00, 0x00, 0x00, 0x37, 0x00, 0x00, 0x00
	.byte 0x01, 0x00, 0x00, 0x00, 0xF4, 0x00, 0x00, 0x00, 0x1B, 0x00, 0x00, 0x00, 0x00, 0x00, 0x00, 0x00
	.byte 0x80, 0x00, 0x00, 0x00, 0x02, 0x00, 0x00, 0x00, 0x04, 0x00, 0x00, 0x00, 0x01, 0x00, 0x00, 0x00
	.byte 0x06, 0x00, 0x00, 0x00, 0x00, 0x00, 0x00, 0x00, 0x46, 0x00, 0x00, 0x00, 0x11, 0x00, 0x00, 0x00
	.byte 0x00, 0x00, 0x00, 0x00, 0x80, 0x00, 0x00, 0x00, 0x02, 0x00, 0x00, 0x00, 0x04, 0x00, 0x00, 0x00
	.byte 0xFF, 0xFF, 0xFF, 0xFF, 0x06, 0x00, 0x00, 0x00, 0x00, 0x00, 0x00, 0x00, 0x32, 0x00, 0x00, 0x00
	.byte 0x08, 0x00, 0x00, 0x00, 0x04, 0x00, 0x00, 0x00, 0xFF, 0xFF, 0xFF, 0xFF, 0x06, 0x00, 0x00, 0x00
	.byte 0x00, 0x00, 0x00, 0x00, 0x1E, 0x00, 0x00, 0x00, 0x02, 0x00, 0x00, 0x00, 0x04, 0x00, 0x00, 0x00
	.byte 0xFF, 0xFF, 0xFF, 0xFF, 0x4D, 0x00, 0x00, 0x00, 0x32, 0x00, 0x00, 0x00, 0x00, 0x00, 0x00, 0x00
	.byte 0x01, 0x00, 0x00, 0x00, 0x03, 0x00, 0x00, 0x00, 0x0A, 0x00, 0x00, 0x00, 0x04, 0x00, 0x00, 0x00
	.byte 0x03, 0x00, 0x00, 0x00, 0x1D, 0x00, 0x00, 0x00, 0x14, 0x00, 0x00, 0x00, 0x00, 0x00, 0x00, 0x00
	.byte 0x06, 0x00, 0x00, 0x00, 0x04, 0x00, 0x00, 0x00, 0x02, 0x00, 0x00, 0x00, 0x4C, 0x00, 0x00, 0x00
	.byte 0x02, 0x00, 0x00, 0x00, 0x04, 0x00, 0x00, 0x00, 0xFB, 0xFF, 0xFF, 0xFF, 0x4D, 0x00, 0x00, 0x00
	.byte 0x05, 0x00, 0x00, 0x00, 0x01, 0x00, 0x00, 0x00, 0x32, 0x00, 0x00, 0x00, 0x14, 0x00, 0x00, 0x00
	.byte 0x05, 0x00, 0x00, 0x00, 0x01, 0x00, 0x00, 0x00, 0x5A, 0x00, 0x00, 0x00, 0x05, 0x00, 0x00, 0x00
	.byte 0x00, 0x00, 0x00, 0x00, 0x80, 0x00, 0x00, 0x00, 0x02, 0x00, 0x00, 0x00, 0x04, 0x00, 0x00, 0x00
	.byte 0x01, 0x00, 0x00, 0x00, 0x5E, 0x00, 0x00, 0x00, 0x14, 0x00, 0x00, 0x00, 0x00, 0x00, 0x00, 0x00
	.byte 0x09, 0x00, 0x00, 0x00, 0x00, 0x00, 0x00, 0x00, 0x40, 0x00, 0x00, 0x00, 0x06, 0x00, 0x00, 0x00
	.byte 0x04, 0x00, 0x00, 0x00, 0x01, 0x00, 0x00, 0x00, 0x4C, 0x00, 0x00, 0x00, 0x02, 0x00, 0x00, 0x00
	.byte 0x04, 0x00, 0x00, 0x00, 0xFE, 0xFF, 0xFF, 0xFF, 0x4D, 0x00, 0x00, 0x00, 0x00, 0x00, 0x00, 0x00
	.byte 0x01, 0x00, 0x00, 0x00, 0x02, 0x00, 0x00, 0x00, 0x03, 0x00, 0x00, 0x00, 0x04, 0x00, 0x00, 0x00
	.byte 0x05, 0x00, 0x00, 0x00, 0x06, 0x00, 0x00, 0x00, 0x07, 0x00, 0x00, 0x00, 0x08, 0x00, 0x00, 0x00
	.byte 0xFF, 0xFF, 0xFF, 0xFF, 0x05, 0x00, 0x00, 0x00, 0x01, 0x00, 0x00, 0x00, 0x32, 0x00, 0x00, 0x00
	.byte 0x04, 0x00, 0x00, 0x00, 0x06, 0x00, 0x00, 0x00, 0x00, 0x00, 0x00, 0x00, 0x32, 0x00, 0x00, 0x00
	.byte 0x02, 0x00, 0x00, 0x00, 0x04, 0x00, 0x00, 0x00, 0xFF, 0xFF, 0xFF, 0xFF, 0x4D, 0x00, 0x00, 0x00
	.byte 0x24, 0x00, 0x00, 0x00, 0x01, 0x00, 0x00, 0x00, 0x08, 0x00, 0x00, 0x00, 0x06, 0x00, 0x00, 0x00
	.byte 0x01, 0x00, 0x00, 0x00, 0x46, 0x00, 0x00, 0x00, 0x09, 0x00, 0x00, 0x00, 0x04, 0x00, 0x00, 0x00
	.byte 0xFF, 0xFF, 0xFF, 0xFF, 0x4C, 0x00, 0x00, 0x00, 0x05, 0x00, 0x00, 0x00, 0x00, 0x00, 0x00, 0x00
	.byte 0x14, 0x00, 0x00, 0x00, 0x02, 0x00, 0x00, 0x00, 0x04, 0x00, 0x00, 0x00, 0x03, 0x00, 0x00, 0x00
	.byte 0x4D, 0x00, 0x00, 0x00, 0x24, 0x00, 0x00, 0x00, 0x01, 0x00, 0x00, 0x00, 0x10, 0x00, 0x00, 0x00
	.byte 0x06, 0x00, 0x00, 0x00, 0x01, 0x00, 0x00, 0x00, 0x3C, 0x00, 0x00, 0x00, 0x0C, 0x00, 0x00, 0x00
	.byte 0x05, 0x00, 0x00, 0x00, 0x01, 0x00, 0x00, 0x00, 0x28, 0x00, 0x00, 0x00, 0x03, 0x00, 0x00, 0x00
	.byte 0x00, 0x00, 0x00, 0x00, 0xB4, 0x00, 0x00, 0x00, 0x05, 0x00, 0x00, 0x00, 0x00, 0x00, 0x00, 0x00
	.byte 0x32, 0x00, 0x00, 0x00, 0x02, 0x00, 0x00, 0x00, 0x04, 0x00, 0x00, 0x00, 0xFF, 0xFF, 0xFF, 0xFF
	.byte 0x4D, 0x00, 0x00, 0x00, 0x38, 0x00, 0x00, 0x00, 0x01, 0x00, 0x00, 0x00, 0x08, 0x01, 0x00, 0x00
	.byte 0x05, 0x00, 0x00, 0x00, 0x00, 0x00, 0x00, 0x00, 0x60, 0x00, 0x00, 0x00, 0x02, 0x00, 0x00, 0x00
	.byte 0x04, 0x00, 0x00, 0x00, 0x01, 0x00, 0x00, 0x00, 0x06, 0x00, 0x00, 0x00, 0x01, 0x00, 0x00, 0x00
	.byte 0x5A, 0x00, 0x00, 0x00, 0x17, 0x00, 0x00, 0x00, 0x06, 0x00, 0x00, 0x00, 0x01, 0x00, 0x00, 0x00
	.byte 0x46, 0x00, 0x00, 0x00, 0x0E, 0x00, 0x00, 0x00, 0x06, 0x00, 0x00, 0x00, 0x01, 0x00, 0x00, 0x00
	.byte 0x32, 0x00, 0x00, 0x00, 0x05, 0x00, 0x00, 0x00, 0x00, 0x00, 0x00, 0x00, 0x64, 0x00, 0x00, 0x00
	.byte 0x02, 0x00, 0x00, 0x00, 0x04, 0x00, 0x00, 0x00, 0xFF, 0xFF, 0xFF, 0xFF, 0x00, 0x00, 0x00, 0x00
	.byte 0x64, 0x00, 0x00, 0x00, 0x02, 0x00, 0x00, 0x00, 0x04, 0x00, 0x00, 0x00, 0xFF, 0xFF, 0xFF, 0xFF
	.byte 0x00, 0x00, 0x00, 0x00, 0x64, 0x00, 0x00, 0x00, 0x02, 0x00, 0x00, 0x00, 0x04, 0x00, 0x00, 0x00
	.byte 0xFF, 0xFF, 0xFF, 0xFF, 0x24, 0x00, 0x00, 0x00, 0x01, 0x00, 0x00, 0x00, 0x2F, 0x00, 0x00, 0x00
	.byte 0x21, 0x00, 0x00, 0x00, 0x00, 0x00, 0x00, 0x00, 0x49, 0x00, 0x00, 0x00, 0x13, 0x00, 0x00, 0x00
	.byte 0x01, 0x00, 0x00, 0x00, 0x14, 0x00, 0x00, 0x00, 0x13, 0x00, 0x00, 0x00, 0x21, 0x00, 0x00, 0x00
	.byte 0x11, 0x00, 0x00, 0x00, 0x13, 0x00, 0x00, 0x00, 0x42, 0x00, 0x00, 0x00, 0x0E, 0x00, 0x00, 0x00
	.byte 0x13, 0x00, 0x00, 0x00, 0x43, 0x00, 0x00, 0x00, 0x0B, 0x00, 0x00, 0x00, 0x13, 0x00, 0x00, 0x00
	.byte 0xA7, 0x00, 0x00, 0x00, 0x08, 0x00, 0x00, 0x00, 0x13, 0x00, 0x00, 0x00, 0x31, 0x00, 0x00, 0x00
	.byte 0x0B, 0x00, 0x00, 0x00, 0x13, 0x00, 0x00, 0x00, 0x54, 0x00, 0x00, 0x00, 0x0E, 0x00, 0x00, 0x00
	.byte 0x4C, 0x00, 0x00, 0x00, 0x15, 0x00, 0x00, 0x00, 0x0A, 0x00, 0x00, 0x00, 0x00, 0x00, 0x00, 0x00
	.byte 0xFF, 0x00, 0x00, 0x00, 0x0C, 0x00, 0x00, 0x00, 0x4C, 0x00, 0x00, 0x00, 0x0F, 0x00, 0x00, 0x00
	.byte 0x0C, 0x00, 0x00, 0x00, 0x00, 0x00, 0x00, 0x00, 0x07, 0x00, 0x00, 0x00, 0x06, 0x00, 0x00, 0x00
	.byte 0x4C, 0x00, 0x00, 0x00, 0x09, 0x00, 0x00, 0x00, 0x0D, 0x00, 0x00, 0x00, 0x00, 0x00, 0x00, 0x00
	.byte 0x04, 0x00, 0x00, 0x00, 0x05, 0x00, 0x00, 0x00, 0x00, 0x00, 0x00, 0x00, 0x64, 0x00, 0x00, 0x00
	.byte 0x02, 0x00, 0x00, 0x00, 0x04, 0x00, 0x00, 0x00, 0x01, 0x00, 0x00, 0x00, 0x4D, 0x00, 0x00, 0x00
	.byte 0x2B, 0x00, 0x00, 0x00, 0x00, 0x00, 0x00, 0x00, 0x1F, 0x00, 0x00, 0x00, 0x2B, 0x00, 0x00, 0x00
	.byte 0x0A, 0x00, 0x00, 0x00, 0x1C, 0x00, 0x00, 0x00, 0x2B, 0x00, 0x00, 0x00, 0x14, 0x00, 0x00, 0x00
	.byte 0x19, 0x00, 0x00, 0x00, 0x29, 0x00, 0x00, 0x00, 0x01, 0x00, 0x00, 0x00, 0x13, 0x00, 0x00, 0x00
	.byte 0x36, 0x00, 0x00, 0x00, 0x09, 0x00, 0x00, 0x00, 0x24, 0x00, 0x00, 0x00, 0x01, 0x00, 0x00, 0x00
	.byte 0x0D, 0x00, 0x00, 0x00, 0x06, 0x00, 0x00, 0x00, 0x01, 0x00, 0x00, 0x00, 0x28, 0x00, 0x00, 0x00
	.byte 0x0D, 0x00, 0x00, 0x00, 0x4C, 0x00, 0x00, 0x00, 0x0D, 0x00, 0x00, 0x00, 0x00, 0x00, 0x00, 0x00
	.byte 0x50, 0x00, 0x00, 0x00, 0x0A, 0x00, 0x00, 0x00, 0x04, 0x00, 0x00, 0x00, 0x01, 0x00, 0x00, 0x00
	.byte 0x4C, 0x00, 0x00, 0x00, 0x06, 0x00, 0x00, 0x00, 0x05, 0x00, 0x00, 0x00, 0x01, 0x00, 0x00, 0x00
	.byte 0x3C, 0x00, 0x00, 0x00, 0x02, 0x00, 0x00, 0x00, 0x04, 0x00, 0x00, 0x00, 0xFF, 0xFF, 0xFF, 0xFF
	.byte 0x4D, 0x00, 0x00, 0x00, 0x24, 0x00, 0x00, 0x00, 0x01, 0x00, 0x00, 0x00, 0x0F, 0x00, 0x00, 0x00
	.byte 0x21, 0x00, 0x00, 0x00, 0x00, 0x00, 0x00, 0x00, 0x48, 0x00, 0x00, 0x00, 0x13, 0x00, 0x00, 0x00
	.byte 0x00, 0x00, 0x00, 0x00, 0x04, 0x00, 0x00, 0x00, 0x04, 0x00, 0x00, 0x00, 0x01, 0x00, 0x00, 0x00
	.byte 0x4C, 0x00, 0x00, 0x00, 0x05, 0x00, 0x00, 0x00, 0x00, 0x00, 0x00, 0x00, 0x64, 0x00, 0x00, 0x00
	.byte 0x02, 0x00, 0x00, 0x00, 0x04, 0x00, 0x00, 0x00, 0xFF, 0xFF, 0xFF, 0xFF, 0x4D, 0x00, 0x00, 0x00
	.byte 0x09, 0x00, 0x00, 0x00, 0x00, 0x00, 0x00, 0x00, 0x07, 0x00, 0x00, 0x00, 0x50, 0x00, 0x00, 0x00
	.byte 0x0B, 0x00, 0x00, 0x00, 0x00, 0x00, 0x00, 0x00, 0x00, 0x00, 0x0F, 0x00, 0x4C, 0x00, 0x00, 0x00
	.byte 0x0B, 0x00, 0x00, 0x00, 0x00, 0x00, 0x00, 0x00, 0x07, 0x00, 0x00, 0x00, 0x48, 0x00, 0x00, 0x00
	.byte 0x06, 0x00, 0x00, 0x00, 0x01, 0x00, 0x00, 0x00, 0x1E, 0x00, 0x00, 0x00, 0x05, 0x00, 0x00, 0x00
	.byte 0x00, 0x00, 0x00, 0x00, 0x0A, 0x00, 0x00, 0x00, 0x02, 0x00, 0x00, 0x00, 0x04, 0x00, 0x00, 0x00
	.byte 0xFF, 0xFF, 0xFF, 0xFF, 0x06, 0x00, 0x00, 0x00, 0x01, 0x00, 0x00, 0x00, 0x32, 0x00, 0x00, 0x00
	.byte 0x05, 0x00, 0x00, 0x00, 0x00, 0x00, 0x00, 0x00, 0x64, 0x00, 0x00, 0x00, 0x02, 0x00, 0x00, 0x00
	.byte 0x04, 0x00, 0x00, 0x00, 0xFF, 0xFF, 0xFF, 0xFF, 0x37, 0x00, 0x00, 0x00, 0x01, 0x00, 0x00, 0x00
	.byte 0xF3, 0x00, 0x00, 0x00, 0x2C, 0x00, 0x00, 0x00, 0x21, 0x00, 0x00, 0x00, 0x00, 0x00, 0x00, 0x00
	.byte 0x48, 0x00, 0x00, 0x00, 0x13, 0x00, 0x00, 0x00, 0x00, 0x00, 0x00, 0x00, 0x12, 0x00, 0x00, 0x00
	.byte 0x50, 0x00, 0x00, 0x00, 0x05, 0x00, 0x00, 0x00, 0x00, 0x00, 0x00, 0x00, 0x64, 0x00, 0x00, 0x00
	.byte 0x02, 0x00, 0x00, 0x00, 0x04, 0x00, 0x00, 0x00, 0x01, 0x00, 0x00, 0x00, 0x5E, 0x00, 0x00, 0x00
	.byte 0x14, 0x00, 0x00, 0x00, 0x00, 0x00, 0x00, 0x00, 0x21, 0x00, 0x00, 0x00, 0x00, 0x00, 0x00, 0x00
	.byte 0x64, 0x00, 0x00, 0x00, 0x20, 0x00, 0x00, 0x00, 0x04, 0x00, 0x00, 0x00, 0x01, 0x00, 0x00, 0x00
	.byte 0x4C, 0x00, 0x00, 0x00, 0x1C, 0x00, 0x00, 0x00, 0x50, 0x00, 0x00, 0x00, 0x05, 0x00, 0x00, 0x00
	.byte 0x00, 0x00, 0x00, 0x00, 0x64, 0x00, 0x00, 0x00, 0x02, 0x00, 0x00, 0x00, 0x04, 0x00, 0x00, 0x00
	.byte 0x01, 0x00, 0x00, 0x00, 0x1E, 0x00, 0x00, 0x00, 0x00, 0x00, 0x00, 0x00, 0x19, 0x00, 0x00, 0x00
	.byte 0x11, 0x00, 0x00, 0x00, 0x10, 0x00, 0x00, 0x00, 0x1E, 0x00, 0x00, 0x00, 0x02, 0x00, 0x00, 0x00
	.byte 0x19, 0x00, 0x00, 0x00, 0x0C, 0x00, 0x00, 0x00, 0x0B, 0x00, 0x00, 0x00, 0x00, 0x00, 0x00, 0x00
	.byte 0x32, 0x00, 0x00, 0x00, 0x08, 0x00, 0x00, 0x00, 0x00, 0x00, 0x00, 0x00, 0x64, 0x00, 0x00, 0x00
	.byte 0x02, 0x00, 0x00, 0x00, 0x04, 0x00, 0x00, 0x00, 0x04, 0x00, 0x00, 0x00, 0x4D, 0x00, 0x00, 0x00
	.byte 0x04, 0x00, 0x00, 0x00, 0xFF, 0xFF, 0xFF, 0xFF, 0x4D, 0x00, 0x00, 0x00, 0x00, 0x00, 0x00, 0x00
	.byte 0x01, 0x00, 0x00, 0x00, 0x02, 0x00, 0x00, 0x00, 0x03, 0x00, 0x00, 0x00, 0x04, 0x00, 0x00, 0x00
	.byte 0x05, 0x00, 0x00, 0x00, 0x06, 0x00, 0x00, 0x00, 0x07, 0x00, 0x00, 0x00, 0x08, 0x00, 0x00, 0x00
	.byte 0xFF, 0xFF, 0xFF, 0xFF, 0x3B, 0x00, 0x00, 0x00, 0x00, 0x00, 0x00, 0x00, 0x00, 0x00, 0x00, 0x00
	.byte 0x09, 0x00, 0x00, 0x00, 0x24, 0x00, 0x00, 0x00, 0x01, 0x00, 0x00, 0x00, 0x0D, 0x00, 0x00, 0x00
	.byte 0x21, 0x00, 0x00, 0x00, 0x00, 0x00, 0x00, 0x00, 0x49, 0x00, 0x00, 0x00, 0x1A, 0x00, 0x00, 0x00
	.byte 0x0A, 0x00, 0x00, 0x00, 0x07, 0x00, 0x00, 0x00, 0x00, 0x00, 0x00, 0x00, 0x1E, 0x00, 0x00, 0x00
	.byte 0x06, 0x00, 0x00, 0x00, 0x04, 0x00, 0x00, 0x00, 0x03, 0x00, 0x00, 0x00, 0x4C, 0x00, 0x00, 0x00
	.byte 0x02, 0x00, 0x00, 0x00, 0x04, 0x00, 0x00, 0x00, 0xFE, 0xFF, 0xFF, 0xFF, 0x4D, 0x00, 0x00, 0x00
	.byte 0x08, 0x00, 0x00, 0x00, 0x0A, 0x00, 0x00, 0x00, 0x0B, 0x00, 0x00, 0x00, 0x0C, 0x00, 0x00, 0x00
	.byte 0x0D, 0x00, 0x00, 0x00, 0x19, 0x00, 0x00, 0x00, 0x1C, 0x00, 0x00, 0x00, 0x1E, 0x00, 0x00, 0x00
	.byte 0x21, 0x00, 0x00, 0x00, 0x23, 0x00, 0x00, 0x00, 0x25, 0x00, 0x00, 0x00, 0x28, 0x00, 0x00, 0x00
	.byte 0x36, 0x00, 0x00, 0x00, 0x31, 0x00, 0x00, 0x00, 0x42, 0x00, 0x00, 0x00, 0x43, 0x00, 0x00, 0x00
	.byte 0x54, 0x00, 0x00, 0x00, 0x55, 0x00, 0x00, 0x00, 0x32, 0x00, 0x00, 0x00, 0x5A, 0x00, 0x00, 0x00
	.byte 0x5D, 0x00, 0x00, 0x00, 0x5E, 0x00, 0x00, 0x00, 0x66, 0x00, 0x00, 0x00, 0x6A, 0x00, 0x00, 0x00
	.byte 0x6B, 0x00, 0x00, 0x00, 0x6F, 0x00, 0x00, 0x00, 0xBF, 0x00, 0x00, 0x00, 0x71, 0x00, 0x00, 0x00
	.byte 0x72, 0x00, 0x00, 0x00, 0x73, 0x00, 0x00, 0x00, 0x74, 0x00, 0x00, 0x00, 0x76, 0x00, 0x00, 0x00
	.byte 0x78, 0x00, 0x00, 0x00, 0x7C, 0x00, 0x00, 0x00, 0x88, 0x00, 0x00, 0x00, 0x89, 0x00, 0x00, 0x00
	.byte 0x8E, 0x00, 0x00, 0x00, 0x8F, 0x00, 0x00, 0x00, 0x94, 0x00, 0x00, 0x00, 0x9E, 0x00, 0x00, 0x00
	.byte 0xA0, 0x00, 0x00, 0x00, 0xA1, 0x00, 0x00, 0x00, 0xA2, 0x00, 0x00, 0x00, 0xA4, 0x00, 0x00, 0x00
	.byte 0xA5, 0x00, 0x00, 0x00, 0xA7, 0x00, 0x00, 0x00, 0xAC, 0x00, 0x00, 0x00, 0xAE, 0x00, 0x00, 0x00
	.byte 0xB1, 0x00, 0x00, 0x00, 0xB2, 0x00, 0x00, 0x00, 0xB5, 0x00, 0x00, 0x00, 0xB8, 0x00, 0x00, 0x00
	.byte 0xBC, 0x00, 0x00, 0x00, 0xBF, 0x00, 0x00, 0x00, 0xC0, 0x00, 0x00, 0x00, 0xC1, 0x00, 0x00, 0x00
	.byte 0xC2, 0x00, 0x00, 0x00, 0xC7, 0x00, 0x00, 0x00, 0xC9, 0x00, 0x00, 0x00, 0xD2, 0x00, 0x00, 0x00
	.byte 0xD4, 0x00, 0x00, 0x00, 0xD5, 0x00, 0x00, 0x00, 0xD7, 0x00, 0x00, 0x00, 0xD8, 0x00, 0x00, 0x00
	.byte 0xDC, 0x00, 0x00, 0x00, 0xDE, 0x00, 0x00, 0x00, 0xDF, 0x00, 0x00, 0x00, 0xE1, 0x00, 0x00, 0x00
	.byte 0xE2, 0x00, 0x00, 0x00, 0xE9, 0x00, 0x00, 0x00, 0xEA, 0x00, 0x00, 0x00, 0xEC, 0x00, 0x00, 0x00
	.byte 0xEE, 0x00, 0x00, 0x00, 0xEF, 0x00, 0x00, 0x00, 0xF0, 0x00, 0x00, 0x00, 0xF3, 0x00, 0x00, 0x00
	.byte 0xF4, 0x00, 0x00, 0x00, 0xF7, 0x00, 0x00, 0x00, 0xFA, 0x00, 0x00, 0x00, 0xFB, 0x00, 0x00, 0x00
	.byte 0xFC, 0x00, 0x00, 0x00, 0x03, 0x01, 0x00, 0x00, 0xFF, 0xFF, 0xFF, 0xFF, 0x05, 0x00, 0x00, 0x00
	.byte 0x00, 0x00, 0x00, 0x00, 0x50, 0x00, 0x00, 0x00, 0x13, 0x00, 0x00, 0x00, 0x24, 0x00, 0x00, 0x00
	.byte 0x01, 0x00, 0x00, 0x00, 0x08, 0x00, 0x00, 0x00, 0x06, 0x00, 0x00, 0x00, 0x01, 0x00, 0x00, 0x00
	.byte 0x28, 0x00, 0x00, 0x00, 0x0C, 0x00, 0x00, 0x00, 0x04, 0x00, 0x00, 0x00, 0x01, 0x00, 0x00, 0x00
	.byte 0x4C, 0x00, 0x00, 0x00, 0x0A, 0x00, 0x00, 0x00, 0x06, 0x00, 0x00, 0x00, 0x01, 0x00, 0x00, 0x00
	.byte 0x3C, 0x00, 0x00, 0x00, 0x04, 0x00, 0x00, 0x00, 0x04, 0x00, 0x00, 0x00, 0x01, 0x00, 0x00, 0x00
	.byte 0x4C, 0x00, 0x00, 0x00, 0x02, 0x00, 0x00, 0x00, 0x04, 0x00, 0x00, 0x00, 0xFF, 0xFF, 0xFF, 0xFF
	.byte 0x4D, 0x00, 0x00, 0x00, 0x04, 0x00, 0x00, 0x00, 0x02, 0x00, 0x00, 0x00, 0x4D, 0x00, 0x00, 0x00
	.byte 0x00, 0x00, 0x00, 0x00, 0x80, 0x00, 0x00, 0x00, 0x02, 0x00, 0x00, 0x00, 0x04, 0x00, 0x00, 0x00
	.byte 0x02, 0x00, 0x00, 0x00, 0x4D, 0x00, 0x00, 0x00, 0x09, 0x00, 0x00, 0x00, 0x01, 0x00, 0x00, 0x00
	.byte 0x07, 0x00, 0x00, 0x00, 0xE8, 0xF6, 0xFF, 0xFF, 0x04, 0x00, 0x00, 0x00, 0xFB, 0xFF, 0xFF, 0xFF
	.byte 0x4D, 0x00, 0x00, 0x00, 0x04, 0x00, 0x00, 0x00, 0xFF, 0xFF, 0xFF, 0xFF, 0x24, 0x00, 0x00, 0x00
	.byte 0x01, 0x00, 0x00, 0x00, 0x1B, 0x00, 0x00, 0x00, 0x06, 0x00, 0x00, 0x00, 0x01, 0x00, 0x00, 0x00
	.byte 0x46, 0x00, 0x00, 0x00, 0x17, 0x00, 0x00, 0x00, 0x00, 0x00, 0x00, 0x00, 0x80, 0x00, 0x00, 0x00
	.byte 0x02, 0x00, 0x00, 0x00, 0x04, 0x00, 0x00, 0x00, 0x01, 0x00, 0x00, 0x00, 0x06, 0x00, 0x00, 0x00
	.byte 0x01, 0x00, 0x00, 0x00, 0x32, 0x00, 0x00, 0x00, 0x0E, 0x00, 0x00, 0x00, 0x00, 0x00, 0x00, 0x00
	.byte 0x80, 0x00, 0x00, 0x00, 0x02, 0x00, 0x00, 0x00, 0x04, 0x00, 0x00, 0x00, 0x01, 0x00, 0x00, 0x00
	.byte 0x06, 0x00, 0x00, 0x00, 0x01, 0x00, 0x00, 0x00, 0x1E, 0x00, 0x00, 0x00, 0x05, 0x00, 0x00, 0x00
	.byte 0x00, 0x00, 0x00, 0x00, 0x64, 0x00, 0x00, 0x00, 0x02, 0x00, 0x00, 0x00, 0x04, 0x00, 0x00, 0x00
	.byte 0x02, 0x00, 0x00, 0x00, 0x4D, 0x00, 0x00, 0x00, 0x24, 0x00, 0x00, 0x00, 0x01, 0x00, 0x00, 0x00
	.byte 0x0E, 0x00, 0x00, 0x00, 0x06, 0x00, 0x00, 0x00, 0x01, 0x00, 0x00, 0x00, 0x21, 0x00, 0x00, 0x00
	.byte 0x1D, 0x00, 0x00, 0x00, 0x06, 0x00, 0x00, 0x00, 0x01, 0x00, 0x00, 0x00, 0x14, 0x00, 0x00, 0x00
	.byte 0x1B, 0x00, 0x00, 0x00, 0x05, 0x00, 0x00, 0x00, 0x01, 0x00, 0x00, 0x00, 0x08, 0x00, 0x00, 0x00
	.byte 0x0C, 0x00, 0x00, 0x00, 0x4C, 0x00, 0x00, 0x00, 0x0C, 0x00, 0x00, 0x00, 0x06, 0x00, 0x00, 0x00
	.byte 0x01, 0x00, 0x00, 0x00, 0x3C, 0x00, 0x00, 0x00, 0x0F, 0x00, 0x00, 0x00, 0x06, 0x00, 0x00, 0x00
	.byte 0x01, 0x00, 0x00, 0x00, 0x28, 0x00, 0x00, 0x00, 0x0D, 0x00, 0x00, 0x00, 0x4C, 0x00, 0x00, 0x00
	.byte 0x02, 0x00, 0x00, 0x00, 0x04, 0x00, 0x00, 0x00, 0x01, 0x00, 0x00, 0x00, 0x00, 0x00, 0x00, 0x00
	.byte 0x64, 0x00, 0x00, 0x00, 0x06, 0x00, 0x00, 0x00, 0x04, 0x00, 0x00, 0x00, 0x01, 0x00, 0x00, 0x00
	.byte 0x4C, 0x00, 0x00, 0x00, 0x02, 0x00, 0x00, 0x00, 0x04, 0x00, 0x00, 0x00, 0xFF, 0xFF, 0xFF, 0xFF
	.byte 0x4D, 0x00, 0x00, 0x00, 0x09, 0x00, 0x00, 0x00, 0x01, 0x00, 0x00, 0x00, 0xFF, 0x00, 0x00, 0x00
	.byte 0x06, 0x00, 0x00, 0x00, 0x2C, 0x00, 0x00, 0x00, 0x01, 0x00, 0x00, 0x00, 0xFF, 0x00, 0x00, 0x00
	.byte 0x02, 0x00, 0x00, 0x00, 0x04, 0x00, 0x00, 0x00, 0xFB, 0xFF, 0xFF, 0xFF, 0x4D, 0x00, 0x00, 0x00
	.byte 0x41, 0x00, 0x00, 0x00, 0x00, 0x00, 0x00, 0x00, 0x1A, 0x00, 0x00, 0x00, 0x0A, 0x00, 0x00, 0x00
	.byte 0x07, 0x00, 0x00, 0x00, 0x00, 0x00, 0x00, 0x00, 0x32, 0x00, 0x00, 0x00, 0x06, 0x00, 0x00, 0x00
	.byte 0x04, 0x00, 0x00, 0x00, 0x01, 0x00, 0x00, 0x00, 0x4C, 0x00, 0x00, 0x00, 0x02, 0x00, 0x00, 0x00
	.byte 0x04, 0x00, 0x00, 0x00, 0xFE, 0xFF, 0xFF, 0xFF, 0x4D, 0x00, 0x00, 0x00, 0x06, 0x00, 0x00, 0x00
	.byte 0x0C, 0x00, 0x00, 0x00, 0x01, 0x00, 0x00, 0x00, 0x30, 0x00, 0x00, 0x00, 0x45, 0x00, 0x00, 0x00
	.byte 0x47, 0x00, 0x00, 0x00, 0x5B, 0x00, 0x00, 0x00, 0x13, 0x00, 0x00, 0x00, 0x14, 0x00, 0x00, 0x00
	.byte 0x15, 0x00, 0x00, 0x00, 0x16, 0x00, 0x00, 0x00, 0x17, 0x00, 0x00, 0x00, 0x18, 0x00, 0x00, 0x00
	.byte 0x19, 0x00, 0x00, 0x00, 0x1A, 0x00, 0x00, 0x00, 0x1B, 0x00, 0x00, 0x00, 0x1C, 0x00, 0x00, 0x00
	.byte 0x1D, 0x00, 0x00, 0x00, 0x1E, 0x00, 0x00, 0x00, 0x1F, 0x00, 0x00, 0x00, 0x20, 0x00, 0x00, 0x00
	.byte 0x21, 0x00, 0x00, 0x00, 0x22, 0x00, 0x00, 0x00, 0x23, 0x00, 0x00, 0x00, 0x6D, 0x00, 0x00, 0x00
	.byte 0xFF, 0xFF, 0xFF, 0xFF, 0x1E, 0x00, 0x00, 0x00, 0x01, 0x00, 0x00, 0x00, 0x13, 0x00, 0x00, 0x00
	.byte 0x07, 0x00, 0x00, 0x00, 0x34, 0x00, 0x00, 0x00, 0x1E, 0x00, 0x00, 0x00, 0x03, 0x00, 0x00, 0x00
	.byte 0x13, 0x00, 0x00, 0x00, 0x07, 0x00, 0x00, 0x00, 0x2F, 0x00, 0x00, 0x00, 0x32, 0x00, 0x00, 0x00
	.byte 0x01, 0x00, 0x00, 0x00, 0x02, 0x00, 0x00, 0x00, 0x09, 0x00, 0x00, 0x00, 0x30, 0x00, 0x00, 0x00
	.byte 0x37, 0x00, 0x00, 0x00, 0x01, 0x00, 0x00, 0x00, 0x68, 0x01, 0x00, 0x00, 0x06, 0x00, 0x00, 0x00
	.byte 0x37, 0x00, 0x00, 0x00, 0x01, 0x00, 0x00, 0x00, 0xB1, 0x01, 0x00, 0x00, 0x02, 0x00, 0x00, 0x00
	.byte 0x4C, 0x00, 0x00, 0x00, 0x05, 0x00, 0x00, 0x00, 0x00, 0x00, 0x00, 0x00, 0x20, 0x00, 0x00, 0x00
	.byte 0x07, 0x00, 0x00, 0x00, 0x04, 0x00, 0x00, 0x00, 0x01, 0x00, 0x00, 0x00, 0x00, 0x00, 0x00, 0x00
	.byte 0x80, 0x00, 0x00, 0x00, 0x02, 0x00, 0x00, 0x00, 0x04, 0x00, 0x00, 0x00, 0x01, 0x00, 0x00, 0x00
	.byte 0x32, 0x00, 0x00, 0x00, 0x01, 0x00, 0x00, 0x00, 0x02, 0x00, 0x00, 0x00, 0x07, 0x00, 0x00, 0x00
	.byte 0x17, 0x00, 0x00, 0x00, 0x00, 0x00, 0x00, 0x00, 0x80, 0x00, 0x00, 0x00, 0x02, 0x00, 0x00, 0x00
	.byte 0x04, 0x00, 0x00, 0x00, 0x01, 0x00, 0x00, 0x00, 0x32, 0x00, 0x00, 0x00, 0x01, 0x00, 0x00, 0x00
	.byte 0x02, 0x00, 0x00, 0x00, 0x06, 0x00, 0x00, 0x00, 0x0D, 0x00, 0x00, 0x00, 0x00, 0x00, 0x00, 0x00
	.byte 0x80, 0x00, 0x00, 0x00, 0x0A, 0x00, 0x00, 0x00, 0x04, 0x00, 0x00, 0x00, 0x01, 0x00, 0x00, 0x00
	.byte 0x4C, 0x00, 0x00, 0x00, 0x06, 0x00, 0x00, 0x00, 0x06, 0x00, 0x00, 0x00, 0x01, 0x00, 0x00, 0x00
	.byte 0x50, 0x00, 0x00, 0x00, 0x02, 0x00, 0x00, 0x00, 0x04, 0x00, 0x00, 0x00, 0xFF, 0xFF, 0xFF, 0xFF
	.byte 0x4D, 0x00, 0x00, 0x00, 0x37, 0x00, 0x00, 0x00, 0x00, 0x00, 0x00, 0x00, 0x6C, 0x01, 0x00, 0x00
	.byte 0x06, 0x00, 0x00, 0x00, 0x37, 0x00, 0x00, 0x00, 0x00, 0x00, 0x00, 0x00, 0xD3, 0x01, 0x00, 0x00
	.byte 0x02, 0x00, 0x00, 0x00, 0x4C, 0x00, 0x00, 0x00, 0x05, 0x00, 0x00, 0x00, 0x00, 0x00, 0x00, 0x00
	.byte 0x80, 0x00, 0x00, 0x00, 0x02, 0x00, 0x00, 0x00, 0x04, 0x00, 0x00, 0x00, 0xFE, 0xFF, 0xFF, 0xFF
	.byte 0x4A, 0x00, 0x00, 0x00, 0x01, 0x00, 0x00, 0x00, 0x12, 0x00, 0x00, 0x00, 0x01, 0x00, 0x00, 0x00
	.byte 0x5E, 0x00, 0x00, 0x00, 0x09, 0x00, 0x00, 0x00, 0x01, 0x00, 0x00, 0x00, 0x80, 0x00, 0x00, 0x00
	.byte 0x56, 0x00, 0x00, 0x00, 0x0B, 0x00, 0x00, 0x00, 0x01, 0x00, 0x00, 0x00, 0x00, 0x00, 0x00, 0x10
	.byte 0x52, 0x00, 0x00, 0x00, 0x0D, 0x00, 0x00, 0x00, 0x01, 0x00, 0x00, 0x00, 0x20, 0x00, 0x00, 0x00
	.byte 0x4E, 0x00, 0x00, 0x00, 0x0B, 0x00, 0x00, 0x00, 0x01, 0x00, 0x00, 0x00, 0x00, 0x00, 0x0F, 0x00
	.byte 0x4A, 0x00, 0x00, 0x00, 0x0D, 0x00, 0x00, 0x00, 0x01, 0x00, 0x00, 0x00, 0x04, 0x00, 0x00, 0x00
	.byte 0x46, 0x00, 0x00, 0x00, 0x0D, 0x00, 0x00, 0x00, 0x01, 0x00, 0x00, 0x00, 0x00, 0x18, 0x00, 0x00
	.byte 0x42, 0x00, 0x00, 0x00, 0x39, 0x00, 0x00, 0x00, 0x00, 0x00, 0x00, 0x00, 0x20, 0x00, 0x00, 0x00
	.byte 0x3E, 0x00, 0x00, 0x00, 0x39, 0x00, 0x00, 0x00, 0x00, 0x00, 0x00, 0x00, 0x9C, 0x00, 0x00, 0x00
	.byte 0x3A, 0x00, 0x00, 0x00, 0x09, 0x00, 0x00, 0x00, 0x00, 0x00, 0x00, 0x00, 0x80, 0x00, 0x00, 0x00
	.byte 0x21, 0x00, 0x00, 0x00, 0x0B, 0x00, 0x00, 0x00, 0x00, 0x00, 0x00, 0x00, 0x00, 0x00, 0x00, 0x10
	.byte 0x1D, 0x00, 0x00, 0x00, 0x0D, 0x00, 0x00, 0x00, 0x00, 0x00, 0x00, 0x00, 0x20, 0x00, 0x00, 0x00
	.byte 0x19, 0x00, 0x00, 0x00, 0x0B, 0x00, 0x00, 0x00, 0x00, 0x00, 0x00, 0x00, 0x00, 0x00, 0x0F, 0x00
	.byte 0x15, 0x00, 0x00, 0x00, 0x0D, 0x00, 0x00, 0x00, 0x00, 0x00, 0x00, 0x00, 0x04, 0x00, 0x00, 0x00
	.byte 0x11, 0x00, 0x00, 0x00, 0x0D, 0x00, 0x00, 0x00, 0x00, 0x00, 0x00, 0x00, 0x00, 0x18, 0x00, 0x00
	.byte 0x0D, 0x00, 0x00, 0x00, 0x45, 0x00, 0x00, 0x00, 0x15, 0x00, 0x00, 0x00, 0x02, 0x00, 0x00, 0x00
	.byte 0x09, 0x00, 0x00, 0x00, 0x0D, 0x00, 0x00, 0x00, 0x01, 0x00, 0x00, 0x00, 0x18, 0x00, 0x00, 0x00
	.byte 0x05, 0x00, 0x00, 0x00, 0x00, 0x00, 0x00, 0x00, 0x55, 0x00, 0x00, 0x00, 0x02, 0x00, 0x00, 0x00
	.byte 0x4C, 0x00, 0x00, 0x00, 0x02, 0x00, 0x00, 0x00, 0x04, 0x00, 0x00, 0x00, 0x02, 0x00, 0x00, 0x00
	.byte 0x00, 0x00, 0x00, 0x00, 0x80, 0x00, 0x00, 0x00, 0x02, 0x00, 0x00, 0x00, 0x04, 0x00, 0x00, 0x00
	.byte 0xFF, 0xFF, 0xFF, 0xFF, 0x4A, 0x00, 0x00, 0x00, 0x01, 0x00, 0x00, 0x00, 0x13, 0x00, 0x00, 0x00
	.byte 0x00, 0x00, 0x00, 0x00, 0x0F, 0x00, 0x00, 0x00, 0x04, 0x00, 0x00, 0x00, 0xFF, 0xFF, 0xFF, 0xFF
	.byte 0x00, 0x00, 0x00, 0x00, 0x80, 0x00, 0x00, 0x00, 0x0A, 0x00, 0x00, 0x00, 0x04, 0x00, 0x00, 0x00
	.byte 0xFF, 0xFF, 0xFF, 0xFF, 0x4C, 0x00, 0x00, 0x00, 0x06, 0x00, 0x00, 0x00, 0x0D, 0x00, 0x00, 0x00
	.byte 0x01, 0x00, 0x00, 0x00, 0x18, 0x00, 0x00, 0x00, 0x02, 0x00, 0x00, 0x00, 0x04, 0x00, 0x00, 0x00
	.byte 0xFE, 0xFF, 0xFF, 0xFF, 0x4D, 0x00, 0x00, 0x00, 0x00, 0x00, 0x00, 0x00, 0x80, 0x00, 0x00, 0x00
	.byte 0x11, 0x00, 0x00, 0x00, 0x04, 0x00, 0x00, 0x00, 0x01, 0x00, 0x00, 0x00, 0x37, 0x00, 0x00, 0x00
	.byte 0x01, 0x00, 0x00, 0x00, 0x2E, 0x00, 0x00, 0x00, 0x06, 0x00, 0x00, 0x00, 0x37, 0x00, 0x00, 0x00
	.byte 0x01, 0x00, 0x00, 0x00, 0x12, 0x00, 0x00, 0x00, 0x02, 0x00, 0x00, 0x00, 0x4C, 0x00, 0x00, 0x00
	.byte 0x05, 0x00, 0x00, 0x00, 0x00, 0x00, 0x00, 0x00, 0x40, 0x00, 0x00, 0x00, 0x02, 0x00, 0x00, 0x00
	.byte 0x04, 0x00, 0x00, 0x00, 0x01, 0x00, 0x00, 0x00, 0x4D, 0x00, 0x00, 0x00, 0x1E, 0x00, 0x00, 0x00
	.byte 0x01, 0x00, 0x00, 0x00, 0x13, 0x00, 0x00, 0x00, 0x07, 0x00, 0x00, 0x00, 0x0E, 0x00, 0x00, 0x00
	.byte 0x1E, 0x00, 0x00, 0x00, 0x03, 0x00, 0x00, 0x00, 0x13, 0x00, 0x00, 0x00, 0x07, 0x00, 0x00, 0x00
	.byte 0x09, 0x00, 0x00, 0x00, 0x32, 0x00, 0x00, 0x00, 0x00, 0x00, 0x00, 0x00, 0x07, 0x00, 0x00, 0x00
	.byte 0x08, 0x00, 0x00, 0x00, 0x07, 0x00, 0x00, 0x00, 0x04, 0x00, 0x00, 0x00, 0xFE, 0xFF, 0xFF, 0xFF
	.byte 0x4C, 0x00, 0x00, 0x00, 0x08, 0x00, 0x00, 0x00, 0x00, 0x00, 0x00, 0x00, 0x50, 0x00, 0x00, 0x00
	.byte 0x05, 0x00, 0x00, 0x00, 0x00, 0x00, 0x00, 0x00, 0x50, 0x00, 0x00, 0x00, 0x02, 0x00, 0x00, 0x00
	.byte 0x04, 0x00, 0x00, 0x00, 0x02, 0x00, 0x00, 0x00, 0x4D, 0x00, 0x00, 0x00, 0x05, 0x00, 0x00, 0x00
	.byte 0x01, 0x00, 0x00, 0x00, 0x04, 0x00, 0x00, 0x00, 0x04, 0x00, 0x00, 0x00, 0x05, 0x00, 0x00, 0x00
	.byte 0x01, 0x00, 0x00, 0x00, 0x23, 0x00, 0x00, 0x00, 0x04, 0x00, 0x00, 0x00, 0x04, 0x00, 0x00, 0x00
	.byte 0xFF, 0xFF, 0xFF, 0xFF, 0x4C, 0x00, 0x00, 0x00, 0x05, 0x00, 0x00, 0x00, 0x00, 0x00, 0x00, 0x00
	.byte 0x46, 0x00, 0x00, 0x00, 0x02, 0x00, 0x00, 0x00, 0x04, 0x00, 0x00, 0x00, 0x01, 0x00, 0x00, 0x00
	.byte 0x4D, 0x00, 0x00, 0x00, 0x32, 0x00, 0x00, 0x00, 0x01, 0x00, 0x00, 0x00, 0x01, 0x00, 0x00, 0x00
	.byte 0x08, 0x00, 0x00, 0x00, 0x16, 0x00, 0x00, 0x00, 0x32, 0x00, 0x00, 0x00, 0x01, 0x00, 0x00, 0x00
	.byte 0x02, 0x00, 0x00, 0x00, 0x08, 0x00, 0x00, 0x00, 0x11, 0x00, 0x00, 0x00, 0x32, 0x00, 0x00, 0x00
	.byte 0x01, 0x00, 0x00, 0x00, 0x04, 0x00, 0x00, 0x00, 0x08, 0x00, 0x00, 0x00, 0x0C, 0x00, 0x00, 0x00
	.byte 0x32, 0x00, 0x00, 0x00, 0x01, 0x00, 0x00, 0x00, 0x05, 0x00, 0x00, 0x00, 0x08, 0x00, 0x00, 0x00
	.byte 0x07, 0x00, 0x00, 0x00, 0x32, 0x00, 0x00, 0x00, 0x01, 0x00, 0x00, 0x00, 0x07, 0x00, 0x00, 0x00
	.byte 0x08, 0x00, 0x00, 0x00, 0x02, 0x00, 0x00, 0x00, 0x4C, 0x00, 0x00, 0x00, 0x14, 0x00, 0x00, 0x00
	.byte 0x24, 0x00, 0x00, 0x00, 0x01, 0x00, 0x00, 0x00, 0x06, 0x00, 0x00, 0x00, 0x06, 0x00, 0x00, 0x00
	.byte 0x01, 0x00, 0x00, 0x00, 0x3C, 0x00, 0x00, 0x00, 0x37, 0x00, 0x00, 0x00, 0x4C, 0x00, 0x00, 0x00
	.byte 0x04, 0x00, 0x00, 0x00, 0x06, 0x00, 0x00, 0x00, 0x01, 0x00, 0x00, 0x00, 0x46, 0x00, 0x00, 0x00
	.byte 0x31, 0x00, 0x00, 0x00, 0x00, 0x00, 0x00, 0x00, 0x50, 0x00, 0x00, 0x00, 0x2E, 0x00, 0x00, 0x00
	.byte 0x04, 0x00, 0x00, 0x00, 0x02, 0x00, 0x00, 0x00, 0x4C, 0x00, 0x00, 0x00, 0x2A, 0x00, 0x00, 0x00
	.byte 0x32, 0x00, 0x00, 0x00, 0x01, 0x00, 0x00, 0x00, 0x01, 0x00, 0x00, 0x00, 0x07, 0x00, 0x00, 0x00
	.byte 0x16, 0x00, 0x00, 0x00, 0x32, 0x00, 0x00, 0x00, 0x01, 0x00, 0x00, 0x00, 0x02, 0x00, 0x00, 0x00
	.byte 0x07, 0x00, 0x00, 0x00, 0x11, 0x00, 0x00, 0x00, 0x32, 0x00, 0x00, 0x00, 0x01, 0x00, 0x00, 0x00
	.byte 0x04, 0x00, 0x00, 0x00, 0x07, 0x00, 0x00, 0x00, 0x0C, 0x00, 0x00, 0x00, 0x32, 0x00, 0x00, 0x00
	.byte 0x01, 0x00, 0x00, 0x00, 0x05, 0x00, 0x00, 0x00, 0x07, 0x00, 0x00, 0x00, 0x07, 0x00, 0x00, 0x00
	.byte 0x32, 0x00, 0x00, 0x00, 0x01, 0x00, 0x00, 0x00, 0x07, 0x00, 0x00, 0x00, 0x07, 0x00, 0x00, 0x00
	.byte 0x02, 0x00, 0x00, 0x00, 0x4C, 0x00, 0x00, 0x00, 0x0D, 0x00, 0x00, 0x00, 0x24, 0x00, 0x00, 0x00
	.byte 0x01, 0x00, 0x00, 0x00, 0x06, 0x00, 0x00, 0x00, 0x06, 0x00, 0x00, 0x00, 0x01, 0x00, 0x00, 0x00
	.byte 0x3C, 0x00, 0x00, 0x00, 0x06, 0x00, 0x00, 0x00, 0x4C, 0x00, 0x00, 0x00, 0x06, 0x00, 0x00, 0x00
	.byte 0x05, 0x00, 0x00, 0x00, 0x01, 0x00, 0x00, 0x00, 0x46, 0x00, 0x00, 0x00, 0x02, 0x00, 0x00, 0x00
	.byte 0x04, 0x00, 0x00, 0x00, 0xFE, 0xFF, 0xFF, 0xFF, 0x4D, 0x00, 0x00, 0x00, 0x43, 0x00, 0x00, 0x00
	.byte 0x01, 0x00, 0x00, 0x00, 0x14, 0x00, 0x00, 0x00, 0x00, 0x00, 0x00, 0x00, 0x16, 0x00, 0x00, 0x00
	.byte 0x1E, 0x00, 0x00, 0x00, 0x00, 0x00, 0x00, 0x00, 0x13, 0x00, 0x00, 0x00, 0x07, 0x00, 0x00, 0x00
	.byte 0x11, 0x00, 0x00, 0x00, 0x1E, 0x00, 0x00, 0x00, 0x00, 0x00, 0x00, 0x00, 0x13, 0x00, 0x00, 0x00
	.byte 0x0E, 0x00, 0x00, 0x00, 0x0C, 0x00, 0x00, 0x00, 0x1E, 0x00, 0x00, 0x00, 0x02, 0x00, 0x00, 0x00
	.byte 0x13, 0x00, 0x00, 0x00, 0x07, 0x00, 0x00, 0x00, 0x07, 0x00, 0x00, 0x00, 0x1E, 0x00, 0x00, 0x00
	.byte 0x02, 0x00, 0x00, 0x00, 0x13, 0x00, 0x00, 0x00, 0x0E, 0x00, 0x00, 0x00, 0x02, 0x00, 0x00, 0x00
	.byte 0x4C, 0x00, 0x00, 0x00, 0x05, 0x00, 0x00, 0x00, 0x00, 0x00, 0x00, 0x00, 0x80, 0x00, 0x00, 0x00
	.byte 0x02, 0x00, 0x00, 0x00, 0x04, 0x00, 0x00, 0x00, 0x01, 0x00, 0x00, 0x00, 0x38, 0x00, 0x00, 0x00
	.byte 0x00, 0x00, 0x00, 0x00, 0x71, 0x01, 0x00, 0x00, 0x05, 0x00, 0x00, 0x00, 0x00, 0x00, 0x00, 0x00
	.byte 0x80, 0x00, 0x00, 0x00, 0x02, 0x00, 0x00, 0x00, 0x04, 0x00, 0x00, 0x00, 0x01, 0x00, 0x00, 0x00
	.byte 0x4D, 0x00, 0x00, 0x00, 0x24, 0x00, 0x00, 0x00, 0x00, 0x00, 0x00, 0x00, 0x05, 0x00, 0x00, 0x00
	.byte 0x29, 0x00, 0x00, 0x00, 0x01, 0x00, 0x00, 0x00, 0x13, 0x00, 0x00, 0x00, 0x21, 0x00, 0x00, 0x00
	.byte 0x1C, 0x00, 0x00, 0x00, 0x05, 0x00, 0x00, 0x00, 0x01, 0x00, 0x00, 0x00, 0x28, 0x00, 0x00, 0x00
	.byte 0x1C, 0x00, 0x00, 0x00, 0x2E, 0x00, 0x00, 0x00, 0x13, 0x00, 0x00, 0x00, 0x04, 0x00, 0x00, 0x00
	.byte 0x14, 0x00, 0x00, 0x00, 0x13, 0x00, 0x00, 0x00, 0x01, 0x00, 0x00, 0x00, 0x11, 0x00, 0x00, 0x00
	.byte 0x13, 0x00, 0x00, 0x00, 0x03, 0x00, 0x00, 0x00, 0x0E, 0x00, 0x00, 0x00, 0x29, 0x00, 0x00, 0x00
	.byte 0x01, 0x00, 0x00, 0x00, 0x13, 0x00, 0x00, 0x00, 0x2C, 0x00, 0x00, 0x00, 0x09, 0x00, 0x00, 0x00
	.byte 0x14, 0x00, 0x00, 0x00, 0x5D, 0x00, 0x00, 0x00, 0x0C, 0x00, 0x00, 0x00, 0x09, 0x00, 0x00, 0x00
	.byte 0x01, 0x00, 0x00, 0x00, 0xFF, 0x00, 0x00, 0x00, 0x02, 0x00, 0x00, 0x00, 0x4C, 0x00, 0x00, 0x00
	.byte 0x06, 0x00, 0x00, 0x00, 0x04, 0x00, 0x00, 0x00, 0x01, 0x00, 0x00, 0x00, 0x4C, 0x00, 0x00, 0x00
	.byte 0x02, 0x00, 0x00, 0x00, 0x04, 0x00, 0x00, 0x00, 0xFF, 0xFF, 0xFF, 0xFF, 0x4D, 0x00, 0x00, 0x00
	.byte 0x05, 0x00, 0x00, 0x00, 0x01, 0x00, 0x00, 0x00, 0x28, 0x00, 0x00, 0x00, 0x1C, 0x00, 0x00, 0x00
	.byte 0x2E, 0x00, 0x00, 0x00, 0x13, 0x00, 0x00, 0x00, 0x04, 0x00, 0x00, 0x00, 0x14, 0x00, 0x00, 0x00
	.byte 0x13, 0x00, 0x00, 0x00, 0x02, 0x00, 0x00, 0x00, 0x11, 0x00, 0x00, 0x00, 0x13, 0x00, 0x00, 0x00
	.byte 0x03, 0x00, 0x00, 0x00, 0x0E, 0x00, 0x00, 0x00, 0x29, 0x00, 0x00, 0x00, 0x01, 0x00, 0x00, 0x00
	.byte 0x13, 0x00, 0x00, 0x00, 0x7A, 0x00, 0x00, 0x00, 0x09, 0x00, 0x00, 0x00, 0x14, 0x00, 0x00, 0x00
	.byte 0x66, 0x00, 0x00, 0x00, 0x0C, 0x00, 0x00, 0x00, 0x09, 0x00, 0x00, 0x00, 0x01, 0x00, 0x00, 0x00
	.byte 0xFF, 0x00, 0x00, 0x00, 0x02, 0x00, 0x00, 0x00, 0x4C, 0x00, 0x00, 0x00, 0x06, 0x00, 0x00, 0x00
	.byte 0x04, 0x00, 0x00, 0x00, 0x01, 0x00, 0x00, 0x00, 0x4C, 0x00, 0x00, 0x00, 0x02, 0x00, 0x00, 0x00
	.byte 0x04, 0x00, 0x00, 0x00, 0xFF, 0xFF, 0xFF, 0xFF, 0x4D, 0x00, 0x00, 0x00, 0x05, 0x00, 0x00, 0x00
	.byte 0x01, 0x00, 0x00, 0x00, 0x5A, 0x00, 0x00, 0x00, 0x02, 0x00, 0x00, 0x00, 0x4C, 0x00, 0x00, 0x00
	.byte 0x02, 0x00, 0x00, 0x00, 0x04, 0x00, 0x00, 0x00, 0xFE, 0xFF, 0xFF, 0xFF, 0x4D, 0x00, 0x00, 0x00
	.byte 0x32, 0x00, 0x00, 0x00, 0x00, 0x00, 0x00, 0x00, 0x01, 0x00, 0x00, 0x00, 0x08, 0x00, 0x00, 0x00
	.byte 0x16, 0x00, 0x00, 0x00, 0x32, 0x00, 0x00, 0x00, 0x00, 0x00, 0x00, 0x00, 0x02, 0x00, 0x00, 0x00
	.byte 0x08, 0x00, 0x00, 0x00, 0x11, 0x00, 0x00, 0x00, 0x32, 0x00, 0x00, 0x00, 0x00, 0x00, 0x00, 0x00
	.byte 0x04, 0x00, 0x00, 0x00, 0x08, 0x00, 0x00, 0x00, 0x0C, 0x00, 0x00, 0x00, 0x32, 0x00, 0x00, 0x00
	.byte 0x00, 0x00, 0x00, 0x00, 0x05, 0x00, 0x00, 0x00, 0x08, 0x00, 0x00, 0x00, 0x07, 0x00, 0x00, 0x00
	.byte 0x32, 0x00, 0x00, 0x00, 0x00, 0x00, 0x00, 0x00, 0x07, 0x00, 0x00, 0x00, 0x08, 0x00, 0x00, 0x00
	.byte 0x02, 0x00, 0x00, 0x00, 0x4C, 0x00, 0x00, 0x00, 0x23, 0x00, 0x00, 0x00, 0x31, 0x00, 0x00, 0x00
	.byte 0x01, 0x00, 0x00, 0x00, 0x01, 0x00, 0x00, 0x00, 0x07, 0x00, 0x00, 0x00, 0x1B, 0x00, 0x00, 0x00
	.byte 0x31, 0x00, 0x00, 0x00, 0x01, 0x00, 0x00, 0x00, 0x02, 0x00, 0x00, 0x00, 0x07, 0x00, 0x00, 0x00
	.byte 0x16, 0x00, 0x00, 0x00, 0x31, 0x00, 0x00, 0x00, 0x01, 0x00, 0x00, 0x00, 0x04, 0x00, 0x00, 0x00
	.byte 0x07, 0x00, 0x00, 0x00, 0x11, 0x00, 0x00, 0x00, 0x31, 0x00, 0x00, 0x00, 0x01, 0x00, 0x00, 0x00
	.byte 0x05, 0x00, 0x00, 0x00, 0x07, 0x00, 0x00, 0x00, 0x0C, 0x00, 0x00, 0x00, 0x31, 0x00, 0x00, 0x00
	.byte 0x01, 0x00, 0x00, 0x00, 0x07, 0x00, 0x00, 0x00, 0x07, 0x00, 0x00, 0x00, 0x05, 0x00, 0x00, 0x00
	.byte 0x00, 0x00, 0x00, 0x00, 0x32, 0x00, 0x00, 0x00, 0x09, 0x00, 0x00, 0x00, 0x4C, 0x00, 0x00, 0x00
	.byte 0x05, 0x00, 0x00, 0x00, 0x04, 0x00, 0x00, 0x00, 0x01, 0x00, 0x00, 0x00, 0x04, 0x00, 0x00, 0x00
	.byte 0x01, 0x00, 0x00, 0x00, 0x4D, 0x00, 0x00, 0x00, 0x04, 0x00, 0x00, 0x00, 0xFE, 0xFF, 0xFF, 0xFF
	.byte 0x4D, 0x00, 0x00, 0x00, 0x09, 0x00, 0x00, 0x00, 0x00, 0x00, 0x00, 0x00, 0x07, 0x00, 0x00, 0x00
	.byte 0x50, 0x00, 0x00, 0x00, 0x0B, 0x00, 0x00, 0x00, 0x00, 0x00, 0x00, 0x00, 0x00, 0x00, 0x0F, 0x00
	.byte 0x4C, 0x00, 0x00, 0x00, 0x0B, 0x00, 0x00, 0x00, 0x00, 0x00, 0x00, 0x00, 0x07, 0x00, 0x00, 0x00
	.byte 0x48, 0x00, 0x00, 0x00, 0x06, 0x00, 0x00, 0x00, 0x01, 0x00, 0x00, 0x00, 0x1E, 0x00, 0x00, 0x00
	.byte 0x05, 0x00, 0x00, 0x00, 0x00, 0x00, 0x00, 0x00, 0x0A, 0x00, 0x00, 0x00, 0x02, 0x00, 0x00, 0x00
	.byte 0x04, 0x00, 0x00, 0x00, 0xFF, 0xFF, 0xFF, 0xFF, 0x06, 0x00, 0x00, 0x00, 0x01, 0x00, 0x00, 0x00
	.byte 0x32, 0x00, 0x00, 0x00, 0x05, 0x00, 0x00, 0x00, 0x00, 0x00, 0x00, 0x00, 0x64, 0x00, 0x00, 0x00
	.byte 0x02, 0x00, 0x00, 0x00, 0x04, 0x00, 0x00, 0x00, 0xFF, 0xFF, 0xFF, 0xFF, 0x37, 0x00, 0x00, 0x00
	.byte 0x01, 0x00, 0x00, 0x00, 0x44, 0x00, 0x00, 0x00, 0x2C, 0x00, 0x00, 0x00, 0x21, 0x00, 0x00, 0x00
	.byte 0x00, 0x00, 0x00, 0x00, 0x48, 0x00, 0x00, 0x00, 0x13, 0x00, 0x00, 0x00, 0x00, 0x00, 0x00, 0x00
	.byte 0x12, 0x00, 0x00, 0x00, 0x50, 0x00, 0x00, 0x00, 0x05, 0x00, 0x00, 0x00, 0x00, 0x00, 0x00, 0x00
	.byte 0x64, 0x00, 0x00, 0x00, 0x02, 0x00, 0x00, 0x00, 0x04, 0x00, 0x00, 0x00, 0x01, 0x00, 0x00, 0x00
	.byte 0x5E, 0x00, 0x00, 0x00, 0x14, 0x00, 0x00, 0x00, 0x01, 0x00, 0x00, 0x00, 0x21, 0x00, 0x00, 0x00
	.byte 0x00, 0x00, 0x00, 0x00, 0x64, 0x00, 0x00, 0x00, 0x20, 0x00, 0x00, 0x00, 0x04, 0x00, 0x00, 0x00
	.byte 0x01, 0x00, 0x00, 0x00, 0x4C, 0x00, 0x00, 0x00, 0x1C, 0x00, 0x00, 0x00, 0x50, 0x00, 0x00, 0x00
	.byte 0x05, 0x00, 0x00, 0x00, 0x00, 0x00, 0x00, 0x00, 0x64, 0x00, 0x00, 0x00, 0x02, 0x00, 0x00, 0x00
	.byte 0x04, 0x00, 0x00, 0x00, 0x01, 0x00, 0x00, 0x00, 0x1E, 0x00, 0x00, 0x00, 0x00, 0x00, 0x00, 0x00
	.byte 0x19, 0x00, 0x00, 0x00, 0x11, 0x00, 0x00, 0x00, 0x10, 0x00, 0x00, 0x00, 0x1E, 0x00, 0x00, 0x00
	.byte 0x02, 0x00, 0x00, 0x00, 0x19, 0x00, 0x00, 0x00, 0x0C, 0x00, 0x00, 0x00, 0x0B, 0x00, 0x00, 0x00
	.byte 0x00, 0x00, 0x00, 0x00, 0x32, 0x00, 0x00, 0x00, 0x08, 0x00, 0x00, 0x00, 0x00, 0x00, 0x00, 0x00
	.byte 0x64, 0x00, 0x00, 0x00, 0x02, 0x00, 0x00, 0x00, 0x04, 0x00, 0x00, 0x00, 0x04, 0x00, 0x00, 0x00
	.byte 0x4D, 0x00, 0x00, 0x00, 0x04, 0x00, 0x00, 0x00, 0xFF, 0xFF, 0xFF, 0xFF, 0x4D, 0x00, 0x00, 0x00
	.byte 0x0A, 0x00, 0x00, 0x00, 0x0B, 0x00, 0x00, 0x00, 0x0C, 0x00, 0x00, 0x00, 0x0D, 0x00, 0x00, 0x00
	.byte 0x0E, 0x00, 0x00, 0x00, 0x0F, 0x00, 0x00, 0x00, 0x10, 0x00, 0x00, 0x00, 0x11, 0x00, 0x00, 0x00
	.byte 0xFF, 0xFF, 0xFF, 0xFF, 0x2B, 0x00, 0x00, 0x00, 0x00, 0x00, 0x00, 0x00, 0x29, 0x00, 0x00, 0x00
	.byte 0x2B, 0x00, 0x00, 0x00, 0x0A, 0x00, 0x00, 0x00, 0x26, 0x00, 0x00, 0x00, 0x2B, 0x00, 0x00, 0x00
	.byte 0x14, 0x00, 0x00, 0x00, 0x23, 0x00, 0x00, 0x00, 0x2F, 0x00, 0x00, 0x00, 0x97, 0x00, 0x00, 0x00
	.byte 0x02, 0x00, 0x00, 0x00, 0x4C, 0x00, 0x00, 0x00, 0x08, 0x00, 0x00, 0x00, 0x2E, 0x00, 0x00, 0x00
	.byte 0x14, 0x00, 0x00, 0x00, 0x01, 0x00, 0x00, 0x00, 0x04, 0x00, 0x00, 0x00, 0x04, 0x00, 0x00, 0x00
	.byte 0x02, 0x00, 0x00, 0x00, 0x4C, 0x00, 0x00, 0x00, 0x18, 0x00, 0x00, 0x00, 0x55, 0x00, 0x00, 0x00
	.byte 0x01, 0x00, 0x00, 0x00, 0x0F, 0x01, 0x00, 0x00, 0x02, 0x00, 0x00, 0x00, 0x4C, 0x00, 0x00, 0x00
	.byte 0x04, 0x00, 0x00, 0x00, 0x04, 0x00, 0x00, 0x00, 0x02, 0x00, 0x00, 0x00, 0x4C, 0x00, 0x00, 0x00
	.byte 0x0E, 0x00, 0x00, 0x00, 0x39, 0x00, 0x00, 0x00, 0x00, 0x00, 0x00, 0x00, 0x6F, 0x00, 0x00, 0x00
	.byte 0x08, 0x00, 0x00, 0x00, 0x06, 0x00, 0x00, 0x00, 0x01, 0x00, 0x00, 0x00, 0x26, 0x00, 0x00, 0x00
	.byte 0x06, 0x00, 0x00, 0x00, 0x04, 0x00, 0x00, 0x00, 0xFF, 0xFF, 0xFF, 0xFF, 0x4C, 0x00, 0x00, 0x00
	.byte 0x02, 0x00, 0x00, 0x00, 0x04, 0x00, 0x00, 0x00, 0xFE, 0xFF, 0xFF, 0xFF, 0x4D, 0x00, 0x00, 0x00
	.byte 0x2B, 0x00, 0x00, 0x00, 0x00, 0x00, 0x00, 0x00, 0x11, 0x00, 0x00, 0x00, 0x2B, 0x00, 0x00, 0x00
	.byte 0x14, 0x00, 0x00, 0x00, 0x0E, 0x00, 0x00, 0x00, 0x2B, 0x00, 0x00, 0x00, 0x0A, 0x00, 0x00, 0x00
	.byte 0x0B, 0x00, 0x00, 0x00, 0x2E, 0x00, 0x00, 0x00, 0x13, 0x00, 0x00, 0x00, 0x01, 0x00, 0x00, 0x00
	.byte 0x07, 0x00, 0x00, 0x00, 0x14, 0x00, 0x00, 0x00, 0x02, 0x00, 0x00, 0x00, 0x09, 0x00, 0x00, 0x00
	.byte 0x04, 0x00, 0x00, 0x00, 0x01, 0x00, 0x00, 0x00, 0x4C, 0x00, 0x00, 0x00, 0x05, 0x00, 0x00, 0x00
	.byte 0x00, 0x00, 0x00, 0x00, 0x32, 0x00, 0x00, 0x00, 0x02, 0x00, 0x00, 0x00, 0x04, 0x00, 0x00, 0x00
	.byte 0xFD, 0xFF, 0xFF, 0xFF, 0x4D, 0x00, 0x00, 0x00, 0x55, 0x00, 0x00, 0x00, 0x01, 0x00, 0x00, 0x00
	.byte 0x0F, 0x01, 0x00, 0x00, 0xCF, 0xFF, 0xFF, 0xFF, 0x3A, 0x00, 0x00, 0x00, 0x00, 0x00, 0x00, 0x00
	.byte 0x6F, 0x00, 0x00, 0x00, 0x04, 0x00, 0x00, 0x00, 0x04, 0x00, 0x00, 0x00, 0xFF, 0xFF, 0xFF, 0xFF
	.byte 0x4C, 0x00, 0x00, 0x00, 0x50, 0x00, 0x00, 0x00, 0x2B, 0x00, 0x00, 0x00, 0x00, 0x00, 0x00, 0x00
	.byte 0x4E, 0x00, 0x00, 0x00, 0x2B, 0x00, 0x00, 0x00, 0x0A, 0x00, 0x00, 0x00, 0x4B, 0x00, 0x00, 0x00
	.byte 0x2B, 0x00, 0x00, 0x00, 0x14, 0x00, 0x00, 0x00, 0x48, 0x00, 0x00, 0x00, 0x55, 0x00, 0x00, 0x00
	.byte 0x01, 0x00, 0x00, 0x00, 0x0F, 0x01, 0x00, 0x00, 0x02, 0x00, 0x00, 0x00, 0x4C, 0x00, 0x00, 0x00
	.byte 0x04, 0x00, 0x00, 0x00, 0x04, 0x00, 0x00, 0x00, 0x01, 0x00, 0x00, 0x00, 0x4C, 0x00, 0x00, 0x00
	.byte 0x3D, 0x00, 0x00, 0x00, 0x09, 0x00, 0x00, 0x00, 0x00, 0x00, 0x00, 0x00, 0x80, 0x00, 0x00, 0x00
	.byte 0x34, 0x00, 0x00, 0x00, 0x0B, 0x00, 0x00, 0x00, 0x00, 0x00, 0x00, 0x00, 0x00, 0x00, 0x00, 0x10
	.byte 0x30, 0x00, 0x00, 0x00, 0x0D, 0x00, 0x00, 0x00, 0x00, 0x00, 0x00, 0x00, 0x04, 0x00, 0x00, 0x00
	.byte 0x2C, 0x00, 0x00, 0x00, 0x2E, 0x00, 0x00, 0x00, 0x13, 0x00, 0x00, 0x00, 0x03, 0x00, 0x00, 0x00
	.byte 0x05, 0x00, 0x00, 0x00, 0x13, 0x00, 0x00, 0x00, 0x04, 0x00, 0x00, 0x00, 0x0E, 0x00, 0x00, 0x00
	.byte 0x4C, 0x00, 0x00, 0x00, 0x18, 0x00, 0x00, 0x00, 0x1E, 0x00, 0x00, 0x00, 0x01, 0x00, 0x00, 0x00
	.byte 0x19, 0x00, 0x00, 0x00, 0x27, 0x00, 0x00, 0x00, 0x1E, 0x00, 0x00, 0x00, 0x1E, 0x00, 0x00, 0x00
	.byte 0x03, 0x00, 0x00, 0x00, 0x19, 0x00, 0x00, 0x00, 0x22, 0x00, 0x00, 0x00, 0x19, 0x00, 0x00, 0x00
	.byte 0x4C, 0x00, 0x00, 0x00, 0x0C, 0x00, 0x00, 0x00, 0x1E, 0x00, 0x00, 0x00, 0x01, 0x00, 0x00, 0x00
	.byte 0x13, 0x00, 0x00, 0x00, 0x0F, 0x00, 0x00, 0x00, 0x12, 0x00, 0x00, 0x00, 0x1E, 0x00, 0x00, 0x00
	.byte 0x03, 0x00, 0x00, 0x00, 0x13, 0x00, 0x00, 0x00, 0x0F, 0x00, 0x00, 0x00, 0x0D, 0x00, 0x00, 0x00
	.byte 0x4C, 0x00, 0x00, 0x00, 0x00, 0x00, 0x00, 0x00, 0x24, 0x00, 0x00, 0x00, 0x01, 0x00, 0x00, 0x00
	.byte 0x0D, 0x00, 0x00, 0x00, 0x21, 0x00, 0x00, 0x00, 0x00, 0x00, 0x00, 0x00, 0x49, 0x00, 0x00, 0x00
	.byte 0x14, 0x00, 0x00, 0x00, 0x5E, 0x00, 0x00, 0x00, 0x02, 0x00, 0x00, 0x00, 0x4C, 0x00, 0x00, 0x00
	.byte 0x05, 0x00, 0x00, 0x00, 0x00, 0x00, 0x00, 0x00, 0x50, 0x00, 0x00, 0x00, 0x02, 0x00, 0x00, 0x00
	.byte 0x04, 0x00, 0x00, 0x00, 0x01, 0x00, 0x00, 0x00, 0x4D, 0x00, 0x00, 0x00, 0x04, 0x00, 0x00, 0x00
	.byte 0x01, 0x00, 0x00, 0x00, 0x4D, 0x00, 0x00, 0x00, 0x04, 0x00, 0x00, 0x00, 0x05, 0x00, 0x00, 0x00
	.byte 0x08, 0x00, 0x00, 0x00, 0xFF, 0xFF, 0xFF, 0xFF, 0x04, 0x00, 0x00, 0x00, 0x02, 0x00, 0x00, 0x00
	.byte 0x4D, 0x00, 0x00, 0x00, 0x44, 0x00, 0x00, 0x00, 0x01, 0x00, 0x00, 0x00, 0x11, 0x00, 0x00, 0x00
	.byte 0x02, 0x00, 0x00, 0x00, 0x05, 0x00, 0x00, 0x00, 0x00, 0x00, 0x00, 0x00, 0x50, 0x00, 0x00, 0x00
	.byte 0x02, 0x00, 0x00, 0x00, 0x04, 0x00, 0x00, 0x00, 0x02, 0x00, 0x00, 0x00, 0x4D, 0x00, 0x00, 0x00
	.byte 0x05, 0x00, 0x00, 0x00, 0x01, 0x00, 0x00, 0x00, 0x28, 0x00, 0x00, 0x00, 0x1D, 0x00, 0x00, 0x00
	.byte 0x2E, 0x00, 0x00, 0x00, 0x13, 0x00, 0x00, 0x00, 0x01, 0x00, 0x00, 0x00, 0x08, 0x00, 0x00, 0x00
	.byte 0x13, 0x00, 0x00, 0x00, 0x02, 0x00, 0x00, 0x00, 0x05, 0x00, 0x00, 0x00, 0x13, 0x00, 0x00, 0x00
	.byte 0x03, 0x00, 0x00, 0x00, 0x02, 0x00, 0x00, 0x00, 0x4C, 0x00, 0x00, 0x00, 0x13, 0x00, 0x00, 0x00
	.byte 0x04, 0x00, 0x00, 0x00, 0x01, 0x00, 0x00, 0x00, 0x38, 0x00, 0x00, 0x00, 0x01, 0x00, 0x00, 0x00
	.byte 0x3B, 0x00, 0x00, 0x00, 0x02, 0x00, 0x00, 0x00, 0x04, 0x00, 0x00, 0x00, 0x02, 0x00, 0x00, 0x00
	.byte 0x29, 0x00, 0x00, 0x00, 0x01, 0x00, 0x00, 0x00, 0x14, 0x00, 0x00, 0x00, 0x73, 0x00, 0x00, 0x00
	.byte 0x06, 0x00, 0x00, 0x00, 0x04, 0x00, 0x00, 0x00, 0x02, 0x00, 0x00, 0x00, 0x4C, 0x00, 0x00, 0x00
	.byte 0x02, 0x00, 0x00, 0x00, 0x04, 0x00, 0x00, 0x00, 0xFF, 0xFF, 0xFF, 0xFF, 0x4D, 0x00, 0x00, 0x00
	.byte 0x0A, 0x00, 0x00, 0x00, 0x00, 0x00, 0x00, 0x00, 0xD8, 0x00, 0x00, 0x00, 0x02, 0x00, 0x00, 0x00
	.byte 0x04, 0x00, 0x00, 0x00, 0x01, 0x00, 0x00, 0x00, 0x4D, 0x00, 0x00, 0x00, 0x2B, 0x00, 0x00, 0x00
	.byte 0x00, 0x00, 0x00, 0x00, 0x22, 0x00, 0x00, 0x00, 0x2B, 0x00, 0x00, 0x00, 0x0A, 0x00, 0x00, 0x00
	.byte 0x1F, 0x00, 0x00, 0x00, 0x2B, 0x00, 0x00, 0x00, 0x14, 0x00, 0x00, 0x00, 0x1C, 0x00, 0x00, 0x00
	.byte 0x0B, 0x00, 0x00, 0x00, 0x01, 0x00, 0x00, 0x00, 0x00, 0x00, 0x00, 0x01, 0xFF, 0xF2, 0xFF, 0xFF
	.byte 0x09, 0x00, 0x00, 0x00, 0x00, 0x00, 0x00, 0x00, 0x07, 0x00, 0x00, 0x00, 0x1B, 0x00, 0x00, 0x00
	.byte 0x0B, 0x00, 0x00, 0x00, 0x00, 0x00, 0x00, 0x00, 0x00, 0x00, 0x0F, 0x00, 0x14, 0x00, 0x00, 0x00
	.byte 0x0B, 0x00, 0x00, 0x00, 0x00, 0x00, 0x00, 0x00, 0x07, 0x00, 0x00, 0x00, 0x10, 0x00, 0x00, 0x00
	.byte 0x43, 0x00, 0x00, 0x00, 0x01, 0x00, 0x00, 0x00, 0x14, 0x00, 0x00, 0x00, 0x00, 0x00, 0x00, 0x00
	.byte 0x10, 0x00, 0x00, 0x00, 0x00, 0x00, 0x00, 0x00, 0xC8, 0x00, 0x00, 0x00, 0x0D, 0x00, 0x00, 0x00
	.byte 0x04, 0x00, 0x00, 0x00, 0x01, 0x00, 0x00, 0x00, 0x4C, 0x00, 0x00, 0x00, 0x09, 0x00, 0x00, 0x00
	.byte 0x04, 0x00, 0x00, 0x00, 0xFF, 0xFF, 0xFF, 0xFF, 0x4C, 0x00, 0x00, 0x00, 0x05, 0x00, 0x00, 0x00
	.byte 0x00, 0x00, 0x00, 0x00, 0x64, 0x00, 0x00, 0x00, 0x02, 0x00, 0x00, 0x00, 0x04, 0x00, 0x00, 0x00
	.byte 0x01, 0x00, 0x00, 0x00, 0x4D, 0x00, 0x00, 0x00, 0x09, 0x00, 0x00, 0x00, 0x00, 0x00, 0x00, 0x00
	.byte 0x40, 0x00, 0x00, 0x00, 0x02, 0x00, 0x00, 0x00, 0x4C, 0x00, 0x00, 0x00, 0x02, 0x00, 0x00, 0x00
	.byte 0x04, 0x00, 0x00, 0x00, 0x01, 0x00, 0x00, 0x00, 0x4D, 0x00, 0x00, 0x00, 0x41, 0x00, 0x00, 0x00
	.byte 0x01, 0x00, 0x00, 0x00, 0x19, 0x00, 0x00, 0x00, 0xF2, 0x00, 0x00, 0x00, 0x10, 0x00, 0x00, 0x00
	.byte 0x19, 0x00, 0x00, 0x00, 0xFD, 0x00, 0x00, 0x00, 0x16, 0x00, 0x00, 0x00, 0x19, 0x00, 0x00, 0x00
	.byte 0xFC, 0x00, 0x00, 0x00, 0x69, 0x00, 0x00, 0x00, 0x19, 0x00, 0x00, 0x00, 0xFB, 0x00, 0x00, 0x00
	.byte 0xAA, 0x00, 0x00, 0x00, 0x19, 0x00, 0x00, 0x00, 0xE0, 0x00, 0x00, 0x00, 0xD5, 0x00, 0x00, 0x00
	.byte 0x04, 0x00, 0x00, 0x00, 0xFD, 0xFF, 0xFF, 0xFF, 0x4C, 0x00, 0x00, 0x00, 0xDB, 0x00, 0x00, 0x00
	.byte 0x41, 0x00, 0x00, 0x00, 0x00, 0x00, 0x00, 0x00, 0x19, 0x00, 0x00, 0x00, 0x07, 0x01, 0x00, 0x00
	.byte 0xF7, 0xFF, 0xFF, 0xFF, 0x04, 0x00, 0x00, 0x00, 0x05, 0x00, 0x00, 0x00, 0x4C, 0x00, 0x00, 0x00
	.byte 0xD2, 0x00, 0x00, 0x00, 0x41, 0x00, 0x00, 0x00, 0x00, 0x00, 0x00, 0x00, 0x19, 0x00, 0x00, 0x00
	.byte 0xFE, 0x00, 0x00, 0x00, 0xEE, 0xFF, 0xFF, 0xFF, 0x09, 0x00, 0x00, 0x00, 0x00, 0x00, 0x00, 0x00
	.byte 0xFF, 0x00, 0x00, 0x00, 0x23, 0x00, 0x00, 0x00, 0x0F, 0x00, 0x00, 0x00, 0x00, 0x00, 0x00, 0x00
	.byte 0x08, 0x00, 0x00, 0x00, 0x1F, 0x00, 0x00, 0x00, 0x1E, 0x00, 0x00, 0x00, 0x00, 0x00, 0x00, 0x00
	.byte 0x13, 0x00, 0x00, 0x00, 0x08, 0x00, 0x00, 0x00, 0x1A, 0x00, 0x00, 0x00, 0x13, 0x00, 0x00, 0x00
	.byte 0x03, 0x00, 0x00, 0x00, 0x17, 0x00, 0x00, 0x00, 0x1E, 0x00, 0x00, 0x00, 0x02, 0x00, 0x00, 0x00
	.byte 0x13, 0x00, 0x00, 0x00, 0x08, 0x00, 0x00, 0x00, 0x12, 0x00, 0x00, 0x00, 0x13, 0x00, 0x00, 0x00
	.byte 0x03, 0x00, 0x00, 0x00, 0x0F, 0x00, 0x00, 0x00, 0x29, 0x00, 0x00, 0x00, 0x00, 0x00, 0x00, 0x00
	.byte 0x13, 0x00, 0x00, 0x00, 0x11, 0x00, 0x00, 0x00, 0x0A, 0x00, 0x00, 0x00, 0x13, 0x00, 0x00, 0x00
	.byte 0x62, 0x00, 0x00, 0x00, 0x07, 0x00, 0x00, 0x00, 0x13, 0x00, 0x00, 0x00, 0x5A, 0x00, 0x00, 0x00
	.byte 0x04, 0x00, 0x00, 0x00, 0x04, 0x00, 0x00, 0x00, 0x05, 0x00, 0x00, 0x00, 0x4C, 0x00, 0x00, 0x00
	.byte 0xA6, 0x00, 0x00, 0x00, 0x09, 0x00, 0x00, 0x00, 0x01, 0x00, 0x00, 0x00, 0xFF, 0x00, 0x00, 0x00
	.byte 0xC3, 0xFF, 0xFF, 0xFF, 0x0F, 0x00, 0x00, 0x00, 0x01, 0x00, 0x00, 0x00, 0x08, 0x00, 0x00, 0x00
	.byte 0xBF, 0xFF, 0xFF, 0xFF, 0x1E, 0x00, 0x00, 0x00, 0x01, 0x00, 0x00, 0x00, 0x13, 0x00, 0x00, 0x00
	.byte 0x08, 0x00, 0x00, 0x00, 0xBA, 0xFF, 0xFF, 0xFF, 0x13, 0x00, 0x00, 0x00, 0x03, 0x00, 0x00, 0x00
	.byte 0xB7, 0xFF, 0xFF, 0xFF, 0x1E, 0x00, 0x00, 0x00, 0x03, 0x00, 0x00, 0x00, 0x13, 0x00, 0x00, 0x00
	.byte 0x08, 0x00, 0x00, 0x00, 0xB2, 0xFF, 0xFF, 0xFF, 0x13, 0x00, 0x00, 0x00, 0x03, 0x00, 0x00, 0x00
	.byte 0xAF, 0xFF, 0xFF, 0xFF, 0x29, 0x00, 0x00, 0x00, 0x01, 0x00, 0x00, 0x00, 0x13, 0x00, 0x00, 0x00
	.byte 0x11, 0x00, 0x00, 0x00, 0xAA, 0xFF, 0xFF, 0xFF, 0x13, 0x00, 0x00, 0x00, 0x62, 0x00, 0x00, 0x00
	.byte 0xA7, 0xFF, 0xFF, 0xFF, 0x13, 0x00, 0x00, 0x00, 0x5A, 0x00, 0x00, 0x00, 0xA4, 0xFF, 0xFF, 0xFF
	.byte 0x13, 0x00, 0x00, 0x00, 0x67, 0x00, 0x00, 0x00, 0xA1, 0xFF, 0xFF, 0xFF, 0x04, 0x00, 0x00, 0x00
	.byte 0x05, 0x00, 0x00, 0x00, 0x4C, 0x00, 0x00, 0x00, 0x7C, 0x00, 0x00, 0x00, 0x41, 0x00, 0x00, 0x00
	.byte 0x00, 0x00, 0x00, 0x00, 0x19, 0x00, 0x00, 0x00, 0xA8, 0x00, 0x00, 0x00, 0x98, 0xFF, 0xFF, 0xFF
	.byte 0x29, 0x00, 0x00, 0x00, 0x00, 0x00, 0x00, 0x00, 0x13, 0x00, 0x00, 0x00, 0x29, 0x00, 0x00, 0x00
	.byte 0x19, 0x00, 0x00, 0x00, 0x13, 0x00, 0x00, 0x00, 0x62, 0x00, 0x00, 0x00, 0x16, 0x00, 0x00, 0x00
	.byte 0x09, 0x00, 0x00, 0x00, 0x00, 0x00, 0x00, 0x00, 0xFF, 0x00, 0x00, 0x00, 0x12, 0x00, 0x00, 0x00
	.byte 0x0F, 0x00, 0x00, 0x00, 0x00, 0x00, 0x00, 0x00, 0x08, 0x00, 0x00, 0x00, 0x0E, 0x00, 0x00, 0x00
	.byte 0x1E, 0x00, 0x00, 0x00, 0x00, 0x00, 0x00, 0x00, 0x13, 0x00, 0x00, 0x00, 0x0A, 0x00, 0x00, 0x00
	.byte 0x09, 0x00, 0x00, 0x00, 0x1E, 0x00, 0x00, 0x00, 0x02, 0x00, 0x00, 0x00, 0x13, 0x00, 0x00, 0x00
	.byte 0x0A, 0x00, 0x00, 0x00, 0x04, 0x00, 0x00, 0x00, 0x04, 0x00, 0x00, 0x00, 0x05, 0x00, 0x00, 0x00
	.byte 0x4C, 0x00, 0x00, 0x00, 0x59, 0x00, 0x00, 0x00, 0x29, 0x00, 0x00, 0x00, 0x01, 0x00, 0x00, 0x00
	.byte 0x13, 0x00, 0x00, 0x00, 0x29, 0x00, 0x00, 0x00, 0x75, 0xFF, 0xFF, 0xFF, 0x13, 0x00, 0x00, 0x00
	.byte 0x62, 0x00, 0x00, 0x00, 0x72, 0xFF, 0xFF, 0xFF, 0x13, 0x00, 0x00, 0x00, 0x67, 0x00, 0x00, 0x00
	.byte 0x17, 0xF2, 0xFF, 0xFF, 0x09, 0x00, 0x00, 0x00, 0x01, 0x00, 0x00, 0x00, 0xFF, 0x00, 0x00, 0x00
	.byte 0x6B, 0xFF, 0xFF, 0xFF, 0x0F, 0x00, 0x00, 0x00, 0x01, 0x00, 0x00, 0x00, 0x08, 0x00, 0x00, 0x00
	.byte 0x67, 0xFF, 0xFF, 0xFF, 0x1E, 0x00, 0x00, 0x00, 0x01, 0x00, 0x00, 0x00, 0x13, 0x00, 0x00, 0x00
	.byte 0x0A, 0x00, 0x00, 0x00, 0x62, 0xFF, 0xFF, 0xFF, 0x1E, 0x00, 0x00, 0x00, 0x03, 0x00, 0x00, 0x00
	.byte 0x13, 0x00, 0x00, 0x00, 0x0A, 0x00, 0x00, 0x00, 0x5D, 0xFF, 0xFF, 0xFF, 0x04, 0x00, 0x00, 0x00
	.byte 0x05, 0x00, 0x00, 0x00, 0x4C, 0x00, 0x00, 0x00, 0x38, 0x00, 0x00, 0x00, 0x41, 0x00, 0x00, 0x00
	.byte 0x00, 0x00, 0x00, 0x00, 0x19, 0x00, 0x00, 0x00, 0x64, 0x00, 0x00, 0x00, 0x54, 0xFF, 0xFF, 0xFF
	.byte 0x1E, 0x00, 0x00, 0x00, 0x00, 0x00, 0x00, 0x00, 0x13, 0x00, 0x00, 0x00, 0x03, 0x00, 0x00, 0x00
	.byte 0x0E, 0x00, 0x00, 0x00, 0x1E, 0x00, 0x00, 0x00, 0x02, 0x00, 0x00, 0x00, 0x13, 0x00, 0x00, 0x00
	.byte 0x03, 0x00, 0x00, 0x00, 0x09, 0x00, 0x00, 0x00, 0x29, 0x00, 0x00, 0x00, 0x00, 0x00, 0x00, 0x00
	.byte 0x13, 0x00, 0x00, 0x00, 0x62, 0x00, 0x00, 0x00, 0x7E, 0xFF, 0xFF, 0xFF, 0x04, 0x00, 0x00, 0x00
	.byte 0x05, 0x00, 0x00, 0x00, 0x4C, 0x00, 0x00, 0x00, 0x20, 0x00, 0x00, 0x00, 0x1E, 0x00, 0x00, 0x00
	.byte 0x01, 0x00, 0x00, 0x00, 0x13, 0x00, 0x00, 0x00, 0x03, 0x00, 0x00, 0x00, 0x3C, 0xFF, 0xFF, 0xFF
	.byte 0x1E, 0x00, 0x00, 0x00, 0x03, 0x00, 0x00, 0x00, 0x13, 0x00, 0x00, 0x00, 0x03, 0x00, 0x00, 0x00
	.byte 0x37, 0xFF, 0xFF, 0xFF, 0x29, 0x00, 0x00, 0x00, 0x01, 0x00, 0x00, 0x00, 0x13, 0x00, 0x00, 0x00
	.byte 0x62, 0x00, 0x00, 0x00, 0x32, 0xFF, 0xFF, 0xFF, 0x13, 0x00, 0x00, 0x00, 0x67, 0x00, 0x00, 0x00
	.byte 0x2F, 0xFF, 0xFF, 0xFF, 0x04, 0x00, 0x00, 0x00, 0x05, 0x00, 0x00, 0x00, 0x4C, 0x00, 0x00, 0x00
	.byte 0x0A, 0x00, 0x00, 0x00, 0x41, 0x00, 0x00, 0x00, 0x00, 0x00, 0x00, 0x00, 0x19, 0x00, 0x00, 0x00
	.byte 0x20, 0x00, 0x00, 0x00, 0x26, 0xFF, 0xFF, 0xFF, 0x00, 0x00, 0x00, 0x00, 0x32, 0x00, 0x00, 0x00
	.byte 0x02, 0x00, 0x00, 0x00, 0x04, 0x00, 0x00, 0x00, 0x02, 0x00, 0x00, 0x00, 0x4D, 0x00, 0x00, 0x00
	.byte 0x0E, 0x00, 0x00, 0x00, 0x0F, 0x00, 0x00, 0x00, 0x10, 0x00, 0x00, 0x00, 0x11, 0x00, 0x00, 0x00
	.byte 0x12, 0x00, 0x00, 0x00, 0xFF, 0xFF, 0xFF, 0xFF, 0x37, 0x00, 0x00, 0x00, 0x7D, 0x00, 0x00, 0x00
	.byte 0x73, 0x00, 0x00, 0x00, 0x6A, 0x00, 0x00, 0x00, 0x6B, 0x00, 0x00, 0x00, 0x74, 0x00, 0x00, 0x00
	.byte 0x75, 0x00, 0x00, 0x00, 0x76, 0x00, 0x00, 0x00, 0x77, 0x00, 0x00, 0x00, 0x76, 0x00, 0x00, 0x00
	.byte 0x78, 0x00, 0x00, 0x00, 0x79, 0x00, 0x00, 0x00, 0x7A, 0x00, 0x00, 0x00, 0xFF, 0xFF, 0xFF, 0xFF
	.byte 0x64, 0x00, 0x00, 0x00, 0xFF, 0xFF, 0xFF, 0xFF, 0x65, 0x00, 0x00, 0x00, 0xFF, 0xFF, 0xFF, 0xFF
	.byte 0x6D, 0x00, 0x00, 0x00, 0xFF, 0xFF, 0xFF, 0xFF, 0x0E, 0x00, 0x00, 0x00, 0x0F, 0x00, 0x00, 0x00
	.byte 0x10, 0x00, 0x00, 0x00, 0x11, 0x00, 0x00, 0x00, 0x12, 0x00, 0x00, 0x00, 0x32, 0x00, 0x00, 0x00
	.byte 0x37, 0x00, 0x00, 0x00, 0x7D, 0x00, 0x00, 0x00, 0x73, 0x00, 0x00, 0x00, 0x6A, 0x00, 0x00, 0x00
	.byte 0x6B, 0x00, 0x00, 0x00, 0x74, 0x00, 0x00, 0x00, 0x75, 0x00, 0x00, 0x00, 0x76, 0x00, 0x00, 0x00
	.byte 0x77, 0x00, 0x00, 0x00, 0x78, 0x00, 0x00, 0x00, 0x79, 0x00, 0x00, 0x00, 0x7A, 0x00, 0x00, 0x00
	.byte 0x64, 0x00, 0x00, 0x00, 0x65, 0x00, 0x00, 0x00, 0x6D, 0x00, 0x00, 0x00, 0xFF, 0xFF, 0xFF, 0xFF
	.byte 0x32, 0x00, 0x00, 0x00, 0x37, 0x00, 0x00, 0x00, 0x7D, 0x00, 0x00, 0x00, 0x73, 0x00, 0x00, 0x00
	.byte 0x6A, 0x00, 0x00, 0x00, 0x6B, 0x00, 0x00, 0x00, 0x74, 0x00, 0x00, 0x00, 0x75, 0x00, 0x00, 0x00
	.byte 0x76, 0x00, 0x00, 0x00, 0x77, 0x00, 0x00, 0x00, 0x78, 0x00, 0x00, 0x00, 0x79, 0x00, 0x00, 0x00
	.byte 0x7A, 0x00, 0x00, 0x00, 0x64, 0x00, 0x00, 0x00, 0x65, 0x00, 0x00, 0x00, 0x6D, 0x00, 0x00, 0x00
	.byte 0xFF, 0xFF, 0xFF, 0xFF, 0x29, 0x00, 0x00, 0x00, 0x01, 0x00, 0x00, 0x00, 0x19, 0x00, 0x00, 0x00
	.byte 0x0F, 0x00, 0x00, 0x00, 0x05, 0x00, 0x00, 0x00, 0x29, 0x00, 0x00, 0x00, 0x00, 0x00, 0x00, 0x00
	.byte 0x19, 0x00, 0x00, 0x00, 0x0A, 0x00, 0x00, 0x00, 0x04, 0x00, 0x00, 0x00, 0x04, 0x00, 0x00, 0x00
	.byte 0xFF, 0xFF, 0xFF, 0xFF, 0x4C, 0x00, 0x00, 0x00, 0x05, 0x00, 0x00, 0x00, 0x00, 0x00, 0x00, 0x00
	.byte 0x32, 0x00, 0x00, 0x00, 0x02, 0x00, 0x00, 0x00, 0x04, 0x00, 0x00, 0x00, 0x02, 0x00, 0x00, 0x00
	.byte 0x4D, 0x00, 0x00, 0x00, 0x03, 0x00, 0x00, 0x00, 0x04, 0x00, 0x00, 0x00, 0x08, 0x00, 0x00, 0x00
	.byte 0x09, 0x00, 0x00, 0x00, 0x12, 0x00, 0x00, 0x00, 0x19, 0x00, 0x00, 0x00, 0x1B, 0x00, 0x00, 0x00
	.byte 0x21, 0x00, 0x00, 0x00, 0x25, 0x00, 0x00, 0x00, 0x2C, 0x00, 0x00, 0x00, 0x38, 0x00, 0x00, 0x00
	.byte 0x3D, 0x00, 0x00, 0x00, 0x3F, 0x00, 0x00, 0x00, 0x4A, 0x00, 0x00, 0x00, 0x22, 0x00, 0x00, 0x00
	.byte 0x13, 0x00, 0x00, 0x00, 0x5B, 0x00, 0x00, 0x00, 0x62, 0x00, 0x00, 0x00, 0x68, 0x00, 0x00, 0x00
	.byte 0x69, 0x00, 0x00, 0x00, 0x6D, 0x00, 0x00, 0x00, 0x6E, 0x00, 0x00, 0x00, 0x6F, 0x00, 0x00, 0x00
	.byte 0x74, 0x00, 0x00, 0x00, 0x78, 0x00, 0x00, 0x00, 0xFF, 0xFF, 0xFF, 0xFF, 0x4D, 0x00, 0x00, 0x00
	.byte 0x2B, 0x00, 0x00, 0x00, 0x00, 0x00, 0x00, 0x00, 0x18, 0x00, 0x00, 0x00, 0x2B, 0x00, 0x00, 0x00
	.byte 0x0A, 0x00, 0x00, 0x00, 0x15, 0x00, 0x00, 0x00, 0x2B, 0x00, 0x00, 0x00, 0x14, 0x00, 0x00, 0x00
	.byte 0x12, 0x00, 0x00, 0x00, 0x31, 0x00, 0x00, 0x00, 0x01, 0x00, 0x00, 0x00, 0x01, 0x00, 0x00, 0x00
	.byte 0x06, 0x00, 0x00, 0x00, 0x0D, 0x00, 0x00, 0x00, 0x24, 0x00, 0x00, 0x00, 0x01, 0x00, 0x00, 0x00
	.byte 0x06, 0x00, 0x00, 0x00, 0x06, 0x00, 0x00, 0x00, 0x01, 0x00, 0x00, 0x00, 0x28, 0x00, 0x00, 0x00
	.byte 0x06, 0x00, 0x00, 0x00, 0x4C, 0x00, 0x00, 0x00, 0x06, 0x00, 0x00, 0x00, 0x05, 0x00, 0x00, 0x00
	.byte 0x01, 0x00, 0x00, 0x00, 0x3C, 0x00, 0x00, 0x00, 0x02, 0x00, 0x00, 0x00, 0x04, 0x00, 0x00, 0x00
	.byte 0xFF, 0xFF, 0xFF, 0xFF, 0x4D, 0x00, 0x00, 0x00, 0x06, 0x00, 0x00, 0x00, 0x00, 0x00, 0x00, 0x00
	.byte 0x1E, 0x00, 0x00, 0x00, 0x05, 0x00, 0x00, 0x00, 0x00, 0x00, 0x00, 0x00, 0x64, 0x00, 0x00, 0x00
	.byte 0x02, 0x00, 0x00, 0x00, 0x04, 0x00, 0x00, 0x00, 0xFF, 0xFF, 0xFF, 0xFF, 0x43, 0x00, 0x00, 0x00
	.byte 0x01, 0x00, 0x00, 0x00, 0x13, 0x00, 0x00, 0x00, 0x00, 0x00, 0x00, 0x00, 0x0A, 0x00, 0x00, 0x00
	.byte 0x00, 0x00, 0x00, 0x00, 0x96, 0x00, 0x00, 0x00, 0x0C, 0x00, 0x00, 0x00, 0x04, 0x00, 0x00, 0x00
	.byte 0x01, 0x00, 0x00, 0x00, 0x4C, 0x00, 0x00, 0x00, 0x08, 0x00, 0x00, 0x00, 0x00, 0x00, 0x00, 0x00
	.byte 0x32, 0x00, 0x00, 0x00, 0x05, 0x00, 0x00, 0x00, 0x00, 0x00, 0x00, 0x00, 0x1E, 0x00, 0x00, 0x00
	.byte 0x02, 0x00, 0x00, 0x00, 0x04, 0x00, 0x00, 0x00, 0xFF, 0xFF, 0xFF, 0xFF, 0x4D, 0x00, 0x00, 0x00
	.byte 0x46, 0x00, 0x00, 0x00, 0x01, 0x00, 0x00, 0x00, 0x1A, 0x00, 0x00, 0x00, 0x0A, 0x00, 0x00, 0x00
	.byte 0x07, 0x00, 0x00, 0x00, 0x00, 0x00, 0x00, 0x00, 0x32, 0x00, 0x00, 0x00, 0x06, 0x00, 0x00, 0x00
	.byte 0x04, 0x00, 0x00, 0x00, 0x01, 0x00, 0x00, 0x00, 0x4C, 0x00, 0x00, 0x00, 0x02, 0x00, 0x00, 0x00
	.byte 0x04, 0x00, 0x00, 0x00, 0xFE, 0xFF, 0xFF, 0xFF, 0x4D, 0x00, 0x00, 0x00, 0x96, 0x00, 0x00, 0x00
	.byte 0x9D, 0x00, 0x00, 0x00, 0xCF, 0x00, 0x00, 0x00, 0xFF, 0xFF, 0xFF, 0xFF, 0x09, 0x00, 0x00, 0x00
	.byte 0x00, 0x00, 0x00, 0x00, 0x07, 0x00, 0x00, 0x00, 0x0F, 0x00, 0x00, 0x00, 0x0B, 0x00, 0x00, 0x00
	.byte 0x00, 0x00, 0x00, 0x00, 0x00, 0x00, 0x0F, 0x00, 0x0B, 0x00, 0x00, 0x00, 0x0B, 0x00, 0x00, 0x00
	.byte 0x00, 0x00, 0x00, 0x00, 0x07, 0x00, 0x00, 0x00, 0x07, 0x00, 0x00, 0x00, 0x00, 0x00, 0x00, 0x00
	.byte 0xB4, 0x00, 0x00, 0x00, 0x04, 0x00, 0x00, 0x00, 0x04, 0x00, 0x00, 0x00, 0x02, 0x00, 0x00, 0x00
	.byte 0x4C, 0x00, 0x00, 0x00, 0x02, 0x00, 0x00, 0x00, 0x04, 0x00, 0x00, 0x00, 0xFE, 0xFF, 0xFF, 0xFF
	.byte 0x4D, 0x00, 0x00, 0x00, 0x0F, 0x00, 0x00, 0x00, 0x00, 0x00, 0x00, 0x00, 0x01, 0x00, 0x00, 0x00
	.byte 0x06, 0x00, 0x00, 0x00, 0x0F, 0x00, 0x00, 0x00, 0x00, 0x00, 0x00, 0x00, 0x02, 0x00, 0x00, 0x00
	.byte 0x02, 0x00, 0x00, 0x00, 0x4C, 0x00, 0x00, 0x00, 0x02, 0x00, 0x00, 0x00, 0x04, 0x00, 0x00, 0x00
	.byte 0x01, 0x00, 0x00, 0x00, 0x4D, 0x00, 0x00, 0x00, 0x05, 0x00, 0x00, 0x00, 0x00, 0x00, 0x00, 0x00
	.byte 0x1E, 0x00, 0x00, 0x00, 0x0A, 0x00, 0x00, 0x00, 0x43, 0x00, 0x00, 0x00, 0x01, 0x00, 0x00, 0x00
	.byte 0x12, 0x00, 0x00, 0x00, 0x00, 0x00, 0x00, 0x00, 0x05, 0x00, 0x00, 0x00, 0x00, 0x00, 0x00, 0x00
	.byte 0xB4, 0x00, 0x00, 0x00, 0x02, 0x00, 0x00, 0x00, 0x04, 0x00, 0x00, 0x00, 0x01, 0x00, 0x00, 0x00
	.byte 0x4D, 0x00, 0x00, 0x00, 0x05, 0x00, 0x00, 0x00, 0x00, 0x00, 0x00, 0x00, 0x46, 0x00, 0x00, 0x00
	.byte 0x13, 0x00, 0x00, 0x00, 0x24, 0x00, 0x00, 0x00, 0x01, 0x00, 0x00, 0x00, 0x08, 0x00, 0x00, 0x00
	.byte 0x06, 0x00, 0x00, 0x00, 0x01, 0x00, 0x00, 0x00, 0x28, 0x00, 0x00, 0x00, 0x0C, 0x00, 0x00, 0x00
	.byte 0x04, 0x00, 0x00, 0x00, 0x01, 0x00, 0x00, 0x00, 0x4C, 0x00, 0x00, 0x00, 0x0A, 0x00, 0x00, 0x00
	.byte 0x06, 0x00, 0x00, 0x00, 0x01, 0x00, 0x00, 0x00, 0x32, 0x00, 0x00, 0x00, 0x04, 0x00, 0x00, 0x00
	.byte 0x04, 0x00, 0x00, 0x00, 0x01, 0x00, 0x00, 0x00, 0x4C, 0x00, 0x00, 0x00, 0x02, 0x00, 0x00, 0x00
	.byte 0x04, 0x00, 0x00, 0x00, 0xFF, 0xFF, 0xFF, 0xFF, 0x4D, 0x00, 0x00, 0x00, 0x2B, 0x00, 0x00, 0x00
	.byte 0x00, 0x00, 0x00, 0x00, 0x13, 0x00, 0x00, 0x00, 0x2B, 0x00, 0x00, 0x00, 0x0A, 0x00, 0x00, 0x00
	.byte 0x10, 0x00, 0x00, 0x00, 0x2B, 0x00, 0x00, 0x00, 0x14, 0x00, 0x00, 0x00, 0x0D, 0x00, 0x00, 0x00
	.byte 0x24, 0x00, 0x00, 0x00, 0x01, 0x00, 0x00, 0x00, 0x06, 0x00, 0x00, 0x00, 0x06, 0x00, 0x00, 0x00
	.byte 0x00, 0x00, 0x00, 0x00, 0x32, 0x00, 0x00, 0x00, 0x08, 0x00, 0x00, 0x00, 0x4C, 0x00, 0x00, 0x00
	.byte 0x04, 0x00, 0x00, 0x00, 0x06, 0x00, 0x00, 0x00, 0x00, 0x00, 0x00, 0x00, 0x46, 0x00, 0x00, 0x00
	.byte 0x02, 0x00, 0x00, 0x00, 0x04, 0x00, 0x00, 0x00, 0xFF, 0xFF, 0xFF, 0xFF, 0x4D, 0x00, 0x00, 0x00
	.byte 0x43, 0x00, 0x00, 0x00, 0x01, 0x00, 0x00, 0x00, 0x12, 0x00, 0x00, 0x00, 0x00, 0x00, 0x00, 0x00
	.byte 0x05, 0x00, 0x00, 0x00, 0x00, 0x00, 0x00, 0x00, 0x64, 0x00, 0x00, 0x00, 0x02, 0x00, 0x00, 0x00
	.byte 0x04, 0x00, 0x00, 0x00, 0x02, 0x00, 0x00, 0x00, 0x4D, 0x00, 0x00, 0x00, 0x05, 0x00, 0x00, 0x00
	.byte 0x00, 0x00, 0x00, 0x00, 0x32, 0x00, 0x00, 0x00, 0x02, 0x00, 0x00, 0x00, 0x4C, 0x00, 0x00, 0x00
	.byte 0x02, 0x00, 0x00, 0x00, 0x04, 0x00, 0x00, 0x00, 0xFF, 0xFF, 0xFF, 0xFF, 0x4D, 0x00, 0x00, 0x00
	.byte 0x43, 0x00, 0x00, 0x00, 0x01, 0x00, 0x00, 0x00, 0x13, 0x00, 0x00, 0x00, 0x01, 0x00, 0x00, 0x00
	.byte 0x21, 0x00, 0x00, 0x00, 0x00, 0x00, 0x00, 0x00, 0x1E, 0x00, 0x00, 0x00, 0x31, 0x00, 0x00, 0x00
	.byte 0x24, 0x00, 0x00, 0x00, 0x01, 0x00, 0x00, 0x00, 0x0D, 0x00, 0x00, 0x00, 0x08, 0x00, 0x00, 0x00
	.byte 0x01, 0x00, 0x00, 0x00, 0x64, 0x00, 0x00, 0x00, 0x25, 0x00, 0x00, 0x00, 0x05, 0x00, 0x00, 0x00
	.byte 0x00, 0x00, 0x00, 0x00, 0x46, 0x00, 0x00, 0x00, 0x21, 0x00, 0x00, 0x00, 0x00, 0x00, 0x00, 0x00
	.byte 0x3C, 0x00, 0x00, 0x00, 0x23, 0x00, 0x00, 0x00, 0x4C, 0x00, 0x00, 0x00, 0x1C, 0x00, 0x00, 0x00
	.byte 0x06, 0x00, 0x00, 0x00, 0x00, 0x00, 0x00, 0x00, 0x19, 0x00, 0x00, 0x00, 0x18, 0x00, 0x00, 0x00
	.byte 0x39, 0x00, 0x00, 0x00, 0x00, 0x00, 0x00, 0x00, 0x20, 0x00, 0x00, 0x00, 0x06, 0x00, 0x00, 0x00
	.byte 0x39, 0x00, 0x00, 0x00, 0x00, 0x00, 0x00, 0x00, 0x9C, 0x00, 0x00, 0x00, 0x02, 0x00, 0x00, 0x00
	.byte 0x4C, 0x00, 0x00, 0x00, 0x07, 0x00, 0x00, 0x00, 0x00, 0x00, 0x00, 0x00, 0x96, 0x00, 0x00, 0x00
	.byte 0x10, 0x00, 0x00, 0x00, 0x04, 0x00, 0x00, 0x00, 0x02, 0x00, 0x00, 0x00, 0x4C, 0x00, 0x00, 0x00
	.byte 0x0C, 0x00, 0x00, 0x00, 0x00, 0x00, 0x00, 0x00, 0xE6, 0x00, 0x00, 0x00, 0x04, 0x00, 0x00, 0x00
	.byte 0x04, 0x00, 0x00, 0x00, 0x01, 0x00, 0x00, 0x00, 0x4C, 0x00, 0x00, 0x00, 0x05, 0x00, 0x00, 0x00
	.byte 0x00, 0x00, 0x00, 0x00, 0x1E, 0x00, 0x00, 0x00, 0x02, 0x00, 0x00, 0x00, 0x04, 0x00, 0x00, 0x00
	.byte 0xFE, 0xFF, 0xFF, 0xFF, 0x4D, 0x00, 0x00, 0x00, 0x05, 0x00, 0x00, 0x00, 0x01, 0x00, 0x00, 0x00
	.byte 0x32, 0x00, 0x00, 0x00, 0x10, 0x00, 0x00, 0x00, 0x1E, 0x00, 0x00, 0x00, 0x00, 0x00, 0x00, 0x00
	.byte 0x13, 0x00, 0x00, 0x00, 0x0D, 0x00, 0x00, 0x00, 0x07, 0x00, 0x00, 0x00, 0x1E, 0x00, 0x00, 0x00
	.byte 0x02, 0x00, 0x00, 0x00, 0x13, 0x00, 0x00, 0x00, 0x0D, 0x00, 0x00, 0x00, 0x02, 0x00, 0x00, 0x00
	.byte 0x4C, 0x00, 0x00, 0x00, 0x04, 0x00, 0x00, 0x00, 0x04, 0x00, 0x00, 0x00, 0x01, 0x00, 0x00, 0x00
	.byte 0x4C, 0x00, 0x00, 0x00, 0x02, 0x00, 0x00, 0x00, 0x04, 0x00, 0x00, 0x00, 0xFF, 0xFF, 0xFF, 0xFF
	.byte 0x4D, 0x00, 0x00, 0x00, 0x2B, 0x00, 0x00, 0x00, 0x00, 0x00, 0x00, 0x00, 0x13, 0x00, 0x00, 0x00
	.byte 0x2B, 0x00, 0x00, 0x00, 0x0A, 0x00, 0x00, 0x00, 0x10, 0x00, 0x00, 0x00, 0x2B, 0x00, 0x00, 0x00
	.byte 0x14, 0x00, 0x00, 0x00, 0x0D, 0x00, 0x00, 0x00, 0x24, 0x00, 0x00, 0x00, 0x01, 0x00, 0x00, 0x00
	.byte 0x06, 0x00, 0x00, 0x00, 0x06, 0x00, 0x00, 0x00, 0x01, 0x00, 0x00, 0x00, 0x3C, 0x00, 0x00, 0x00
	.byte 0x08, 0x00, 0x00, 0x00, 0x4C, 0x00, 0x00, 0x00, 0x04, 0x00, 0x00, 0x00, 0x06, 0x00, 0x00, 0x00
	.byte 0x01, 0x00, 0x00, 0x00, 0x50, 0x00, 0x00, 0x00, 0x02, 0x00, 0x00, 0x00, 0x04, 0x00, 0x00, 0x00
	.byte 0xFF, 0xFF, 0xFF, 0xFF, 0x4D, 0x00, 0x00, 0x00, 0x05, 0x00, 0x00, 0x00, 0x01, 0x00, 0x00, 0x00
	.byte 0x32, 0x00, 0x00, 0x00, 0x10, 0x00, 0x00, 0x00, 0x1E, 0x00, 0x00, 0x00, 0x00, 0x00, 0x00, 0x00
	.byte 0x13, 0x00, 0x00, 0x00, 0x0A, 0x00, 0x00, 0x00, 0x07, 0x00, 0x00, 0x00, 0x1E, 0x00, 0x00, 0x00
	.byte 0x02, 0x00, 0x00, 0x00, 0x13, 0x00, 0x00, 0x00, 0x0A, 0x00, 0x00, 0x00, 0x02, 0x00, 0x00, 0x00
	.byte 0x4C, 0x00, 0x00, 0x00, 0x04, 0x00, 0x00, 0x00, 0x04, 0x00, 0x00, 0x00, 0x01, 0x00, 0x00, 0x00
	.byte 0x4C, 0x00, 0x00, 0x00, 0x02, 0x00, 0x00, 0x00, 0x04, 0x00, 0x00, 0x00, 0xFF, 0xFF, 0xFF, 0xFF
	.byte 0x4D, 0x00, 0x00, 0x00, 0x24, 0x00, 0x00, 0x00, 0x01, 0x00, 0x00, 0x00, 0x0B, 0x00, 0x00, 0x00
	.byte 0x06, 0x00, 0x00, 0x00, 0x01, 0x00, 0x00, 0x00, 0x32, 0x00, 0x00, 0x00, 0x0C, 0x00, 0x00, 0x00
	.byte 0x00, 0x00, 0x00, 0x00, 0x46, 0x00, 0x00, 0x00, 0x09, 0x00, 0x00, 0x00, 0x04, 0x00, 0x00, 0x00
	.byte 0xFF, 0xFF, 0xFF, 0xFF, 0x4C, 0x00, 0x00, 0x00, 0x05, 0x00, 0x00, 0x00, 0x00, 0x00, 0x00, 0x00
	.byte 0x80, 0x00, 0x00, 0x00, 0x02, 0x00, 0x00, 0x00, 0x04, 0x00, 0x00, 0x00, 0x01, 0x00, 0x00, 0x00
	.byte 0x4D, 0x00, 0x00, 0x00, 0x29, 0x00, 0x00, 0x00, 0x00, 0x00, 0x00, 0x00, 0x13, 0x00, 0x00, 0x00
	.byte 0x1A, 0x00, 0x00, 0x00, 0x17, 0x00, 0x00, 0x00, 0x0D, 0x00, 0x00, 0x00, 0x00, 0x00, 0x00, 0x00
	.byte 0x00, 0x00, 0x00, 0x08, 0x13, 0x00, 0x00, 0x00, 0x1E, 0x00, 0x00, 0x00, 0x00, 0x00, 0x00, 0x00
	.byte 0x13, 0x00, 0x00, 0x00, 0x02, 0x00, 0x00, 0x00, 0x0E, 0x00, 0x00, 0x00, 0x1E, 0x00, 0x00, 0x00
	.byte 0x02, 0x00, 0x00, 0x00, 0x13, 0x00, 0x00, 0x00, 0x02, 0x00, 0x00, 0x00, 0x09, 0x00, 0x00, 0x00
	.byte 0x05, 0x00, 0x00, 0x00, 0x01, 0x00, 0x00, 0x00, 0x3C, 0x00, 0x00, 0x00, 0x0A, 0x00, 0x00, 0x00
	.byte 0x00, 0x00, 0x00, 0x00, 0x80, 0x00, 0x00, 0x00, 0x02, 0x00, 0x00, 0x00, 0x4C, 0x00, 0x00, 0x00
	.byte 0x05, 0x00, 0x00, 0x00, 0x00, 0x00, 0x00, 0x00, 0x40, 0x00, 0x00, 0x00, 0x02, 0x00, 0x00, 0x00
	.byte 0x04, 0x00, 0x00, 0x00, 0x01, 0x00, 0x00, 0x00, 0x4D, 0x00, 0x00, 0x00, 0x1E, 0x00, 0x00, 0x00
	.byte 0x00, 0x00, 0x00, 0x00, 0x13, 0x00, 0x00, 0x00, 0x11, 0x00, 0x00, 0x00, 0x0D, 0x00, 0x00, 0x00
	.byte 0x1E, 0x00, 0x00, 0x00, 0x02, 0x00, 0x00, 0x00, 0x13, 0x00, 0x00, 0x00, 0x11, 0x00, 0x00, 0x00
	.byte 0x08, 0x00, 0x00, 0x00, 0x32, 0x00, 0x00, 0x00, 0x00, 0x00, 0x00, 0x00, 0x07, 0x00, 0x00, 0x00
	.byte 0x08, 0x00, 0x00, 0x00, 0x06, 0x00, 0x00, 0x00, 0x04, 0x00, 0x00, 0x00, 0xFE, 0xFF, 0xFF, 0xFF
	.byte 0x4D, 0x00, 0x00, 0x00, 0x00, 0x00, 0x00, 0x00, 0x50, 0x00, 0x00, 0x00, 0x05, 0x00, 0x00, 0x00
	.byte 0x00, 0x00, 0x00, 0x00, 0x50, 0x00, 0x00, 0x00, 0x02, 0x00, 0x00, 0x00, 0x04, 0x00, 0x00, 0x00
	.byte 0x02, 0x00, 0x00, 0x00, 0x4D, 0x00, 0x00, 0x00, 0x2B, 0x00, 0x00, 0x00, 0x00, 0x00, 0x00, 0x00
	.byte 0x0C, 0x00, 0x00, 0x00, 0x2B, 0x00, 0x00, 0x00, 0x14, 0x00, 0x00, 0x00, 0x09, 0x00, 0x00, 0x00
	.byte 0x2B, 0x00, 0x00, 0x00, 0x0A, 0x00, 0x00, 0x00, 0x06, 0x00, 0x00, 0x00, 0x09, 0x00, 0x00, 0x00
	.byte 0x00, 0x00, 0x00, 0x00, 0x07, 0x00, 0x00, 0x00, 0x06, 0x00, 0x00, 0x00, 0x4C, 0x00, 0x00, 0x00
	.byte 0x06, 0x00, 0x00, 0x00, 0x04, 0x00, 0x00, 0x00, 0xFF, 0xFF, 0xFF, 0xFF, 0x4C, 0x00, 0x00, 0x00
	.byte 0x02, 0x00, 0x00, 0x00, 0x04, 0x00, 0x00, 0x00, 0x01, 0x00, 0x00, 0x00, 0x4D, 0x00, 0x00, 0x00
	.byte 0x2B, 0x00, 0x00, 0x00, 0x00, 0x00, 0x00, 0x00, 0x0B, 0x00, 0x00, 0x00, 0x2B, 0x00, 0x00, 0x00
	.byte 0x14, 0x00, 0x00, 0x00, 0x08, 0x00, 0x00, 0x00, 0x2B, 0x00, 0x00, 0x00, 0x0A, 0x00, 0x00, 0x00
	.byte 0x05, 0x00, 0x00, 0x00, 0x24, 0x00, 0x00, 0x00, 0x01, 0x00, 0x00, 0x00, 0x05, 0x00, 0x00, 0x00
	.byte 0x4C, 0x00, 0x00, 0x00, 0x05, 0x00, 0x00, 0x00, 0x04, 0x00, 0x00, 0x00, 0xFF, 0xFF, 0xFF, 0xFF
	.byte 0x4D, 0x00, 0x00, 0x00, 0x04, 0x00, 0x00, 0x00, 0x01, 0x00, 0x00, 0x00, 0x4D, 0x00, 0x00, 0x00
	.byte 0x4D, 0x00, 0x00, 0x00, 0x2B, 0x00, 0x00, 0x00, 0x00, 0x00, 0x00, 0x00, 0x13, 0x00, 0x00, 0x00
	.byte 0x2B, 0x00, 0x00, 0x00, 0x14, 0x00, 0x00, 0x00, 0x10, 0x00, 0x00, 0x00, 0x2B, 0x00, 0x00, 0x00
	.byte 0x0A, 0x00, 0x00, 0x00, 0x0D, 0x00, 0x00, 0x00, 0x06, 0x00, 0x00, 0x00, 0x00, 0x00, 0x00, 0x00
	.byte 0x32, 0x00, 0x00, 0x00, 0x0B, 0x00, 0x00, 0x00, 0x04, 0x00, 0x00, 0x00, 0x01, 0x00, 0x00, 0x00
	.byte 0x00, 0x00, 0x00, 0x00, 0x80, 0x00, 0x00, 0x00, 0x06, 0x00, 0x00, 0x00, 0x04, 0x00, 0x00, 0x00
	.byte 0x01, 0x00, 0x00, 0x00, 0x4C, 0x00, 0x00, 0x00, 0x02, 0x00, 0x00, 0x00, 0x04, 0x00, 0x00, 0x00
	.byte 0xFF, 0xFF, 0xFF, 0xFF, 0x4D, 0x00, 0x00, 0x00, 0x39, 0x00, 0x00, 0x00, 0x00, 0x00, 0x00, 0x00
	.byte 0x6F, 0x00, 0x00, 0x00, 0x05, 0x00, 0x00, 0x00, 0x00, 0x00, 0x00, 0x00, 0x40, 0x00, 0x00, 0x00
	.byte 0x02, 0x00, 0x00, 0x00, 0x4C, 0x00, 0x00, 0x00, 0x41, 0x00, 0x00, 0x00, 0x09, 0x00, 0x00, 0x00
	.byte 0x01, 0x00, 0x00, 0x00, 0x80, 0x00, 0x00, 0x00, 0x1D, 0x00, 0x00, 0x00, 0x0B, 0x00, 0x00, 0x00
	.byte 0x01, 0x00, 0x00, 0x00, 0x00, 0x00, 0x00, 0x10, 0x19, 0x00, 0x00, 0x00, 0x0D, 0x00, 0x00, 0x00
	.byte 0x01, 0x00, 0x00, 0x00, 0x20, 0x00, 0x00, 0x00, 0x15, 0x00, 0x00, 0x00, 0x0B, 0x00, 0x00, 0x00
	.byte 0x01, 0x00, 0x00, 0x00, 0x00, 0x00, 0x0F, 0x00, 0x11, 0x00, 0x00, 0x00, 0x0D, 0x00, 0x00, 0x00
	.byte 0x01, 0x00, 0x00, 0x00, 0x04, 0x00, 0x00, 0x00, 0x0D, 0x00, 0x00, 0x00, 0x0D, 0x00, 0x00, 0x00
	.byte 0x01, 0x00, 0x00, 0x00, 0x00, 0x18, 0x00, 0x00, 0x09, 0x00, 0x00, 0x00, 0x07, 0x00, 0x00, 0x00
	.byte 0x00, 0x00, 0x00, 0x00, 0x64, 0x00, 0x00, 0x00, 0x0A, 0x00, 0x00, 0x00, 0x41, 0x00, 0x00, 0x00
	.byte 0x00, 0x00, 0x00, 0x00, 0x1A, 0x00, 0x00, 0x00, 0x21, 0x00, 0x00, 0x00, 0x05, 0x00, 0x00, 0x00
	.byte 0x00, 0x00, 0x00, 0x00, 0x80, 0x00, 0x00, 0x00, 0x02, 0x00, 0x00, 0x00, 0x04, 0x00, 0x00, 0x00
	.byte 0x01, 0x00, 0x00, 0x00, 0x4A, 0x00, 0x00, 0x00, 0x00, 0x00, 0x00, 0x00, 0x13, 0x00, 0x00, 0x00
	.byte 0x00, 0x00, 0x00, 0x00, 0x06, 0x00, 0x00, 0x00, 0x13, 0x00, 0x00, 0x00, 0x01, 0x00, 0x00, 0x00
	.byte 0x0A, 0x00, 0x00, 0x00, 0x12, 0x00, 0x00, 0x00, 0x02, 0x00, 0x00, 0x00, 0x0E, 0x00, 0x00, 0x00
	.byte 0x00, 0x00, 0x00, 0x00, 0x80, 0x00, 0x00, 0x00, 0x0D, 0x00, 0x00, 0x00, 0x04, 0x00, 0x00, 0x00
	.byte 0x01, 0x00, 0x00, 0x00, 0x4C, 0x00, 0x00, 0x00, 0x09, 0x00, 0x00, 0x00, 0x00, 0x00, 0x00, 0x00
	.byte 0xC0, 0x00, 0x00, 0x00, 0x06, 0x00, 0x00, 0x00, 0x04, 0x00, 0x00, 0x00, 0x01, 0x00, 0x00, 0x00
	.byte 0x4C, 0x00, 0x00, 0x00, 0x02, 0x00, 0x00, 0x00, 0x04, 0x00, 0x00, 0x00, 0xFE, 0xFF, 0xFF, 0xFF
	.byte 0x4D, 0x00, 0x00, 0x00, 0x45, 0x00, 0x00, 0x00, 0x6D, 0x00, 0x00, 0x00, 0xFF, 0xFF, 0xFF, 0xFF
	.byte 0x2B, 0x00, 0x00, 0x00, 0x00, 0x00, 0x00, 0x00, 0x17, 0x00, 0x00, 0x00, 0x2B, 0x00, 0x00, 0x00
	.byte 0x14, 0x00, 0x00, 0x00, 0x14, 0x00, 0x00, 0x00, 0x2B, 0x00, 0x00, 0x00, 0x0A, 0x00, 0x00, 0x00
	.byte 0x11, 0x00, 0x00, 0x00, 0x43, 0x00, 0x00, 0x00, 0x01, 0x00, 0x00, 0x00, 0x13, 0x00, 0x00, 0x00
	.byte 0x00, 0x00, 0x00, 0x00, 0x05, 0x00, 0x00, 0x00, 0x00, 0x00, 0x00, 0x00, 0x40, 0x00, 0x00, 0x00
	.byte 0x02, 0x00, 0x00, 0x00, 0x04, 0x00, 0x00, 0x00, 0x01, 0x00, 0x00, 0x00, 0x00, 0x00, 0x00, 0x00
	.byte 0x80, 0x00, 0x00, 0x00, 0x06, 0x00, 0x00, 0x00, 0x04, 0x00, 0x00, 0x00, 0x01, 0x00, 0x00, 0x00
	.byte 0x4C, 0x00, 0x00, 0x00, 0x02, 0x00, 0x00, 0x00, 0x04, 0x00, 0x00, 0x00, 0xFF, 0xFF, 0xFF, 0xFF
	.byte 0x4D, 0x00, 0x00, 0x00, 0x00, 0x00, 0x00, 0x00, 0x40, 0x00, 0x00, 0x00, 0x14, 0x00, 0x00, 0x00
	.byte 0x24, 0x00, 0x00, 0x00, 0x00, 0x00, 0x00, 0x00, 0x0F, 0x00, 0x00, 0x00, 0x05, 0x00, 0x00, 0x00
	.byte 0x01, 0x00, 0x00, 0x00, 0x1F, 0x00, 0x00, 0x00, 0x0B, 0x00, 0x00, 0x00, 0x06, 0x00, 0x00, 0x00
	.byte 0x01, 0x00, 0x00, 0x00, 0x4B, 0x00, 0x00, 0x00, 0x03, 0x00, 0x00, 0x00, 0x00, 0x00, 0x00, 0x00
	.byte 0x40, 0x00, 0x00, 0x00, 0x06, 0x00, 0x00, 0x00, 0x04, 0x00, 0x00, 0x00, 0x01, 0x00, 0x00, 0x00
	.byte 0x4C, 0x00, 0x00, 0x00, 0x02, 0x00, 0x00, 0x00, 0x04, 0x00, 0x00, 0x00, 0xFF, 0xFF, 0xFF, 0xFF
	.byte 0x4D, 0x00, 0x00, 0x00, 0x05, 0x00, 0x00, 0x00, 0x01, 0x00, 0x00, 0x00, 0x33, 0x00, 0x00, 0x00
	.byte 0x0E, 0x00, 0x00, 0x00, 0x06, 0x00, 0x00, 0x00, 0x01, 0x00, 0x00, 0x00, 0x5A, 0x00, 0x00, 0x00
	.byte 0x03, 0x00, 0x00, 0x00, 0x00, 0x00, 0x00, 0x00, 0x80, 0x00, 0x00, 0x00, 0x09, 0x00, 0x00, 0x00
	.byte 0x00, 0x00, 0x00, 0x00, 0x40, 0x00, 0x00, 0x00, 0x06, 0x00, 0x00, 0x00, 0x04, 0x00, 0x00, 0x00
	.byte 0x01, 0x00, 0x00, 0x00, 0x4C, 0x00, 0x00, 0x00, 0x02, 0x00, 0x00, 0x00, 0x04, 0x00, 0x00, 0x00
	.byte 0xFF, 0xFF, 0xFF, 0xFF, 0x4D, 0x00, 0x00, 0x00, 0x09, 0x00, 0x00, 0x00, 0x00, 0x00, 0x00, 0x00
	.byte 0x07, 0x00, 0x00, 0x00, 0x41, 0x00, 0x00, 0x00, 0x0B, 0x00, 0x00, 0x00, 0x00, 0x00, 0x00, 0x00
	.byte 0x00, 0x00, 0x0F, 0x00, 0x3D, 0x00, 0x00, 0x00, 0x0B, 0x00, 0x00, 0x00, 0x00, 0x00, 0x00, 0x00
	.byte 0x07, 0x00, 0x00, 0x00, 0x39, 0x00, 0x00, 0x00, 0x39, 0x00, 0x00, 0x00, 0x00, 0x00, 0x00, 0x00
	.byte 0xB9, 0x00, 0x00, 0x00, 0x35, 0x00, 0x00, 0x00, 0x39, 0x00, 0x00, 0x00, 0x00, 0x00, 0x00, 0x00
	.byte 0xAA, 0x00, 0x00, 0x00, 0x31, 0x00, 0x00, 0x00, 0x39, 0x00, 0x00, 0x00, 0x00, 0x00, 0x00, 0x00
	.byte 0x4E, 0x00, 0x00, 0x00, 0x2D, 0x00, 0x00, 0x00, 0x06, 0x00, 0x00, 0x00, 0x01, 0x00, 0x00, 0x00
	.byte 0x1E, 0x00, 0x00, 0x00, 0x05, 0x00, 0x00, 0x00, 0x00, 0x00, 0x00, 0x00, 0x0A, 0x00, 0x00, 0x00
	.byte 0x02, 0x00, 0x00, 0x00, 0x04, 0x00, 0x00, 0x00, 0xFF, 0xFF, 0xFF, 0xFF, 0x06, 0x00, 0x00, 0x00
	.byte 0x01, 0x00, 0x00, 0x00, 0x32, 0x00, 0x00, 0x00, 0x05, 0x00, 0x00, 0x00, 0x00, 0x00, 0x00, 0x00
	.byte 0x64, 0x00, 0x00, 0x00, 0x02, 0x00, 0x00, 0x00, 0x04, 0x00, 0x00, 0x00, 0xFF, 0xFF, 0xFF, 0xFF
	.byte 0x00, 0x00, 0x00, 0x00, 0xC0, 0x00, 0x00, 0x00, 0x02, 0x00, 0x00, 0x00, 0x04, 0x00, 0x00, 0x00
	.byte 0x01, 0x00, 0x00, 0x00, 0x21, 0x00, 0x00, 0x00, 0x00, 0x00, 0x00, 0x00, 0x48, 0x00, 0x00, 0x00
	.byte 0x13, 0x00, 0x00, 0x00, 0x00, 0x00, 0x00, 0x00, 0x07, 0x00, 0x00, 0x00, 0x50, 0x00, 0x00, 0x00
	.byte 0x05, 0x00, 0x00, 0x00, 0x00, 0x00, 0x00, 0x00, 0x64, 0x00, 0x00, 0x00, 0x02, 0x00, 0x00, 0x00
	.byte 0x04, 0x00, 0x00, 0x00, 0x01, 0x00, 0x00, 0x00, 0x50, 0x00, 0x00, 0x00, 0x09, 0x00, 0x00, 0x00
	.byte 0x00, 0x00, 0x00, 0x00, 0x64, 0x00, 0x00, 0x00, 0x06, 0x00, 0x00, 0x00, 0x04, 0x00, 0x00, 0x00
	.byte 0x01, 0x00, 0x00, 0x00, 0x4C, 0x00, 0x00, 0x00, 0x02, 0x00, 0x00, 0x00, 0x04, 0x00, 0x00, 0x00
	.byte 0xFF, 0xFF, 0xFF, 0xFF, 0x4D, 0x00, 0x00, 0x00, 0x2B, 0x00, 0x00, 0x00, 0x00, 0x00, 0x00, 0x00
	.byte 0x0F, 0x00, 0x00, 0x00, 0x2B, 0x00, 0x00, 0x00, 0x0A, 0x00, 0x00, 0x00, 0x0C, 0x00, 0x00, 0x00
	.byte 0x2B, 0x00, 0x00, 0x00, 0x14, 0x00, 0x00, 0x00, 0x09, 0x00, 0x00, 0x00, 0x26, 0x00, 0x00, 0x00
	.byte 0x01, 0x00, 0x00, 0x00, 0x13, 0x00, 0x00, 0x00, 0x00, 0x00, 0x00, 0x00, 0x36, 0x00, 0x00, 0x00
	.byte 0x62, 0x00, 0x00, 0x00, 0x06, 0x00, 0x00, 0x00, 0x4C, 0x00, 0x00, 0x00, 0x09, 0x00, 0x00, 0x00
	.byte 0x04, 0x00, 0x00, 0x00, 0xFF, 0xFF, 0xFF, 0xFF, 0x4C, 0x00, 0x00, 0x00, 0x2E, 0x00, 0x00, 0x00
	.byte 0x00, 0x00, 0x00, 0x00, 0x40, 0x00, 0x00, 0x00, 0x02, 0x00, 0x00, 0x00, 0x04, 0x00, 0x00, 0x00
	.byte 0xFE, 0xFF, 0xFF, 0xFF, 0x61, 0x00, 0x00, 0x00, 0x00, 0x00, 0x00, 0x00, 0x07, 0x00, 0x00, 0x00
	.byte 0x00, 0x00, 0x00, 0x00, 0x40, 0x00, 0x00, 0x00, 0x04, 0x00, 0x00, 0x00, 0x04, 0x00, 0x00, 0x00
	.byte 0xFE, 0xFF, 0xFF, 0xFF, 0x4C, 0x00, 0x00, 0x00, 0x1F, 0x00, 0x00, 0x00, 0x06, 0x00, 0x00, 0x00
	.byte 0x00, 0x00, 0x00, 0x00, 0x46, 0x00, 0x00, 0x00, 0x09, 0x00, 0x00, 0x00, 0x06, 0x00, 0x00, 0x00
	.byte 0x00, 0x00, 0x00, 0x00, 0x1E, 0x00, 0x00, 0x00, 0x0A, 0x00, 0x00, 0x00, 0x00, 0x00, 0x00, 0x00
	.byte 0x80, 0x00, 0x00, 0x00, 0x0C, 0x00, 0x00, 0x00, 0x4C, 0x00, 0x00, 0x00, 0x05, 0x00, 0x00, 0x00
	.byte 0x00, 0x00, 0x00, 0x00, 0x40, 0x00, 0x00, 0x00, 0x02, 0x00, 0x00, 0x00, 0x04, 0x00, 0x00, 0x00
	.byte 0x01, 0x00, 0x00, 0x00, 0x00, 0x00, 0x00, 0x00, 0x80, 0x00, 0x00, 0x00, 0x02, 0x00, 0x00, 0x00
	.byte 0x04, 0x00, 0x00, 0x00, 0x01, 0x00, 0x00, 0x00, 0x24, 0x00, 0x00, 0x00, 0x00, 0x00, 0x00, 0x00
	.byte 0x03, 0x00, 0x00, 0x00, 0x00, 0x00, 0x00, 0x00, 0x80, 0x00, 0x00, 0x00, 0x02, 0x00, 0x00, 0x00
	.byte 0x04, 0x00, 0x00, 0x00, 0x01, 0x00, 0x00, 0x00, 0x4D, 0x00, 0x00, 0x00, 0x2B, 0x00, 0x00, 0x00
	.byte 0x00, 0x00, 0x00, 0x00, 0x13, 0x00, 0x00, 0x00, 0x2B, 0x00, 0x00, 0x00, 0x0A, 0x00, 0x00, 0x00
	.byte 0x10, 0x00, 0x00, 0x00, 0x2B, 0x00, 0x00, 0x00, 0x14, 0x00, 0x00, 0x00, 0x0D, 0x00, 0x00, 0x00
	.byte 0x24, 0x00, 0x00, 0x00, 0x01, 0x00, 0x00, 0x00, 0x06, 0x00, 0x00, 0x00, 0x06, 0x00, 0x00, 0x00
	.byte 0x01, 0x00, 0x00, 0x00, 0x3C, 0x00, 0x00, 0x00, 0x08, 0x00, 0x00, 0x00, 0x4C, 0x00, 0x00, 0x00
	.byte 0x04, 0x00, 0x00, 0x00, 0x06, 0x00, 0x00, 0x00, 0x01, 0x00, 0x00, 0x00, 0x50, 0x00, 0x00, 0x00
	.byte 0x02, 0x00, 0x00, 0x00, 0x04, 0x00, 0x00, 0x00, 0xFF, 0xFF, 0xFF, 0xFF, 0x4D, 0x00, 0x00, 0x00
	.byte 0x2B, 0x00, 0x00, 0x00, 0x00, 0x00, 0x00, 0x00, 0x13, 0x00, 0x00, 0x00, 0x2B, 0x00, 0x00, 0x00
	.byte 0x14, 0x00, 0x00, 0x00, 0x10, 0x00, 0x00, 0x00, 0x2B, 0x00, 0x00, 0x00, 0x0A, 0x00, 0x00, 0x00
	.byte 0x0D, 0x00, 0x00, 0x00, 0x24, 0x00, 0x00, 0x00, 0x00, 0x00, 0x00, 0x00, 0x0C, 0x00, 0x00, 0x00
	.byte 0x05, 0x00, 0x00, 0x00, 0x01, 0x00, 0x00, 0x00, 0x1E, 0x00, 0x00, 0x00, 0x08, 0x00, 0x00, 0x00
	.byte 0x00, 0x00, 0x00, 0x00, 0x40, 0x00, 0x00, 0x00, 0x05, 0x00, 0x00, 0x00, 0x04, 0x00, 0x00, 0x00
	.byte 0x01, 0x00, 0x00, 0x00, 0x4D, 0x00, 0x00, 0x00, 0x04, 0x00, 0x00, 0x00, 0xFF, 0xFF, 0xFF, 0xFF
	.byte 0x4D, 0x00, 0x00, 0x00, 0x2B, 0x00, 0x00, 0x00, 0x00, 0x00, 0x00, 0x00, 0x18, 0x00, 0x00, 0x00
	.byte 0x2B, 0x00, 0x00, 0x00, 0x14, 0x00, 0x00, 0x00, 0x15, 0x00, 0x00, 0x00, 0x2B, 0x00, 0x00, 0x00
	.byte 0x0A, 0x00, 0x00, 0x00, 0x12, 0x00, 0x00, 0x00, 0x24, 0x00, 0x00, 0x00, 0x00, 0x00, 0x00, 0x00
	.byte 0x18, 0x00, 0x00, 0x00, 0x29, 0x00, 0x00, 0x00, 0x01, 0x00, 0x00, 0x00, 0x13, 0x00, 0x00, 0x00
	.byte 0x18, 0x00, 0x00, 0x00, 0x0E, 0x00, 0x00, 0x00, 0x41, 0x00, 0x00, 0x00, 0x01, 0x00, 0x00, 0x00
	.byte 0x19, 0x00, 0x00, 0x00, 0x0F, 0x00, 0x00, 0x00, 0x09, 0x00, 0x00, 0x00, 0x00, 0x00, 0x00, 0x00
	.byte 0x80, 0x00, 0x00, 0x00, 0x06, 0x00, 0x00, 0x00, 0x4C, 0x00, 0x00, 0x00, 0x09, 0x00, 0x00, 0x00
	.byte 0x04, 0x00, 0x00, 0x00, 0xFF, 0xFF, 0xFF, 0xFF, 0x4C, 0x00, 0x00, 0x00, 0x05, 0x00, 0x00, 0x00
	.byte 0x00, 0x00, 0x00, 0x00, 0x80, 0x00, 0x00, 0x00, 0x02, 0x00, 0x00, 0x00, 0x04, 0x00, 0x00, 0x00
	.byte 0x01, 0x00, 0x00, 0x00, 0x4D, 0x00, 0x00, 0x00, 0xD3, 0x00, 0x00, 0x00, 0xD4, 0x00, 0x00, 0x00
	.byte 0xFF, 0xFF, 0xFF, 0xFF, 0x00, 0x00, 0x00, 0x00, 0x80, 0x00, 0x00, 0x00, 0x02, 0x00, 0x00, 0x00
	.byte 0x04, 0x00, 0x00, 0x00, 0x01, 0x00, 0x00, 0x00, 0x4D, 0x00, 0x00, 0x00, 0x2B, 0x00, 0x00, 0x00
	.byte 0x00, 0x00, 0x00, 0x00, 0x32, 0x00, 0x00, 0x00, 0x2B, 0x00, 0x00, 0x00, 0x14, 0x00, 0x00, 0x00
	.byte 0x2F, 0x00, 0x00, 0x00, 0x2B, 0x00, 0x00, 0x00, 0x0A, 0x00, 0x00, 0x00, 0x2C, 0x00, 0x00, 0x00
	.byte 0x5A, 0x00, 0x00, 0x00, 0x01, 0x00, 0x00, 0x00, 0x11, 0x00, 0x00, 0x00, 0x1E, 0x00, 0x00, 0x00
	.byte 0x0D, 0x00, 0x00, 0x00, 0x12, 0x00, 0x00, 0x00, 0x5A, 0x00, 0x00, 0x00, 0x0E, 0x00, 0x00, 0x00
	.byte 0x12, 0x00, 0x00, 0x00, 0x3C, 0x00, 0x00, 0x00, 0x1A, 0x00, 0x00, 0x00, 0x00, 0x00, 0x00, 0x00
	.byte 0x80, 0x00, 0x00, 0x00, 0x25, 0x00, 0x00, 0x00, 0x04, 0x00, 0x00, 0x00, 0xFF, 0xFF, 0xFF, 0xFF
	.byte 0x4C, 0x00, 0x00, 0x00, 0x21, 0x00, 0x00, 0x00, 0x04, 0x00, 0x00, 0x00, 0xFE, 0xFF, 0xFF, 0xFF
	.byte 0x4C, 0x00, 0x00, 0x00, 0x1D, 0x00, 0x00, 0x00, 0x2B, 0x00, 0x00, 0x00, 0x50, 0x00, 0x00, 0x00
	.byte 0x0A, 0x00, 0x00, 0x00, 0x2B, 0x00, 0x00, 0x00, 0xA0, 0x00, 0x00, 0x00, 0x07, 0x00, 0x00, 0x00
	.byte 0x00, 0x00, 0x00, 0x00, 0x80, 0x00, 0x00, 0x00, 0x06, 0x00, 0x00, 0x00, 0x04, 0x00, 0x00, 0x00
	.byte 0x01, 0x00, 0x00, 0x00, 0x4C, 0x00, 0x00, 0x00, 0x02, 0x00, 0x00, 0x00, 0x04, 0x00, 0x00, 0x00
	.byte 0x04, 0x00, 0x00, 0x00, 0x00, 0x00, 0x00, 0x00, 0x40, 0x00, 0x00, 0x00, 0x0B, 0x00, 0x00, 0x00
	.byte 0x04, 0x00, 0x00, 0x00, 0x01, 0x00, 0x00, 0x00, 0x4C, 0x00, 0x00, 0x00, 0x07, 0x00, 0x00, 0x00
	.byte 0x41, 0x00, 0x00, 0x00, 0x01, 0x00, 0x00, 0x00, 0x19, 0x00, 0x00, 0x00, 0x03, 0x00, 0x00, 0x00
	.byte 0x02, 0x00, 0x00, 0x00, 0x04, 0x00, 0x00, 0x00, 0xFF, 0xFF, 0xFF, 0xFF, 0x4D, 0x00, 0x00, 0x00
	.byte 0x38, 0x00, 0x00, 0x00, 0x50, 0x00, 0x00, 0x00, 0x64, 0x00, 0x00, 0x00, 0x65, 0x00, 0x00, 0x00
	.byte 0x47, 0x00, 0x00, 0x00, 0xFF, 0xFF, 0xFF, 0xFF, 0x0A, 0x00, 0x00, 0x00, 0x01, 0x00, 0x00, 0x00
	.byte 0xFF, 0x00, 0x00, 0x00, 0xB7, 0xED, 0xFF, 0xFF, 0x00, 0x00, 0x00, 0x00, 0x80, 0x00, 0x00, 0x00
	.byte 0x06, 0x00, 0x00, 0x00, 0x05, 0x00, 0x00, 0x00, 0x00, 0x00, 0x00, 0x00, 0x1E, 0x00, 0x00, 0x00
	.byte 0x02, 0x00, 0x00, 0x00, 0x04, 0x00, 0x00, 0x00, 0x01, 0x00, 0x00, 0x00, 0x4D, 0x00, 0x00, 0x00
	.byte 0x2B, 0x00, 0x00, 0x00, 0x00, 0x00, 0x00, 0x00, 0x3D, 0x00, 0x00, 0x00, 0x2B, 0x00, 0x00, 0x00
	.byte 0x14, 0x00, 0x00, 0x00, 0x3A, 0x00, 0x00, 0x00, 0x2B, 0x00, 0x00, 0x00, 0x0A, 0x00, 0x00, 0x00
	.byte 0x37, 0x00, 0x00, 0x00, 0x5B, 0x00, 0x00, 0x00, 0x13, 0x00, 0x00, 0x00, 0x01, 0x00, 0x00, 0x00
	.byte 0x2F, 0x00, 0x00, 0x00, 0x13, 0x00, 0x00, 0x00, 0x02, 0x00, 0x00, 0x00, 0x23, 0x00, 0x00, 0x00
	.byte 0x13, 0x00, 0x00, 0x00, 0x03, 0x00, 0x00, 0x00, 0x22, 0x00, 0x00, 0x00, 0x29, 0x00, 0x00, 0x00
	.byte 0x00, 0x00, 0x00, 0x00, 0x14, 0x00, 0x00, 0x00, 0x2E, 0x00, 0x00, 0x00, 0x05, 0x00, 0x00, 0x00
	.byte 0x00, 0x00, 0x00, 0x00, 0x1E, 0x00, 0x00, 0x00, 0x02, 0x00, 0x00, 0x00, 0x04, 0x00, 0x00, 0x00
	.byte 0x01, 0x00, 0x00, 0x00, 0x32, 0x00, 0x00, 0x00, 0x00, 0x00, 0x00, 0x00, 0x07, 0x00, 0x00, 0x00
	.byte 0x0A, 0x00, 0x00, 0x00, 0x11, 0x00, 0x00, 0x00, 0x31, 0x00, 0x00, 0x00, 0x01, 0x00, 0x00, 0x00
	.byte 0x06, 0x00, 0x00, 0x00, 0x02, 0x00, 0x00, 0x00, 0x0C, 0x00, 0x00, 0x00, 0x32, 0x00, 0x00, 0x00
	.byte 0x00, 0x00, 0x00, 0x00, 0x07, 0x00, 0x00, 0x00, 0x08, 0x00, 0x00, 0x00, 0x09, 0x00, 0x00, 0x00
	.byte 0x31, 0x00, 0x00, 0x00, 0x01, 0x00, 0x00, 0x00, 0x06, 0x00, 0x00, 0x00, 0x04, 0x00, 0x00, 0x00
	.byte 0x04, 0x00, 0x00, 0x00, 0x4C, 0x00, 0x00, 0x00, 0x0F, 0x00, 0x00, 0x00, 0x04, 0x00, 0x00, 0x00
	.byte 0x01, 0x00, 0x00, 0x00, 0x00, 0x00, 0x00, 0x00, 0x64, 0x00, 0x00, 0x00, 0x0A, 0x00, 0x00, 0x00
	.byte 0x04, 0x00, 0x00, 0x00, 0x01, 0x00, 0x00, 0x00, 0x4C, 0x00, 0x00, 0x00, 0x06, 0x00, 0x00, 0x00
	.byte 0x04, 0x00, 0x00, 0x00, 0x03, 0x00, 0x00, 0x00, 0x4C, 0x00, 0x00, 0x00, 0x02, 0x00, 0x00, 0x00
	.byte 0x04, 0x00, 0x00, 0x00, 0xFF, 0xFF, 0xFF, 0xFF, 0x4D, 0x00, 0x00, 0x00, 0x39, 0x00, 0x00, 0x00
	.byte 0x00, 0x00, 0x00, 0x00, 0x08, 0x00, 0x00, 0x00, 0x41, 0x00, 0x00, 0x00, 0x39, 0x00, 0x00, 0x00
	.byte 0x00, 0x00, 0x00, 0x00, 0x20, 0x00, 0x00, 0x00, 0x3D, 0x00, 0x00, 0x00, 0x39, 0x00, 0x00, 0x00
	.byte 0x00, 0x00, 0x00, 0x00, 0xD6, 0x00, 0x00, 0x00, 0x39, 0x00, 0x00, 0x00, 0x39, 0x00, 0x00, 0x00
	.byte 0x00, 0x00, 0x00, 0x00, 0x9D, 0x00, 0x00, 0x00, 0x35, 0x00, 0x00, 0x00, 0x39, 0x00, 0x00, 0x00
	.byte 0x00, 0x00, 0x00, 0x00, 0x84, 0x00, 0x00, 0x00, 0x31, 0x00, 0x00, 0x00, 0x39, 0x00, 0x00, 0x00
	.byte 0x00, 0x00, 0x00, 0x00, 0x25, 0x00, 0x00, 0x00, 0x2D, 0x00, 0x00, 0x00, 0x39, 0x00, 0x00, 0x00
	.byte 0x00, 0x00, 0x00, 0x00, 0xA2, 0x00, 0x00, 0x00, 0x29, 0x00, 0x00, 0x00, 0x39, 0x00, 0x00, 0x00
	.byte 0x00, 0x00, 0x00, 0x00, 0x03, 0x00, 0x00, 0x00, 0x25, 0x00, 0x00, 0x00, 0x39, 0x00, 0x00, 0x00
	.byte 0x00, 0x00, 0x00, 0x00, 0xB5, 0x00, 0x00, 0x00, 0x21, 0x00, 0x00, 0x00, 0x39, 0x00, 0x00, 0x00
	.byte 0x00, 0x00, 0x00, 0x00, 0xFB, 0x00, 0x00, 0x00, 0x1D, 0x00, 0x00, 0x00, 0x39, 0x00, 0x00, 0x00
	.byte 0x00, 0x00, 0x00, 0x00, 0x54, 0x00, 0x00, 0x00, 0x19, 0x00, 0x00, 0x00, 0x39, 0x00, 0x00, 0x00
	.byte 0x00, 0x00, 0x00, 0x00, 0xDC, 0x00, 0x00, 0x00, 0x15, 0x00, 0x00, 0x00, 0x39, 0x00, 0x00, 0x00
	.byte 0x00, 0x00, 0x00, 0x00, 0x0E, 0x01, 0x00, 0x00, 0x11, 0x00, 0x00, 0x00, 0x0D, 0x00, 0x00, 0x00
	.byte 0x01, 0x00, 0x00, 0x00, 0x04, 0x00, 0x00, 0x00, 0x0D, 0x00, 0x00, 0x00, 0x0D, 0x00, 0x00, 0x00
	.byte 0x00, 0x00, 0x00, 0x00, 0x00, 0x00, 0x00, 0x01, 0x09, 0x00, 0x00, 0x00, 0x0D, 0x00, 0x00, 0x00
	.byte 0x00, 0x00, 0x00, 0x00, 0x00, 0x04, 0x00, 0x00, 0x05, 0x00, 0x00, 0x00, 0x00, 0x00, 0x00, 0x00
	.byte 0x60, 0x00, 0x00, 0x00, 0x02, 0x00, 0x00, 0x00, 0x4C, 0x00, 0x00, 0x00, 0x05, 0x00, 0x00, 0x00
	.byte 0x00, 0x00, 0x00, 0x00, 0x19, 0x00, 0x00, 0x00, 0x02, 0x00, 0x00, 0x00, 0x04, 0x00, 0x00, 0x00
	.byte 0x01, 0x00, 0x00, 0x00, 0x4D, 0x00, 0x00, 0x00, 0x2B, 0x00, 0x00, 0x00, 0x00, 0x00, 0x00, 0x00
	.byte 0x22, 0x00, 0x00, 0x00, 0x2B, 0x00, 0x00, 0x00, 0x14, 0x00, 0x00, 0x00, 0x1F, 0x00, 0x00, 0x00
	.byte 0x2B, 0x00, 0x00, 0x00, 0x0A, 0x00, 0x00, 0x00, 0x1C, 0x00, 0x00, 0x00, 0x05, 0x00, 0x00, 0x00
	.byte 0x00, 0x00, 0x00, 0x00, 0x32, 0x00, 0x00, 0x00, 0x18, 0x00, 0x00, 0x00, 0x07, 0x00, 0x00, 0x00
	.byte 0x00, 0x00, 0x00, 0x00, 0x64, 0x00, 0x00, 0x00, 0x06, 0x00, 0x00, 0x00, 0x06, 0x00, 0x00, 0x00
	.byte 0x00, 0x00, 0x00, 0x00, 0x55, 0x00, 0x00, 0x00, 0x09, 0x00, 0x00, 0x00, 0x4C, 0x00, 0x00, 0x00
	.byte 0x10, 0x00, 0x00, 0x00, 0x24, 0x00, 0x00, 0x00, 0x01, 0x00, 0x00, 0x00, 0x02, 0x00, 0x00, 0x00
	.byte 0x04, 0x00, 0x00, 0x00, 0x01, 0x00, 0x00, 0x00, 0x04, 0x00, 0x00, 0x00, 0x01, 0x00, 0x00, 0x00
	.byte 0x00, 0x00, 0x00, 0x00, 0x19, 0x00, 0x00, 0x00, 0x06, 0x00, 0x00, 0x00, 0x04, 0x00, 0x00, 0x00
	.byte 0x01, 0x00, 0x00, 0x00, 0x4C, 0x00, 0x00, 0x00, 0x02, 0x00, 0x00, 0x00, 0x04, 0x00, 0x00, 0x00
	.byte 0xFF, 0xFF, 0xFF, 0xFF, 0x4D, 0x00, 0x00, 0x00, 0x06, 0x00, 0x00, 0x00, 0x01, 0x00, 0x00, 0x00
	.byte 0x5A, 0x00, 0x00, 0x00, 0x0A, 0x00, 0x00, 0x00, 0x06, 0x00, 0x00, 0x00, 0x01, 0x00, 0x00, 0x00
	.byte 0x3C, 0x00, 0x00, 0x00, 0x0D, 0x00, 0x00, 0x00, 0x06, 0x00, 0x00, 0x00, 0x01, 0x00, 0x00, 0x00
	.byte 0x1E, 0x00, 0x00, 0x00, 0x10, 0x00, 0x00, 0x00, 0x4C, 0x00, 0x00, 0x00, 0xDA, 0xEC, 0xFF, 0xFF
	.byte 0x00, 0x00, 0x00, 0x00, 0x60, 0x00, 0x00, 0x00, 0x12, 0x00, 0x00, 0x00, 0x04, 0x00, 0x00, 0x00
	.byte 0x01, 0x00, 0x00, 0x00, 0x4C, 0x00, 0x00, 0x00, 0x0E, 0x00, 0x00, 0x00, 0x00, 0x00, 0x00, 0x00
	.byte 0x80, 0x00, 0x00, 0x00, 0x0B, 0x00, 0x00, 0x00, 0x04, 0x00, 0x00, 0x00, 0x01, 0x00, 0x00, 0x00
	.byte 0x4C, 0x00, 0x00, 0x00, 0x07, 0x00, 0x00, 0x00, 0x00, 0x00, 0x00, 0x00, 0xA4, 0x00, 0x00, 0x00
	.byte 0x04, 0x00, 0x00, 0x00, 0x04, 0x00, 0x00, 0x00, 0x01, 0x00, 0x00, 0x00, 0x4C, 0x00, 0x00, 0x00
	.byte 0x00, 0x00, 0x00, 0x00, 0x4D, 0x00, 0x00, 0x00, 0x00, 0x00, 0x00, 0x00, 0x40, 0x00, 0x00, 0x00
	.byte 0x17, 0x00, 0x00, 0x00, 0x04, 0x00, 0x00, 0x00, 0x01, 0x00, 0x00, 0x00, 0x06, 0x00, 0x00, 0x00
	.byte 0x00, 0x00, 0x00, 0x00, 0x46, 0x00, 0x00, 0x00, 0x11, 0x00, 0x00, 0x00, 0x00, 0x00, 0x00, 0x00
	.byte 0x80, 0x00, 0x00, 0x00, 0x02, 0x00, 0x00, 0x00, 0x04, 0x00, 0x00, 0x00, 0xFF, 0xFF, 0xFF, 0xFF
	.byte 0x06, 0x00, 0x00, 0x00, 0x00, 0x00, 0x00, 0x00, 0x32, 0x00, 0x00, 0x00, 0x08, 0x00, 0x00, 0x00
	.byte 0x04, 0x00, 0x00, 0x00, 0xFF, 0xFF, 0xFF, 0xFF, 0x06, 0x00, 0x00, 0x00, 0x00, 0x00, 0x00, 0x00
	.byte 0x1E, 0x00, 0x00, 0x00, 0x02, 0x00, 0x00, 0x00, 0x04, 0x00, 0x00, 0x00, 0xFF, 0xFF, 0xFF, 0xFF
	.byte 0x4D, 0x00, 0x00, 0x00, 0x05, 0x00, 0x00, 0x00, 0x01, 0x00, 0x00, 0x00, 0x46, 0x00, 0x00, 0x00
	.byte 0x15, 0x00, 0x00, 0x00, 0x39, 0x00, 0x00, 0x00, 0x00, 0x00, 0x00, 0x00, 0x2B, 0x00, 0x00, 0x00
	.byte 0x0D, 0x00, 0x00, 0x00, 0x39, 0x00, 0x00, 0x00, 0x00, 0x00, 0x00, 0x00, 0xC8, 0x00, 0x00, 0x00
	.byte 0x09, 0x00, 0x00, 0x00, 0x39, 0x00, 0x00, 0x00, 0x00, 0x00, 0x00, 0x00, 0xD1, 0x00, 0x00, 0x00
	.byte 0x05, 0x00, 0x00, 0x00, 0x00, 0x00, 0x00, 0x00, 0x40, 0x00, 0x00, 0x00, 0x02, 0x00, 0x00, 0x00
	.byte 0x4C, 0x00, 0x00, 0x00, 0x06, 0x00, 0x00, 0x00, 0x04, 0x00, 0x00, 0x00, 0x01, 0x00, 0x00, 0x00
	.byte 0x4C, 0x00, 0x00, 0x00, 0x02, 0x00, 0x00, 0x00, 0x04, 0x00, 0x00, 0x00, 0xFF, 0xFF, 0xFF, 0xFF
	.byte 0x4D, 0x00, 0x00, 0x00, 0x24, 0x00, 0x00, 0x00, 0x01, 0x00, 0x00, 0x00, 0x1B, 0x00, 0x00, 0x00
	.byte 0x63, 0x00, 0x00, 0x00, 0x00, 0x00, 0x00, 0x00, 0x00, 0x00, 0x00, 0x00, 0x02, 0x00, 0x00, 0x00
	.byte 0x4C, 0x00, 0x00, 0x00, 0x05, 0x00, 0x00, 0x00, 0x00, 0x00, 0x00, 0x00, 0x20, 0x00, 0x00, 0x00
	.byte 0x02, 0x00, 0x00, 0x00, 0x04, 0x00, 0x00, 0x00, 0x01, 0x00, 0x00, 0x00, 0x5E, 0x00, 0x00, 0x00
	.byte 0x13, 0x00, 0x00, 0x00, 0x02, 0x00, 0x00, 0x00, 0x05, 0x00, 0x00, 0x00, 0x00, 0x00, 0x00, 0x00
	.byte 0x80, 0x00, 0x00, 0x00, 0x0B, 0x00, 0x00, 0x00, 0x04, 0x00, 0x00, 0x00, 0x01, 0x00, 0x00, 0x00
	.byte 0x00, 0x00, 0x00, 0x00, 0x40, 0x00, 0x00, 0x00, 0x06, 0x00, 0x00, 0x00, 0x04, 0x00, 0x00, 0x00
	.byte 0x01, 0x00, 0x00, 0x00, 0x4C, 0x00, 0x00, 0x00, 0x02, 0x00, 0x00, 0x00, 0x04, 0x00, 0x00, 0x00
	.byte 0xFE, 0xFF, 0xFF, 0xFF, 0x4D, 0x00, 0x00, 0x00, 0x24, 0x00, 0x00, 0x00, 0x01, 0x00, 0x00, 0x00
	.byte 0x17, 0x00, 0x00, 0x00, 0x63, 0x00, 0x00, 0x00, 0x00, 0x00, 0x00, 0x00, 0x00, 0x00, 0x00, 0x00
	.byte 0x0C, 0x00, 0x00, 0x00, 0x21, 0x00, 0x00, 0x00, 0x00, 0x00, 0x00, 0x00, 0x1A, 0x00, 0x00, 0x00
	.byte 0x1D, 0x00, 0x00, 0x00, 0x0E, 0x00, 0x00, 0x00, 0x00, 0x00, 0x00, 0x00, 0x80, 0x00, 0x00, 0x00
	.byte 0x19, 0x00, 0x00, 0x00, 0x04, 0x00, 0x00, 0x00, 0x02, 0x00, 0x00, 0x00, 0x4C, 0x00, 0x00, 0x00
	.byte 0x15, 0x00, 0x00, 0x00, 0x00, 0x00, 0x00, 0x00, 0x20, 0x00, 0x00, 0x00, 0x12, 0x00, 0x00, 0x00
	.byte 0x04, 0x00, 0x00, 0x00, 0x02, 0x00, 0x00, 0x00, 0x4C, 0x00, 0x00, 0x00, 0x0E, 0x00, 0x00, 0x00
	.byte 0x63, 0x00, 0x00, 0x00, 0x00, 0x00, 0x00, 0x00, 0x00, 0x00, 0x00, 0x00, 0x0A, 0x00, 0x00, 0x00
	.byte 0x21, 0x00, 0x00, 0x00, 0x00, 0x00, 0x00, 0x00, 0x19, 0x00, 0x00, 0x00, 0x06, 0x00, 0x00, 0x00
	.byte 0x05, 0x00, 0x00, 0x00, 0x00, 0x00, 0x00, 0x00, 0x50, 0x00, 0x00, 0x00, 0x02, 0x00, 0x00, 0x00
	.byte 0x04, 0x00, 0x00, 0x00, 0xFF, 0xFF, 0xFF, 0xFF, 0x4D, 0x00, 0x00, 0x00, 0x4F, 0x00, 0x00, 0x00
	.byte 0x8E, 0x00, 0x00, 0x00, 0x93, 0x00, 0x00, 0x00, 0x5F, 0x00, 0x00, 0x00, 0x2F, 0x00, 0x00, 0x00
	.byte 0x40, 0x01, 0x00, 0x00, 0x45, 0x01, 0x00, 0x00, 0x1C, 0x00, 0x00, 0x00, 0x6C, 0x00, 0x00, 0x00
	.byte 0x5C, 0x00, 0x00, 0x00, 0x0C, 0x00, 0x00, 0x00, 0x20, 0x00, 0x00, 0x00, 0x5A, 0x00, 0x00, 0x00
	.byte 0x49, 0x01, 0x00, 0x00, 0xEE, 0x00, 0x00, 0x00, 0xB1, 0x00, 0x00, 0x00, 0x6D, 0x00, 0x00, 0x00
	.byte 0xBA, 0x00, 0x00, 0x00, 0x67, 0x00, 0x00, 0x00, 0xB2, 0x00, 0x00, 0x00, 0xB8, 0x00, 0x00, 0x00
	.byte 0x39, 0x01, 0x00, 0x00, 0x3F, 0x01, 0x00, 0x00, 0x56, 0x00, 0x00, 0x00, 0x89, 0x00, 0x00, 0x00
	.byte 0x4D, 0x00, 0x00, 0x00, 0xF7, 0x00, 0x00, 0x00, 0xDF, 0x00, 0x00, 0x00, 0x3F, 0x00, 0x00, 0x00
	.byte 0xF5, 0x00, 0x00, 0x00, 0xA8, 0x00, 0x00, 0x00, 0x57, 0x01, 0x00, 0x00, 0xD5, 0x00, 0x00, 0x00
	.byte 0xCF, 0x00, 0x00, 0x00, 0x03, 0x01, 0x00, 0x00, 0x04, 0x01, 0x00, 0x00, 0x0F, 0x01, 0x00, 0x00
	.byte 0x14, 0x01, 0x00, 0x00, 0x1D, 0x01, 0x00, 0x00, 0x77, 0x01, 0x00, 0x00, 0x80, 0x01, 0x00, 0x00
	.byte 0x81, 0x01, 0x00, 0x00, 0x85, 0x01, 0x00, 0x00, 0x87, 0x01, 0x00, 0x00, 0x9F, 0x01, 0x00, 0x00
	.byte 0xBD, 0x01, 0x00, 0x00, 0xD0, 0x01, 0x00, 0x00, 0xFF, 0xFF, 0xFF, 0xFF, 0x65, 0x00, 0x00, 0x00
	.byte 0x00, 0x00, 0x00, 0x00, 0x01, 0x00, 0x00, 0x00, 0x12, 0x00, 0x00, 0x00, 0x03, 0x00, 0x00, 0x00
	.byte 0x0B, 0x00, 0x00, 0x00, 0x12, 0x00, 0x00, 0x00, 0x01, 0x00, 0x00, 0x00, 0x16, 0x00, 0x00, 0x00
	.byte 0x12, 0x00, 0x00, 0x00, 0x00, 0x00, 0x00, 0x00, 0x21, 0x00, 0x00, 0x00, 0x13, 0x00, 0x00, 0x00
	.byte 0x00, 0x00, 0x00, 0x00, 0x2C, 0x00, 0x00, 0x00, 0x4C, 0x00, 0x00, 0x00, 0x5B, 0x00, 0x00, 0x00
	.byte 0x65, 0x00, 0x00, 0x00, 0x00, 0x00, 0x00, 0x00, 0x04, 0x00, 0x00, 0x00, 0x12, 0x00, 0x00, 0x00
	.byte 0x03, 0x00, 0x00, 0x00, 0x32, 0x00, 0x00, 0x00, 0x12, 0x00, 0x00, 0x00, 0x01, 0x00, 0x00, 0x00
	.byte 0x36, 0x00, 0x00, 0x00, 0x13, 0x00, 0x00, 0x00, 0x00, 0x00, 0x00, 0x00, 0x3A, 0x00, 0x00, 0x00
	.byte 0x4C, 0x00, 0x00, 0x00, 0x4D, 0x00, 0x00, 0x00, 0x65, 0x00, 0x00, 0x00, 0x00, 0x00, 0x00, 0x00
	.byte 0x04, 0x00, 0x00, 0x00, 0x12, 0x00, 0x00, 0x00, 0x03, 0x00, 0x00, 0x00, 0x2B, 0x00, 0x00, 0x00
	.byte 0x12, 0x00, 0x00, 0x00, 0x01, 0x00, 0x00, 0x00, 0x2F, 0x00, 0x00, 0x00, 0x13, 0x00, 0x00, 0x00
	.byte 0x00, 0x00, 0x00, 0x00, 0x33, 0x00, 0x00, 0x00, 0x4C, 0x00, 0x00, 0x00, 0x3F, 0x00, 0x00, 0x00
	.byte 0x65, 0x00, 0x00, 0x00, 0x00, 0x00, 0x00, 0x00, 0x04, 0x00, 0x00, 0x00, 0x12, 0x00, 0x00, 0x00
	.byte 0x03, 0x00, 0x00, 0x00, 0x24, 0x00, 0x00, 0x00, 0x12, 0x00, 0x00, 0x00, 0x01, 0x00, 0x00, 0x00
	.byte 0x28, 0x00, 0x00, 0x00, 0x13, 0x00, 0x00, 0x00, 0x00, 0x00, 0x00, 0x00, 0x2C, 0x00, 0x00, 0x00
	.byte 0x4C, 0x00, 0x00, 0x00, 0x31, 0x00, 0x00, 0x00, 0x65, 0x00, 0x00, 0x00, 0x00, 0x00, 0x00, 0x00
	.byte 0x04, 0x00, 0x00, 0x00, 0x12, 0x00, 0x00, 0x00, 0x03, 0x00, 0x00, 0x00, 0x16, 0x00, 0x00, 0x00
	.byte 0x12, 0x00, 0x00, 0x00, 0x01, 0x00, 0x00, 0x00, 0x1A, 0x00, 0x00, 0x00, 0x12, 0x00, 0x00, 0x00
	.byte 0x00, 0x00, 0x00, 0x00, 0x1E, 0x00, 0x00, 0x00, 0x4C, 0x00, 0x00, 0x00, 0x23, 0x00, 0x00, 0x00
	.byte 0x00, 0x00, 0x00, 0x00, 0x80, 0x00, 0x00, 0x00, 0x04, 0x00, 0x00, 0x00, 0x04, 0x00, 0x00, 0x00
	.byte 0x05, 0x00, 0x00, 0x00, 0x4C, 0x00, 0x00, 0x00, 0x1C, 0x00, 0x00, 0x00, 0x00, 0x00, 0x00, 0x00
	.byte 0x80, 0x00, 0x00, 0x00, 0x04, 0x00, 0x00, 0x00, 0x04, 0x00, 0x00, 0x00, 0x04, 0x00, 0x00, 0x00
	.byte 0x4C, 0x00, 0x00, 0x00, 0x15, 0x00, 0x00, 0x00, 0x00, 0x00, 0x00, 0x00, 0x80, 0x00, 0x00, 0x00
	.byte 0x04, 0x00, 0x00, 0x00, 0x04, 0x00, 0x00, 0x00, 0x03, 0x00, 0x00, 0x00, 0x4C, 0x00, 0x00, 0x00
	.byte 0x0E, 0x00, 0x00, 0x00, 0x00, 0x00, 0x00, 0x00, 0x80, 0x00, 0x00, 0x00, 0x04, 0x00, 0x00, 0x00
	.byte 0x04, 0x00, 0x00, 0x00, 0x02, 0x00, 0x00, 0x00, 0x4C, 0x00, 0x00, 0x00, 0x07, 0x00, 0x00, 0x00
	.byte 0x00, 0x00, 0x00, 0x00, 0x80, 0x00, 0x00, 0x00, 0x04, 0x00, 0x00, 0x00, 0x04, 0x00, 0x00, 0x00
	.byte 0x01, 0x00, 0x00, 0x00, 0x4C, 0x00, 0x00, 0x00, 0x00, 0x00, 0x00, 0x00, 0x4D, 0x00, 0x00, 0x00
	.byte 0x65, 0x00, 0x00, 0x00, 0x00, 0x00, 0x00, 0x00, 0x02, 0x00, 0x00, 0x00, 0x12, 0x00, 0x00, 0x00
	.byte 0x03, 0x00, 0x00, 0x00, 0x0B, 0x00, 0x00, 0x00, 0x12, 0x00, 0x00, 0x00, 0x01, 0x00, 0x00, 0x00
	.byte 0x16, 0x00, 0x00, 0x00, 0x12, 0x00, 0x00, 0x00, 0x00, 0x00, 0x00, 0x00, 0x21, 0x00, 0x00, 0x00
	.byte 0x13, 0x00, 0x00, 0x00, 0x00, 0x00, 0x00, 0x00, 0x2C, 0x00, 0x00, 0x00, 0x4C, 0x00, 0x00, 0x00
	.byte 0x5B, 0x00, 0x00, 0x00, 0x65, 0x00, 0x00, 0x00, 0x00, 0x00, 0x00, 0x00, 0x05, 0x00, 0x00, 0x00
	.byte 0x12, 0x00, 0x00, 0x00, 0x03, 0x00, 0x00, 0x00, 0x32, 0x00, 0x00, 0x00, 0x12, 0x00, 0x00, 0x00
	.byte 0x01, 0x00, 0x00, 0x00, 0x36, 0x00, 0x00, 0x00, 0x13, 0x00, 0x00, 0x00, 0x00, 0x00, 0x00, 0x00
	.byte 0x3A, 0x00, 0x00, 0x00, 0x4C, 0x00, 0x00, 0x00, 0x4D, 0x00, 0x00, 0x00, 0x65, 0x00, 0x00, 0x00
	.byte 0x00, 0x00, 0x00, 0x00, 0x05, 0x00, 0x00, 0x00, 0x12, 0x00, 0x00, 0x00, 0x03, 0x00, 0x00, 0x00
	.byte 0x2B, 0x00, 0x00, 0x00, 0x12, 0x00, 0x00, 0x00, 0x01, 0x00, 0x00, 0x00, 0x2F, 0x00, 0x00, 0x00
	.byte 0x13, 0x00, 0x00, 0x00, 0x00, 0x00, 0x00, 0x00, 0x33, 0x00, 0x00, 0x00, 0x4C, 0x00, 0x00, 0x00
	.byte 0x3F, 0x00, 0x00, 0x00, 0x65, 0x00, 0x00, 0x00, 0x00, 0x00, 0x00, 0x00, 0x05, 0x00, 0x00, 0x00
	.byte 0x12, 0x00, 0x00, 0x00, 0x03, 0x00, 0x00, 0x00, 0x24, 0x00, 0x00, 0x00, 0x12, 0x00, 0x00, 0x00
	.byte 0x01, 0x00, 0x00, 0x00, 0x28, 0x00, 0x00, 0x00, 0x13, 0x00, 0x00, 0x00, 0x00, 0x00, 0x00, 0x00
	.byte 0x2C, 0x00, 0x00, 0x00, 0x4C, 0x00, 0x00, 0x00, 0x31, 0x00, 0x00, 0x00, 0x65, 0x00, 0x00, 0x00
	.byte 0x00, 0x00, 0x00, 0x00, 0x05, 0x00, 0x00, 0x00, 0x12, 0x00, 0x00, 0x00, 0x03, 0x00, 0x00, 0x00
	.byte 0x16, 0x00, 0x00, 0x00, 0x12, 0x00, 0x00, 0x00, 0x01, 0x00, 0x00, 0x00, 0x1A, 0x00, 0x00, 0x00
	.byte 0x12, 0x00, 0x00, 0x00, 0x00, 0x00, 0x00, 0x00, 0x1E, 0x00, 0x00, 0x00, 0x4C, 0x00, 0x00, 0x00
	.byte 0x23, 0x00, 0x00, 0x00, 0x00, 0x00, 0x00, 0x00, 0x80, 0x00, 0x00, 0x00, 0x04, 0x00, 0x00, 0x00
	.byte 0x04, 0x00, 0x00, 0x00, 0x05, 0x00, 0x00, 0x00, 0x4C, 0x00, 0x00, 0x00, 0x1C, 0x00, 0x00, 0x00
	.byte 0x00, 0x00, 0x00, 0x00, 0x80, 0x00, 0x00, 0x00, 0x04, 0x00, 0x00, 0x00, 0x04, 0x00, 0x00, 0x00
	.byte 0x04, 0x00, 0x00, 0x00, 0x4C, 0x00, 0x00, 0x00, 0x15, 0x00, 0x00, 0x00, 0x00, 0x00, 0x00, 0x00
	.byte 0x80, 0x00, 0x00, 0x00, 0x04, 0x00, 0x00, 0x00, 0x04, 0x00, 0x00, 0x00, 0x03, 0x00, 0x00, 0x00
	.byte 0x4C, 0x00, 0x00, 0x00, 0x0E, 0x00, 0x00, 0x00, 0x00, 0x00, 0x00, 0x00, 0x80, 0x00, 0x00, 0x00
	.byte 0x04, 0x00, 0x00, 0x00, 0x04, 0x00, 0x00, 0x00, 0x02, 0x00, 0x00, 0x00, 0x4C, 0x00, 0x00, 0x00
	.byte 0x07, 0x00, 0x00, 0x00, 0x00, 0x00, 0x00, 0x00, 0x80, 0x00, 0x00, 0x00, 0x04, 0x00, 0x00, 0x00
	.byte 0x04, 0x00, 0x00, 0x00, 0x01, 0x00, 0x00, 0x00, 0x4C, 0x00, 0x00, 0x00, 0x00, 0x00, 0x00, 0x00
	.byte 0x4D, 0x00, 0x00, 0x00, 0x2B, 0x00, 0x00, 0x00, 0x00, 0x00, 0x00, 0x00, 0x2D, 0x00, 0x00, 0x00
	.byte 0x2B, 0x00, 0x00, 0x00, 0x14, 0x00, 0x00, 0x00, 0x2A, 0x00, 0x00, 0x00, 0x2B, 0x00, 0x00, 0x00
	.byte 0x0A, 0x00, 0x00, 0x00, 0x27, 0x00, 0x00, 0x00, 0x64, 0x00, 0x00, 0x00, 0x00, 0x00, 0x00, 0x00
	.byte 0x12, 0x00, 0x00, 0x00, 0x06, 0x00, 0x00, 0x00, 0x0E, 0x00, 0x00, 0x00, 0x12, 0x00, 0x00, 0x00
	.byte 0x05, 0x00, 0x00, 0x00, 0x10, 0x00, 0x00, 0x00, 0x12, 0x00, 0x00, 0x00, 0x04, 0x00, 0x00, 0x00
	.byte 0x12, 0x00, 0x00, 0x00, 0x12, 0x00, 0x00, 0x00, 0x03, 0x00, 0x00, 0x00, 0x14, 0x00, 0x00, 0x00
	.byte 0x12, 0x00, 0x00, 0x00, 0x02, 0x00, 0x00, 0x00, 0x11, 0x00, 0x00, 0x00, 0x4C, 0x00, 0x00, 0x00
	.byte 0x14, 0x00, 0x00, 0x00, 0x00, 0x00, 0x00, 0x00, 0x80, 0x00, 0x00, 0x00, 0x02, 0x00, 0x00, 0x00
	.byte 0x04, 0x00, 0x00, 0x00, 0x04, 0x00, 0x00, 0x00, 0x00, 0x00, 0x00, 0x00, 0x80, 0x00, 0x00, 0x00
	.byte 0x02, 0x00, 0x00, 0x00, 0x04, 0x00, 0x00, 0x00, 0x03, 0x00, 0x00, 0x00, 0x00, 0x00, 0x00, 0x00
	.byte 0x80, 0x00, 0x00, 0x00, 0x02, 0x00, 0x00, 0x00, 0x04, 0x00, 0x00, 0x00, 0x02, 0x00, 0x00, 0x00
	.byte 0x00, 0x00, 0x00, 0x00, 0x80, 0x00, 0x00, 0x00, 0x02, 0x00, 0x00, 0x00, 0x04, 0x00, 0x00, 0x00
	.byte 0x01, 0x00, 0x00, 0x00, 0x4D, 0x00, 0x00, 0x00, 0x2B, 0x00, 0x00, 0x00, 0x00, 0x00, 0x00, 0x00
	.byte 0x0B, 0x00, 0x00, 0x00, 0x2B, 0x00, 0x00, 0x00, 0x14, 0x00, 0x00, 0x00, 0x08, 0x00, 0x00, 0x00
	.byte 0x2B, 0x00, 0x00, 0x00, 0x0A, 0x00, 0x00, 0x00, 0x05, 0x00, 0x00, 0x00, 0x5C, 0x00, 0x00, 0x00
	.byte 0x01, 0x00, 0x00, 0x00, 0x06, 0x00, 0x00, 0x00, 0x4C, 0x00, 0x00, 0x00, 0x06, 0x00, 0x00, 0x00
	.byte 0x04, 0x00, 0x00, 0x00, 0xFF, 0xFF, 0xFF, 0xFF, 0x4C, 0x00, 0x00, 0x00, 0x02, 0x00, 0x00, 0x00
	.byte 0x04, 0x00, 0x00, 0x00, 0x01, 0x00, 0x00, 0x00, 0x4D, 0x00, 0x00, 0x00, 0x38, 0x00, 0x00, 0x00
	.byte 0x00, 0x00, 0x00, 0x00, 0x9C, 0x00, 0x00, 0x00, 0x02, 0x00, 0x00, 0x00, 0x04, 0x00, 0x00, 0x00
	.byte 0x01, 0x00, 0x00, 0x00, 0x05, 0x00, 0x00, 0x00, 0x01, 0x00, 0x00, 0x00, 0x32, 0x00, 0x00, 0x00
	.byte 0x05, 0x00, 0x00, 0x00, 0x00, 0x00, 0x00, 0x00, 0x80, 0x00, 0x00, 0x00, 0x02, 0x00, 0x00, 0x00
	.byte 0x04, 0x00, 0x00, 0x00, 0x01, 0x00, 0x00, 0x00, 0x00, 0x00, 0x00, 0x00, 0x40, 0x00, 0x00, 0x00
	.byte 0x04, 0x00, 0x00, 0x00, 0x04, 0x00, 0x00, 0x00, 0x01, 0x00, 0x00, 0x00, 0x4C, 0x00, 0x00, 0x00
	.byte 0x00, 0x00, 0x00, 0x00, 0x4D, 0x00, 0x00, 0x00, 0x2B, 0x00, 0x00, 0x00, 0x00, 0x00, 0x00, 0x00
	.byte 0x0D, 0x00, 0x00, 0x00, 0x2B, 0x00, 0x00, 0x00, 0x14, 0x00, 0x00, 0x00, 0x0A, 0x00, 0x00, 0x00
	.byte 0x2B, 0x00, 0x00, 0x00, 0x0A, 0x00, 0x00, 0x00, 0x07, 0x00, 0x00, 0x00, 0x00, 0x00, 0x00, 0x00
	.byte 0x40, 0x00, 0x00, 0x00, 0x06, 0x00, 0x00, 0x00, 0x04, 0x00, 0x00, 0x00, 0x01, 0x00, 0x00, 0x00
	.byte 0x4C, 0x00, 0x00, 0x00, 0x02, 0x00, 0x00, 0x00, 0x04, 0x00, 0x00, 0x00, 0xFF, 0xFF, 0xFF, 0xFF
	.byte 0x4D, 0x00, 0x00, 0x00, 0x00, 0x00, 0x00, 0x00, 0x80, 0x00, 0x00, 0x00, 0x11, 0x00, 0x00, 0x00
	.byte 0x04, 0x00, 0x00, 0x00, 0x01, 0x00, 0x00, 0x00, 0x37, 0x00, 0x00, 0x00, 0x01, 0x00, 0x00, 0x00
	.byte 0x2E, 0x00, 0x00, 0x00, 0x06, 0x00, 0x00, 0x00, 0x37, 0x00, 0x00, 0x00, 0x01, 0x00, 0x00, 0x00
	.byte 0x12, 0x00, 0x00, 0x00, 0x02, 0x00, 0x00, 0x00, 0x4C, 0x00, 0x00, 0x00, 0x05, 0x00, 0x00, 0x00
	.byte 0x00, 0x00, 0x00, 0x00, 0x40, 0x00, 0x00, 0x00, 0x02, 0x00, 0x00, 0x00, 0x04, 0x00, 0x00, 0x00
	.byte 0x01, 0x00, 0x00, 0x00, 0x4D, 0x00, 0x00, 0x00, 0x32, 0x00, 0x00, 0x00, 0x00, 0x00, 0x00, 0x00
	.byte 0x01, 0x00, 0x00, 0x00, 0x07, 0x00, 0x00, 0x00, 0x1A, 0x00, 0x00, 0x00, 0x32, 0x00, 0x00, 0x00
	.byte 0x00, 0x00, 0x00, 0x00, 0x02, 0x00, 0x00, 0x00, 0x07, 0x00, 0x00, 0x00, 0x15, 0x00, 0x00, 0x00
	.byte 0x32, 0x00, 0x00, 0x00, 0x00, 0x00, 0x00, 0x00, 0x04, 0x00, 0x00, 0x00, 0x07, 0x00, 0x00, 0x00
	.byte 0x10, 0x00, 0x00, 0x00, 0x32, 0x00, 0x00, 0x00, 0x00, 0x00, 0x00, 0x00, 0x05, 0x00, 0x00, 0x00
	.byte 0x07, 0x00, 0x00, 0x00, 0x0B, 0x00, 0x00, 0x00, 0x32, 0x00, 0x00, 0x00, 0x00, 0x00, 0x00, 0x00
	.byte 0x07, 0x00, 0x00, 0x00, 0x07, 0x00, 0x00, 0x00, 0x06, 0x00, 0x00, 0x00, 0x0B, 0x00, 0x00, 0x00
	.byte 0x00, 0x00, 0x00, 0x00, 0x00, 0x00, 0x10, 0x00, 0x02, 0x00, 0x00, 0x00, 0x4C, 0x00, 0x00, 0x00
	.byte 0x27, 0x00, 0x00, 0x00, 0x31, 0x00, 0x00, 0x00, 0x01, 0x00, 0x00, 0x00, 0x01, 0x00, 0x00, 0x00
	.byte 0x07, 0x00, 0x00, 0x00, 0x1F, 0x00, 0x00, 0x00, 0x31, 0x00, 0x00, 0x00, 0x01, 0x00, 0x00, 0x00
	.byte 0x02, 0x00, 0x00, 0x00, 0x07, 0x00, 0x00, 0x00, 0x1A, 0x00, 0x00, 0x00, 0x31, 0x00, 0x00, 0x00
	.byte 0x01, 0x00, 0x00, 0x00, 0x04, 0x00, 0x00, 0x00, 0x07, 0x00, 0x00, 0x00, 0x15, 0x00, 0x00, 0x00
	.byte 0x31, 0x00, 0x00, 0x00, 0x01, 0x00, 0x00, 0x00, 0x05, 0x00, 0x00, 0x00, 0x07, 0x00, 0x00, 0x00
	.byte 0x10, 0x00, 0x00, 0x00, 0x31, 0x00, 0x00, 0x00, 0x01, 0x00, 0x00, 0x00, 0x07, 0x00, 0x00, 0x00
	.byte 0x07, 0x00, 0x00, 0x00, 0x09, 0x00, 0x00, 0x00, 0x0C, 0x00, 0x00, 0x00, 0x01, 0x00, 0x00, 0x00
	.byte 0x00, 0x00, 0x10, 0x00, 0x07, 0x00, 0x00, 0x00, 0x00, 0x00, 0x00, 0x00, 0x32, 0x00, 0x00, 0x00
	.byte 0x09, 0x00, 0x00, 0x00, 0x4C, 0x00, 0x00, 0x00, 0x05, 0x00, 0x00, 0x00, 0x04, 0x00, 0x00, 0x00
	.byte 0x01, 0x00, 0x00, 0x00, 0x04, 0x00, 0x00, 0x00, 0x01, 0x00, 0x00, 0x00, 0x4D, 0x00, 0x00, 0x00
	.byte 0x04, 0x00, 0x00, 0x00, 0xFE, 0xFF, 0xFF, 0xFF, 0x4D, 0x00, 0x00, 0x00, 0x05, 0x00, 0x00, 0x00
	.byte 0x01, 0x00, 0x00, 0x00, 0x1E, 0x00, 0x00, 0x00, 0x05, 0x00, 0x00, 0x00, 0x00, 0x00, 0x00, 0x00
	.byte 0x80, 0x00, 0x00, 0x00, 0x02, 0x00, 0x00, 0x00, 0x04, 0x00, 0x00, 0x00, 0x01, 0x00, 0x00, 0x00
	.byte 0x4D, 0x00, 0x00, 0x00, 0x05, 0x00, 0x00, 0x00, 0x01, 0x00, 0x00, 0x00, 0x32, 0x00, 0x00, 0x00
	.byte 0x1F, 0x00, 0x00, 0x00, 0x37, 0x00, 0x00, 0x00, 0x00, 0x00, 0x00, 0x00, 0x59, 0x00, 0x00, 0x00
	.byte 0x0A, 0x00, 0x00, 0x00, 0x37, 0x00, 0x00, 0x00, 0x00, 0x00, 0x00, 0x00, 0x9E, 0x01, 0x00, 0x00
	.byte 0x06, 0x00, 0x00, 0x00, 0x37, 0x00, 0x00, 0x00, 0x00, 0x00, 0x00, 0x00, 0x5A, 0x00, 0x00, 0x00
	.byte 0x02, 0x00, 0x00, 0x00, 0x4C, 0x00, 0x00, 0x00, 0x02, 0x00, 0x00, 0x00, 0x04, 0x00, 0x00, 0x00
	.byte 0x01, 0x00, 0x00, 0x00, 0x1E, 0x00, 0x00, 0x00, 0x00, 0x00, 0x00, 0x00, 0x13, 0x00, 0x00, 0x00
	.byte 0x04, 0x00, 0x00, 0x00, 0x08, 0x00, 0x00, 0x00, 0x1E, 0x00, 0x00, 0x00, 0x02, 0x00, 0x00, 0x00
	.byte 0x13, 0x00, 0x00, 0x00, 0x04, 0x00, 0x00, 0x00, 0x03, 0x00, 0x00, 0x00, 0x00, 0x00, 0x00, 0x00
	.byte 0x80, 0x00, 0x00, 0x00, 0x02, 0x00, 0x00, 0x00, 0x04, 0x00, 0x00, 0x00, 0x01, 0x00, 0x00, 0x00
	.byte 0x4D, 0x00, 0x00, 0x00, 0x4D, 0x00, 0x00, 0x00, 0x4D, 0x00, 0x00, 0x00, 0x4D, 0x00, 0x00, 0x00
	.byte 0x4D, 0x00, 0x00, 0x00, 0x0F, 0x00, 0x00, 0x00, 0x00, 0x00, 0x00, 0x00, 0x02, 0x00, 0x00, 0x00
	.byte 0x12, 0x00, 0x00, 0x00, 0x0F, 0x00, 0x00, 0x00, 0x00, 0x00, 0x00, 0x00, 0x01, 0x00, 0x00, 0x00
	.byte 0x0E, 0x00, 0x00, 0x00, 0x0F, 0x00, 0x00, 0x00, 0x00, 0x00, 0x00, 0x00, 0x04, 0x00, 0x00, 0x00
	.byte 0x28, 0x00, 0x00, 0x00, 0x0F, 0x00, 0x00, 0x00, 0x00, 0x00, 0x00, 0x00, 0x80, 0x00, 0x00, 0x00
	.byte 0x24, 0x00, 0x00, 0x00, 0x0F, 0x00, 0x00, 0x00, 0x00, 0x00, 0x00, 0x00, 0x00, 0x04, 0x00, 0x00
	.byte 0x20, 0x00, 0x00, 0x00, 0x4C, 0x00, 0x00, 0x00, 0x29, 0x00, 0x00, 0x00, 0x06, 0x00, 0x00, 0x00
	.byte 0x01, 0x00, 0x00, 0x00, 0x1E, 0x00, 0x00, 0x00, 0x05, 0x00, 0x00, 0x00, 0x26, 0x00, 0x00, 0x00
	.byte 0x01, 0x00, 0x00, 0x00, 0x13, 0x00, 0x00, 0x00, 0x00, 0x00, 0x00, 0x00, 0x29, 0x00, 0x00, 0x00
	.byte 0x04, 0x00, 0x00, 0x00, 0x01, 0x00, 0x00, 0x00, 0x26, 0x00, 0x00, 0x00, 0x00, 0x00, 0x00, 0x00
	.byte 0x13, 0x00, 0x00, 0x00, 0x00, 0x00, 0x00, 0x00, 0x2D, 0x00, 0x00, 0x00, 0x0F, 0x00, 0x00, 0x00
	.byte 0x00, 0x00, 0x00, 0x00, 0x04, 0x00, 0x00, 0x00, 0x0E, 0x00, 0x00, 0x00, 0x0F, 0x00, 0x00, 0x00
	.byte 0x00, 0x00, 0x00, 0x00, 0x80, 0x00, 0x00, 0x00, 0x0A, 0x00, 0x00, 0x00, 0x0F, 0x00, 0x00, 0x00
	.byte 0x00, 0x00, 0x00, 0x00, 0x00, 0x04, 0x00, 0x00, 0x06, 0x00, 0x00, 0x00, 0x4C, 0x00, 0x00, 0x00
	.byte 0x0B, 0x00, 0x00, 0x00, 0x04, 0x00, 0x00, 0x00, 0xFE, 0xFF, 0xFF, 0xFF, 0x4C, 0x00, 0x00, 0x00
	.byte 0x07, 0x00, 0x00, 0x00, 0x00, 0x00, 0x00, 0x00, 0x80, 0x00, 0x00, 0x00, 0x04, 0x00, 0x00, 0x00
	.byte 0x04, 0x00, 0x00, 0x00, 0xFF, 0xFF, 0xFF, 0xFF, 0x4C, 0x00, 0x00, 0x00, 0x00, 0x00, 0x00, 0x00
	.byte 0x05, 0x00, 0x00, 0x00, 0x01, 0x00, 0x00, 0x00, 0x46, 0x00, 0x00, 0x00, 0x05, 0x00, 0x00, 0x00
	.byte 0x32, 0x00, 0x00, 0x00, 0x00, 0x00, 0x00, 0x00, 0x07, 0x00, 0x00, 0x00, 0x03, 0x00, 0x00, 0x00
	.byte 0x05, 0x00, 0x00, 0x00, 0x00, 0x00, 0x00, 0x00, 0x32, 0x00, 0x00, 0x00, 0x02, 0x00, 0x00, 0x00
	.byte 0x04, 0x00, 0x00, 0x00, 0xFE, 0xFF, 0xFF, 0xFF, 0x06, 0x00, 0x00, 0x00, 0x00, 0x00, 0x00, 0x00
	.byte 0x46, 0x00, 0x00, 0x00, 0x02, 0x00, 0x00, 0x00, 0x04, 0x00, 0x00, 0x00, 0xFE, 0xFF, 0xFF, 0xFF
	.byte 0x4D, 0x00, 0x00, 0x00, 0x45, 0x00, 0x00, 0x00, 0x15, 0x00, 0x00, 0x00, 0x02, 0x00, 0x00, 0x00
	.byte 0x15, 0x00, 0x00, 0x00, 0x06, 0x00, 0x00, 0x00, 0x01, 0x00, 0x00, 0x00, 0x1E, 0x00, 0x00, 0x00
	.byte 0x05, 0x00, 0x00, 0x00, 0x26, 0x00, 0x00, 0x00, 0x01, 0x00, 0x00, 0x00, 0x13, 0x00, 0x00, 0x00
	.byte 0x00, 0x00, 0x00, 0x00, 0x0C, 0x00, 0x00, 0x00, 0x24, 0x00, 0x00, 0x00, 0x01, 0x00, 0x00, 0x00
	.byte 0x04, 0x00, 0x00, 0x00, 0x04, 0x00, 0x00, 0x00, 0xFF, 0xFF, 0xFF, 0xFF, 0x4C, 0x00, 0x00, 0x00
	.byte 0x05, 0x00, 0x00, 0x00, 0x00, 0x00, 0x00, 0x00, 0x40, 0x00, 0x00, 0x00, 0x02, 0x00, 0x00, 0x00
	.byte 0x04, 0x00, 0x00, 0x00, 0x03, 0x00, 0x00, 0x00, 0x4D, 0x00, 0x00, 0x00, 0x2B, 0x00, 0x00, 0x00
	.byte 0x00, 0x00, 0x00, 0x00, 0x0E, 0x00, 0x00, 0x00, 0x2B, 0x00, 0x00, 0x00, 0x14, 0x00, 0x00, 0x00
	.byte 0x0B, 0x00, 0x00, 0x00, 0x2B, 0x00, 0x00, 0x00, 0x0A, 0x00, 0x00, 0x00, 0x08, 0x00, 0x00, 0x00
	.byte 0x2E, 0x00, 0x00, 0x00, 0x14, 0x00, 0x00, 0x00, 0x04, 0x00, 0x00, 0x00, 0x09, 0x00, 0x00, 0x00
	.byte 0x04, 0x00, 0x00, 0x00, 0x01, 0x00, 0x00, 0x00, 0x4C, 0x00, 0x00, 0x00, 0x05, 0x00, 0x00, 0x00
	.byte 0x00, 0x00, 0x00, 0x00, 0x32, 0x00, 0x00, 0x00, 0x02, 0x00, 0x00, 0x00, 0x04, 0x00, 0x00, 0x00
	.byte 0xFD, 0xFF, 0xFF, 0xFF, 0x4D, 0x00, 0x00, 0x00, 0x4D, 0x00, 0x00, 0x00, 0x33, 0x00, 0x00, 0x00
	.byte 0x00, 0x00, 0x00, 0x00, 0x04, 0x00, 0x00, 0x00, 0x06, 0x00, 0x00, 0x00, 0x12, 0x00, 0x00, 0x00
	.byte 0x04, 0x00, 0x00, 0x00, 0xFF, 0xFF, 0xFF, 0xFF, 0x06, 0x00, 0x00, 0x00, 0x01, 0x00, 0x00, 0x00
	.byte 0x5A, 0x00, 0x00, 0x00, 0x02, 0x00, 0x00, 0x00, 0x04, 0x00, 0x00, 0x00, 0xFF, 0xFF, 0xFF, 0xFF
	.byte 0x32, 0x00, 0x00, 0x00, 0x00, 0x00, 0x00, 0x00, 0x04, 0x00, 0x00, 0x00, 0x03, 0x00, 0x00, 0x00
	.byte 0x05, 0x00, 0x00, 0x00, 0x00, 0x00, 0x00, 0x00, 0x32, 0x00, 0x00, 0x00, 0x02, 0x00, 0x00, 0x00
	.byte 0x04, 0x00, 0x00, 0x00, 0xFE, 0xFF, 0xFF, 0xFF, 0x06, 0x00, 0x00, 0x00, 0x00, 0x00, 0x00, 0x00
	.byte 0x46, 0x00, 0x00, 0x00, 0x02, 0x00, 0x00, 0x00, 0x04, 0x00, 0x00, 0x00, 0xFE, 0xFF, 0xFF, 0xFF
	.byte 0x5E, 0x00, 0x00, 0x00, 0x14, 0x00, 0x00, 0x00, 0x00, 0x00, 0x00, 0x00, 0x05, 0x00, 0x00, 0x00
	.byte 0x00, 0x00, 0x00, 0x00, 0x40, 0x00, 0x00, 0x00, 0x02, 0x00, 0x00, 0x00, 0x04, 0x00, 0x00, 0x00
	.byte 0xFF, 0xFF, 0xFF, 0xFF, 0x4D, 0x00, 0x00, 0x00, 0x00, 0x00, 0x00, 0x00, 0x80, 0x00, 0x00, 0x00
	.byte 0x11, 0x00, 0x00, 0x00, 0x04, 0x00, 0x00, 0x00, 0x01, 0x00, 0x00, 0x00, 0x37, 0x00, 0x00, 0x00
	.byte 0x01, 0x00, 0x00, 0x00, 0x2E, 0x00, 0x00, 0x00, 0x06, 0x00, 0x00, 0x00, 0x37, 0x00, 0x00, 0x00
	.byte 0x01, 0x00, 0x00, 0x00, 0x12, 0x00, 0x00, 0x00, 0x02, 0x00, 0x00, 0x00, 0x4C, 0x00, 0x00, 0x00
	.byte 0x05, 0x00, 0x00, 0x00, 0x00, 0x00, 0x00, 0x00, 0x40, 0x00, 0x00, 0x00, 0x02, 0x00, 0x00, 0x00
	.byte 0x04, 0x00, 0x00, 0x00, 0x01, 0x00, 0x00, 0x00, 0x4D, 0x00, 0x00, 0x00, 0x4D, 0x00, 0x00, 0x00
	.byte 0x4D, 0x00, 0x00, 0x00, 0x2B, 0x00, 0x00, 0x00, 0x00, 0x00, 0x00, 0x00, 0x12, 0x00, 0x00, 0x00
	.byte 0x2B, 0x00, 0x00, 0x00, 0x14, 0x00, 0x00, 0x00, 0x0F, 0x00, 0x00, 0x00, 0x2B, 0x00, 0x00, 0x00
	.byte 0x0A, 0x00, 0x00, 0x00, 0x0C, 0x00, 0x00, 0x00, 0x29, 0x00, 0x00, 0x00, 0x01, 0x00, 0x00, 0x00
	.byte 0x13, 0x00, 0x00, 0x00, 0x45, 0x00, 0x00, 0x00, 0x05, 0x00, 0x00, 0x00, 0x13, 0x00, 0x00, 0x00
	.byte 0x62, 0x00, 0x00, 0x00, 0x02, 0x00, 0x00, 0x00, 0x4C, 0x00, 0x00, 0x00, 0x02, 0x00, 0x00, 0x00
	.byte 0x04, 0x00, 0x00, 0x00, 0x01, 0x00, 0x00, 0x00, 0x4D, 0x00, 0x00, 0x00, 0x05, 0x00, 0x00, 0x00
	.byte 0x01, 0x00, 0x00, 0x00, 0x50, 0x00, 0x00, 0x00, 0x08, 0x00, 0x00, 0x00, 0x24, 0x00, 0x00, 0x00
	.byte 0x01, 0x00, 0x00, 0x00, 0x05, 0x00, 0x00, 0x00, 0x00, 0x00, 0x00, 0x00, 0xC0, 0x00, 0x00, 0x00
	.byte 0x2C, 0x00, 0x00, 0x00, 0x4C, 0x00, 0x00, 0x00, 0x59, 0xE9, 0xFF, 0xFF, 0x06, 0x00, 0x00, 0x00
	.byte 0x01, 0x00, 0x00, 0x00, 0x32, 0x00, 0x00, 0x00, 0x21, 0x00, 0x00, 0x00, 0x00, 0x00, 0x00, 0x00
	.byte 0xC0, 0x00, 0x00, 0x00, 0x13, 0x00, 0x00, 0x00, 0x04, 0x00, 0x00, 0x00, 0x01, 0x00, 0x00, 0x00
	.byte 0x62, 0x00, 0x00, 0x00, 0x05, 0x00, 0x00, 0x00, 0x00, 0x00, 0x00, 0x00, 0xC0, 0x00, 0x00, 0x00
	.byte 0x02, 0x00, 0x00, 0x00, 0x04, 0x00, 0x00, 0x00, 0x01, 0x00, 0x00, 0x00, 0x61, 0x00, 0x00, 0x00
	.byte 0x00, 0x00, 0x00, 0x00, 0x02, 0x00, 0x00, 0x00, 0x4C, 0x00, 0x00, 0x00, 0x05, 0x00, 0x00, 0x00
	.byte 0x00, 0x00, 0x00, 0x00, 0x80, 0x00, 0x00, 0x00, 0x02, 0x00, 0x00, 0x00, 0x04, 0x00, 0x00, 0x00
	.byte 0x01, 0x00, 0x00, 0x00, 0x06, 0x00, 0x00, 0x00, 0x01, 0x00, 0x00, 0x00, 0x1E, 0x00, 0x00, 0x00
	.byte 0x0C, 0x00, 0x00, 0x00, 0x00, 0x00, 0x00, 0x00, 0x80, 0x00, 0x00, 0x00, 0x09, 0x00, 0x00, 0x00
	.byte 0x04, 0x00, 0x00, 0x00, 0x01, 0x00, 0x00, 0x00, 0x4C, 0x00, 0x00, 0x00, 0x05, 0x00, 0x00, 0x00
	.byte 0x00, 0x00, 0x00, 0x00, 0x32, 0x00, 0x00, 0x00, 0x02, 0x00, 0x00, 0x00, 0x04, 0x00, 0x00, 0x00
	.byte 0xFF, 0xFF, 0xFF, 0xFF, 0x4D, 0x00, 0x00, 0x00, 0x51, 0x00, 0x00, 0x00, 0xC9, 0x08, 0x00, 0x00
	.byte 0x35, 0x00, 0x00, 0x00, 0x00, 0x00, 0x00, 0x00, 0x1F, 0x00, 0x00, 0x00, 0x20, 0x00, 0x00, 0x00
	.byte 0x00, 0x00, 0x00, 0x00, 0x13, 0x00, 0x00, 0x00, 0x01, 0x00, 0x00, 0x00, 0x1B, 0xE9, 0xFF, 0xFF
	.byte 0x2F, 0x00, 0x00, 0x00, 0x07, 0x00, 0x00, 0x00, 0x08, 0x00, 0x00, 0x00, 0x2F, 0x00, 0x00, 0x00
	.byte 0xAA, 0x00, 0x00, 0x00, 0x05, 0x00, 0x00, 0x00, 0x2F, 0x00, 0x00, 0x00, 0xF8, 0x00, 0x00, 0x00
	.byte 0x02, 0x00, 0x00, 0x00, 0x4C, 0x00, 0x00, 0x00, 0x05, 0x00, 0x00, 0x00, 0x00, 0x00, 0x00, 0x00
	.byte 0x33, 0x00, 0x00, 0x00, 0x02, 0x00, 0x00, 0x00, 0x04, 0x00, 0x00, 0x00, 0xFE, 0xFF, 0xFF, 0xFF
	.byte 0x2B, 0x00, 0x00, 0x00, 0xA0, 0x00, 0x00, 0x00, 0x01, 0x00, 0x00, 0x00, 0x4D, 0x00, 0x00, 0x00
	.byte 0x00, 0x00, 0x00, 0x00, 0x50, 0x00, 0x00, 0x00, 0x1D, 0x00, 0x00, 0x00, 0x04, 0x00, 0x00, 0x00
	.byte 0x02, 0x00, 0x00, 0x00, 0x4D, 0x00, 0x00, 0x00, 0x2F, 0x00, 0x00, 0x00, 0x07, 0x00, 0x00, 0x00
	.byte 0x17, 0x00, 0x00, 0x00, 0x2F, 0x00, 0x00, 0x00, 0xAA, 0x00, 0x00, 0x00, 0x0B, 0x00, 0x00, 0x00
	.byte 0x2F, 0x00, 0x00, 0x00, 0xF8, 0x00, 0x00, 0x00, 0x08, 0x00, 0x00, 0x00, 0x2F, 0x00, 0x00, 0x00
	.byte 0x94, 0x00, 0x00, 0x00, 0x05, 0x00, 0x00, 0x00, 0x2F, 0x00, 0x00, 0x00, 0x67, 0x00, 0x00, 0x00
	.byte 0x07, 0x00, 0x00, 0x00, 0x4C, 0x00, 0x00, 0x00, 0x07, 0x00, 0x00, 0x00, 0x00, 0x00, 0x00, 0x00
	.byte 0xAA, 0x00, 0x00, 0x00, 0x06, 0x00, 0x00, 0x00, 0x4C, 0x00, 0x00, 0x00, 0x02, 0x00, 0x00, 0x00
	.byte 0x04, 0x00, 0x00, 0x00, 0x02, 0x00, 0x00, 0x00, 0x04, 0x00, 0x00, 0x00, 0x04, 0x00, 0x00, 0x00
	.byte 0x4D, 0x00, 0x00, 0x00, 0x51, 0x00, 0x00, 0x00, 0x8A, 0x08, 0x00, 0x00, 0x1D, 0x00, 0x00, 0x00
	.byte 0x14, 0x00, 0x00, 0x00, 0x00, 0x00, 0x00, 0x00, 0x09, 0x00, 0x00, 0x00, 0x28, 0x00, 0x00, 0x00
	.byte 0x1A, 0x00, 0x00, 0x00, 0x06, 0x00, 0x00, 0x00, 0x05, 0x00, 0x00, 0x00, 0x00, 0x00, 0x00, 0x00
	.byte 0x50, 0x00, 0x00, 0x00, 0x02, 0x00, 0x00, 0x00, 0x04, 0x00, 0x00, 0x00, 0x02, 0x00, 0x00, 0x00
	.byte 0x4D, 0x00, 0x00, 0x00, 0x0A, 0x00, 0x00, 0x00, 0x0B, 0x00, 0x00, 0x00, 0x0C, 0x00, 0x00, 0x00
	.byte 0x0D, 0x00, 0x00, 0x00, 0x0E, 0x00, 0x00, 0x00, 0x0F, 0x00, 0x00, 0x00, 0x10, 0x00, 0x00, 0x00
	.byte 0x12, 0x00, 0x00, 0x00, 0x13, 0x00, 0x00, 0x00, 0x14, 0x00, 0x00, 0x00, 0x15, 0x00, 0x00, 0x00
	.byte 0x16, 0x00, 0x00, 0x00, 0x17, 0x00, 0x00, 0x00, 0x18, 0x00, 0x00, 0x00, 0x1E, 0x00, 0x00, 0x00
	.byte 0x23, 0x00, 0x00, 0x00, 0x36, 0x00, 0x00, 0x00, 0x2F, 0x00, 0x00, 0x00, 0x31, 0x00, 0x00, 0x00
	.byte 0x32, 0x00, 0x00, 0x00, 0x33, 0x00, 0x00, 0x00, 0x34, 0x00, 0x00, 0x00, 0x35, 0x00, 0x00, 0x00
	.byte 0x36, 0x00, 0x00, 0x00, 0x37, 0x00, 0x00, 0x00, 0x38, 0x00, 0x00, 0x00, 0x3A, 0x00, 0x00, 0x00
	.byte 0x3B, 0x00, 0x00, 0x00, 0x3C, 0x00, 0x00, 0x00, 0x3D, 0x00, 0x00, 0x00, 0x3E, 0x00, 0x00, 0x00
	.byte 0x3F, 0x00, 0x00, 0x00, 0x40, 0x00, 0x00, 0x00, 0x41, 0x00, 0x00, 0x00, 0x42, 0x00, 0x00, 0x00
	.byte 0x43, 0x00, 0x00, 0x00, 0x4F, 0x00, 0x00, 0x00, 0x54, 0x00, 0x00, 0x00, 0x6C, 0x00, 0x00, 0x00
	.byte 0x6D, 0x00, 0x00, 0x00, 0x76, 0x00, 0x00, 0x00, 0xD5, 0x00, 0x00, 0x00, 0xBB, 0x00, 0x00, 0x00
	.byte 0x9C, 0x00, 0x00, 0x00, 0xA5, 0x00, 0x00, 0x00, 0xA6, 0x00, 0x00, 0x00, 0xA7, 0x00, 0x00, 0x00
	.byte 0xB5, 0x00, 0x00, 0x00, 0xC0, 0x00, 0x00, 0x00, 0xC7, 0x00, 0x00, 0x00, 0xCD, 0x00, 0x00, 0x00
	.byte 0xCE, 0x00, 0x00, 0x00, 0xD0, 0x00, 0x00, 0x00, 0xD3, 0x00, 0x00, 0x00, 0xD5, 0x00, 0x00, 0x00
	.byte 0xE1, 0x00, 0x00, 0x00, 0xE2, 0x00, 0x00, 0x00, 0xF0, 0x00, 0x00, 0x00, 0xFC, 0x00, 0x00, 0x00
	.byte 0x02, 0x01, 0x00, 0x00, 0x05, 0x01, 0x00, 0x00, 0xFF, 0xFF, 0xFF, 0xFF, 0x51, 0x00, 0x00, 0x00
	.byte 0x3C, 0x08, 0x00, 0x00, 0x20, 0x00, 0x00, 0x00, 0x00, 0x00, 0x00, 0x00, 0x14, 0x00, 0x00, 0x00
	.byte 0x00, 0x00, 0x00, 0x00, 0x05, 0x00, 0x00, 0x00, 0x00, 0x00, 0x00, 0x00, 0x64, 0x00, 0x00, 0x00
	.byte 0x02, 0x00, 0x00, 0x00, 0x04, 0x00, 0x00, 0x00, 0x02, 0x00, 0x00, 0x00, 0x4D, 0x00, 0x00, 0x00
	.byte 0x51, 0x00, 0x00, 0x00, 0x2F, 0x08, 0x00, 0x00, 0x28, 0x00, 0x00, 0x00, 0x1A, 0x00, 0x00, 0x00
	.byte 0x06, 0x00, 0x00, 0x00, 0x05, 0x00, 0x00, 0x00, 0x00, 0x00, 0x00, 0x00, 0x80, 0x00, 0x00, 0x00
	.byte 0x02, 0x00, 0x00, 0x00, 0x04, 0x00, 0x00, 0x00, 0x02, 0x00, 0x00, 0x00, 0x4D, 0x00, 0x00, 0x00
	.byte 0x01, 0x00, 0x00, 0x00, 0x07, 0x00, 0x00, 0x00, 0x09, 0x00, 0x00, 0x00, 0x26, 0x00, 0x00, 0x00
	.byte 0x2B, 0x00, 0x00, 0x00, 0x31, 0x00, 0x00, 0x00, 0x53, 0x00, 0x00, 0x00, 0x58, 0x00, 0x00, 0x00
	.byte 0x59, 0x00, 0x00, 0x00, 0x62, 0x00, 0x00, 0x00, 0x76, 0x00, 0x00, 0x00, 0x78, 0x00, 0x00, 0x00
	.byte 0x7A, 0x00, 0x00, 0x00, 0x8C, 0x00, 0x00, 0x00, 0x8E, 0x00, 0x00, 0x00, 0x90, 0x00, 0x00, 0x00
	.byte 0xAA, 0x00, 0x00, 0x00, 0xB9, 0x00, 0x00, 0x00, 0xC7, 0x00, 0x00, 0x00, 0xDB, 0x00, 0x00, 0x00
	.byte 0xE2, 0x00, 0x00, 0x00, 0xE3, 0x00, 0x00, 0x00, 0xE6, 0x00, 0x00, 0x00, 0xF1, 0x00, 0x00, 0x00
	.byte 0xF8, 0x00, 0x00, 0x00, 0xFF, 0xFF, 0xFF, 0xFF, 0x51, 0x00, 0x00, 0x00, 0x09, 0x08, 0x00, 0x00
	.byte 0x26, 0x00, 0x00, 0x00, 0x01, 0x00, 0x00, 0x00, 0x13, 0x00, 0x00, 0x00, 0x00, 0x00, 0x00, 0x00
	.byte 0x5B, 0x00, 0x00, 0x00, 0x20, 0x00, 0x00, 0x00, 0x00, 0x00, 0x00, 0x00, 0x14, 0x00, 0x00, 0x00
	.byte 0x00, 0x00, 0x00, 0x00, 0x56, 0x00, 0x00, 0x00, 0x39, 0x00, 0x00, 0x00, 0x01, 0x00, 0x00, 0x00
	.byte 0x7F, 0x00, 0x00, 0x00, 0x03, 0x00, 0x00, 0x00, 0x00, 0x00, 0x00, 0x00, 0x50, 0x00, 0x00, 0x00
	.byte 0xD2, 0xFF, 0xFF, 0xFF, 0x17, 0x00, 0x00, 0x00, 0x0E, 0x00, 0x00, 0x00, 0x14, 0x00, 0x00, 0x00
	.byte 0x17, 0x00, 0x00, 0x00, 0x5D, 0x01, 0x00, 0x00, 0x11, 0x00, 0x00, 0x00, 0x17, 0x00, 0x00, 0x00
	.byte 0x5B, 0x01, 0x00, 0x00, 0x0E, 0x00, 0x00, 0x00, 0x17, 0x00, 0x00, 0x00, 0xA1, 0x01, 0x00, 0x00
	.byte 0x0B, 0x00, 0x00, 0x00, 0x2F, 0x00, 0x00, 0x00, 0x6F, 0x00, 0x00, 0x00, 0x12, 0x00, 0x00, 0x00
	.byte 0x17, 0x00, 0x00, 0x00, 0xE2, 0x00, 0x00, 0x00, 0x1A, 0x00, 0x00, 0x00, 0x00, 0x00, 0x00, 0x00
	.byte 0x14, 0x00, 0x00, 0x00, 0xBD, 0xFF, 0xFF, 0xFF, 0x04, 0x00, 0x00, 0x00, 0x03, 0x00, 0x00, 0x00
	.byte 0x1D, 0x00, 0x00, 0x00, 0x13, 0x00, 0x00, 0x00, 0x00, 0x00, 0x00, 0x00, 0x5B, 0xE8, 0xFF, 0xFF
	.byte 0x05, 0x00, 0x00, 0x00, 0x01, 0x00, 0x00, 0x00, 0x3C, 0x00, 0x00, 0x00, 0x45, 0xE8, 0xFF, 0xFF
	.byte 0x4C, 0x00, 0x00, 0x00, 0x4C, 0xE8, 0xFF, 0xFF, 0x21, 0x00, 0x00, 0x00, 0x01, 0x00, 0x00, 0x00
	.byte 0x19, 0x00, 0x00, 0x00, 0x03, 0x00, 0x00, 0x00, 0x2F, 0xE8, 0xFF, 0xFF, 0x04, 0x00, 0x00, 0x00
	.byte 0x02, 0x00, 0x00, 0x00, 0x4D, 0x00, 0x00, 0x00, 0xB6, 0x00, 0x00, 0x00, 0xC5, 0x00, 0x00, 0x00
	.byte 0xFF, 0xFF, 0xFF, 0xFF, 0x1D, 0x00, 0x00, 0x00, 0x13, 0x00, 0x00, 0x00, 0x00, 0x00, 0x00, 0x00
	.byte 0x25, 0xE8, 0xFF, 0xFF, 0x32, 0x00, 0x00, 0x00, 0x01, 0x00, 0x00, 0x00, 0x01, 0x00, 0x00, 0x00
	.byte 0x08, 0x00, 0x00, 0x00, 0x3E, 0xE8, 0xFF, 0xFF, 0x32, 0x00, 0x00, 0x00, 0x01, 0x00, 0x00, 0x00
	.byte 0x01, 0x00, 0x00, 0x00, 0x07, 0x00, 0x00, 0x00, 0x36, 0xE8, 0xFF, 0xFF, 0x32, 0x00, 0x00, 0x00
	.byte 0x01, 0x00, 0x00, 0x00, 0x01, 0x00, 0x00, 0x00, 0x06, 0x00, 0x00, 0x00, 0x2E, 0xE8, 0xFF, 0xFF
	.byte 0x32, 0x00, 0x00, 0x00, 0x01, 0x00, 0x00, 0x00, 0x04, 0x00, 0x00, 0x00, 0x08, 0x00, 0x00, 0x00
	.byte 0x2F, 0xE8, 0xFF, 0xFF, 0x32, 0x00, 0x00, 0x00, 0x01, 0x00, 0x00, 0x00, 0x04, 0x00, 0x00, 0x00
	.byte 0x07, 0x00, 0x00, 0x00, 0x27, 0xE8, 0xFF, 0xFF, 0x32, 0x00, 0x00, 0x00, 0x01, 0x00, 0x00, 0x00
	.byte 0x04, 0x00, 0x00, 0x00, 0x06, 0x00, 0x00, 0x00, 0x1F, 0xE8, 0xFF, 0xFF, 0x4D, 0x00, 0x00, 0x00
	.byte 0x4D, 0x00, 0x00, 0x00, 0x51, 0x00, 0x00, 0x00, 0xF2, 0x03, 0x00, 0x00, 0x20, 0x00, 0x00, 0x00
	.byte 0x00, 0x00, 0x00, 0x00, 0x13, 0x00, 0x00, 0x00, 0x00, 0x00, 0x00, 0x00, 0x71, 0x00, 0x00, 0x00
	.byte 0x2F, 0x00, 0x00, 0x00, 0x26, 0x00, 0x00, 0x00, 0x30, 0x00, 0x00, 0x00, 0x2F, 0x00, 0x00, 0x00
	.byte 0x29, 0x00, 0x00, 0x00, 0x2D, 0x00, 0x00, 0x00, 0x2F, 0x00, 0x00, 0x00, 0x57, 0x00, 0x00, 0x00
	.byte 0x2A, 0x00, 0x00, 0x00, 0x2F, 0x00, 0x00, 0x00, 0x58, 0x00, 0x00, 0x00, 0x27, 0x00, 0x00, 0x00
	.byte 0x2F, 0x00, 0x00, 0x00, 0x82, 0x00, 0x00, 0x00, 0x24, 0x00, 0x00, 0x00, 0x2B, 0x00, 0x00, 0x00
	.byte 0x14, 0x00, 0x00, 0x00, 0x05, 0x00, 0x00, 0x00, 0x2B, 0x00, 0x00, 0x00, 0x0A, 0x00, 0x00, 0x00
	.byte 0x10, 0x00, 0x00, 0x00, 0x4C, 0x00, 0x00, 0x00, 0x1C, 0x00, 0x00, 0x00, 0x35, 0x00, 0x00, 0x00
	.byte 0x00, 0x00, 0x00, 0x00, 0x19, 0x00, 0x00, 0x00, 0x07, 0x00, 0x00, 0x00, 0x02, 0x00, 0x00, 0x00
	.byte 0x00, 0x00, 0x00, 0x00, 0x15, 0x00, 0x00, 0x00, 0x00, 0x00, 0x00, 0x00, 0x40, 0x00, 0x00, 0x00
	.byte 0x12, 0x00, 0x00, 0x00, 0x04, 0x00, 0x00, 0x00, 0xFF, 0xFF, 0xFF, 0xFF, 0x4C, 0x00, 0x00, 0x00
	.byte 0x0E, 0x00, 0x00, 0x00, 0x35, 0x00, 0x00, 0x00, 0x00, 0x00, 0x00, 0x00, 0x0B, 0x00, 0x00, 0x00
	.byte 0x07, 0x00, 0x00, 0x00, 0x02, 0x00, 0x00, 0x00, 0x00, 0x00, 0x00, 0x00, 0x07, 0x00, 0x00, 0x00
	.byte 0x00, 0x00, 0x00, 0x00, 0x40, 0x00, 0x00, 0x00, 0x04, 0x00, 0x00, 0x00, 0x04, 0x00, 0x00, 0x00
	.byte 0xFE, 0xFF, 0xFF, 0xFF, 0x4C, 0x00, 0x00, 0x00, 0x00, 0x00, 0x00, 0x00, 0x69, 0x00, 0x00, 0x00
	.byte 0x00, 0x00, 0x00, 0x00, 0x14, 0x00, 0x00, 0x00, 0x02, 0x00, 0x00, 0x00, 0x14, 0x00, 0x00, 0x00
	.byte 0x2F, 0x00, 0x00, 0x00, 0x07, 0x00, 0x00, 0x00, 0x36, 0x00, 0x00, 0x00, 0x2F, 0x00, 0x00, 0x00
	.byte 0x67, 0x00, 0x00, 0x00, 0x07, 0x00, 0x00, 0x00, 0x00, 0x00, 0x00, 0x00, 0x80, 0x00, 0x00, 0x00
	.byte 0x0B, 0x00, 0x00, 0x00, 0x04, 0x00, 0x00, 0x00, 0x01, 0x00, 0x00, 0x00, 0x4C, 0x00, 0x00, 0x00
	.byte 0x2C, 0x00, 0x00, 0x00, 0x00, 0x00, 0x00, 0x00, 0x32, 0x00, 0x00, 0x00, 0x04, 0x00, 0x00, 0x00
	.byte 0x04, 0x00, 0x00, 0x00, 0x01, 0x00, 0x00, 0x00, 0x4C, 0x00, 0x00, 0x00, 0x25, 0x00, 0x00, 0x00
	.byte 0x2F, 0x00, 0x00, 0x00, 0x26, 0x00, 0x00, 0x00, 0x22, 0x00, 0x00, 0x00, 0x2F, 0x00, 0x00, 0x00
	.byte 0x29, 0x00, 0x00, 0x00, 0x1F, 0x00, 0x00, 0x00, 0x2F, 0x00, 0x00, 0x00, 0x57, 0x00, 0x00, 0x00
	.byte 0x1C, 0x00, 0x00, 0x00, 0x2F, 0x00, 0x00, 0x00, 0x58, 0x00, 0x00, 0x00, 0x19, 0x00, 0x00, 0x00
	.byte 0x2F, 0x00, 0x00, 0x00, 0x82, 0x00, 0x00, 0x00, 0x16, 0x00, 0x00, 0x00, 0x2B, 0x00, 0x00, 0x00
	.byte 0x50, 0x00, 0x00, 0x00, 0x05, 0x00, 0x00, 0x00, 0x2B, 0x00, 0x00, 0x00, 0xA0, 0x00, 0x00, 0x00
	.byte 0x09, 0x00, 0x00, 0x00, 0x4C, 0x00, 0x00, 0x00, 0x0E, 0x00, 0x00, 0x00, 0x00, 0x00, 0x00, 0x00
	.byte 0x64, 0x00, 0x00, 0x00, 0x0B, 0x00, 0x00, 0x00, 0x04, 0x00, 0x00, 0x00, 0x01, 0x00, 0x00, 0x00
	.byte 0x4C, 0x00, 0x00, 0x00, 0x07, 0x00, 0x00, 0x00, 0x00, 0x00, 0x00, 0x00, 0x40, 0x00, 0x00, 0x00
	.byte 0x04, 0x00, 0x00, 0x00, 0x04, 0x00, 0x00, 0x00, 0x01, 0x00, 0x00, 0x00, 0x4C, 0x00, 0x00, 0x00
	.byte 0x00, 0x00, 0x00, 0x00, 0x17, 0x00, 0x00, 0x00, 0x1D, 0x01, 0x00, 0x00, 0xAE, 0x02, 0x00, 0x00
	.byte 0x1E, 0x00, 0x00, 0x00, 0x04, 0x00, 0x00, 0x00, 0x17, 0x00, 0x00, 0x00, 0x59, 0x00, 0x00, 0x00
	.byte 0x35, 0x02, 0x00, 0x00, 0x17, 0x00, 0x00, 0x00, 0xDE, 0x00, 0x00, 0x00, 0x32, 0x02, 0x00, 0x00
	.byte 0x17, 0x00, 0x00, 0x00, 0xF8, 0x00, 0x00, 0x00, 0x59, 0x02, 0x00, 0x00, 0x17, 0x00, 0x00, 0x00
	.byte 0x61, 0x01, 0x00, 0x00, 0x56, 0x02, 0x00, 0x00, 0x17, 0x00, 0x00, 0x00, 0xF0, 0x00, 0x00, 0x00
	.byte 0x22, 0x00, 0x00, 0x00, 0x17, 0x00, 0x00, 0x00, 0xF1, 0x00, 0x00, 0x00, 0x48, 0x00, 0x00, 0x00
	.byte 0x17, 0x00, 0x00, 0x00, 0x02, 0x01, 0x00, 0x00, 0xA6, 0x00, 0x00, 0x00, 0x17, 0x00, 0x00, 0x00
	.byte 0xC9, 0x00, 0x00, 0x00, 0xC8, 0x00, 0x00, 0x00, 0x17, 0x00, 0x00, 0x00, 0x64, 0x01, 0x00, 0x00
	.byte 0xEF, 0x00, 0x00, 0x00, 0x17, 0x00, 0x00, 0x00, 0xB1, 0x01, 0x00, 0x00, 0x4E, 0x01, 0x00, 0x00
	.byte 0x17, 0x00, 0x00, 0x00, 0x0A, 0x01, 0x00, 0x00, 0x93, 0x01, 0x00, 0x00, 0x1E, 0x00, 0x00, 0x00
	.byte 0x04, 0x00, 0x00, 0x00, 0x13, 0x00, 0x00, 0x00, 0x0D, 0x00, 0x00, 0x00, 0xAC, 0x02, 0x00, 0x00
	.byte 0x13, 0x00, 0x00, 0x00, 0x0A, 0x00, 0x00, 0x00, 0x1B, 0x03, 0x00, 0x00, 0x13, 0x00, 0x00, 0x00
	.byte 0x0B, 0x00, 0x00, 0x00, 0xE7, 0x02, 0x00, 0x00, 0x37, 0x00, 0x00, 0x00, 0x03, 0x00, 0x00, 0x00
	.byte 0x0E, 0x01, 0x00, 0x00, 0xE3, 0x01, 0x00, 0x00, 0x4D, 0x00, 0x00, 0x00, 0x29, 0x00, 0x00, 0x00
	.byte 0x01, 0x00, 0x00, 0x00, 0x13, 0x00, 0x00, 0x00, 0x5D, 0x00, 0x00, 0x00, 0x05, 0x00, 0x00, 0x00
	.byte 0x13, 0x00, 0x00, 0x00, 0x57, 0x00, 0x00, 0x00, 0x06, 0x00, 0x00, 0x00, 0x4C, 0x00, 0x00, 0x00
	.byte 0x08, 0x00, 0x00, 0x00, 0x0A, 0x00, 0x00, 0x00, 0x01, 0x00, 0x00, 0x00, 0xFF, 0x00, 0x00, 0x00
	.byte 0x04, 0x00, 0x00, 0x00, 0x04, 0x00, 0x00, 0x00, 0x02, 0x00, 0x00, 0x00, 0x4C, 0x00, 0x00, 0x00
	.byte 0x00, 0x00, 0x00, 0x00, 0x53, 0x00, 0x00, 0x00, 0x03, 0x00, 0x00, 0x00, 0x5D, 0x00, 0x00, 0x00
	.byte 0x13, 0x00, 0x00, 0x00, 0x01, 0x00, 0x00, 0x00, 0x08, 0x00, 0x00, 0x00, 0x53, 0x00, 0x00, 0x00
	.byte 0x03, 0x00, 0x00, 0x00, 0x57, 0x00, 0x00, 0x00, 0x13, 0x00, 0x00, 0x00, 0x01, 0x00, 0x00, 0x00
	.byte 0x06, 0x00, 0x00, 0x00, 0x4C, 0x00, 0x00, 0x00, 0x08, 0x00, 0x00, 0x00, 0x0A, 0x00, 0x00, 0x00
	.byte 0x03, 0x00, 0x00, 0x00, 0xFF, 0x00, 0x00, 0x00, 0x04, 0x00, 0x00, 0x00, 0x04, 0x00, 0x00, 0x00
	.byte 0x02, 0x00, 0x00, 0x00, 0x4C, 0x00, 0x00, 0x00, 0x00, 0x00, 0x00, 0x00, 0x4D, 0x00, 0x00, 0x00
	.byte 0x29, 0x00, 0x00, 0x00, 0x01, 0x00, 0x00, 0x00, 0x13, 0x00, 0x00, 0x00, 0x66, 0x00, 0x00, 0x00
	.byte 0x0B, 0x00, 0x00, 0x00, 0x13, 0x00, 0x00, 0x00, 0x7A, 0x00, 0x00, 0x00, 0x10, 0x00, 0x00, 0x00
	.byte 0x13, 0x00, 0x00, 0x00, 0x57, 0x00, 0x00, 0x00, 0x11, 0x00, 0x00, 0x00, 0x13, 0x00, 0x00, 0x00
	.byte 0x5E, 0x00, 0x00, 0x00, 0x12, 0x00, 0x00, 0x00, 0x4C, 0x00, 0x00, 0x00, 0x1B, 0x00, 0x00, 0x00
	.byte 0x09, 0x00, 0x00, 0x00, 0x01, 0x00, 0x00, 0x00, 0xFF, 0x00, 0x00, 0x00, 0x17, 0x00, 0x00, 0x00
	.byte 0x05, 0x00, 0x00, 0x00, 0x01, 0x00, 0x00, 0x00, 0x1E, 0x00, 0x00, 0x00, 0x13, 0x00, 0x00, 0x00
	.byte 0x04, 0x00, 0x00, 0x00, 0x02, 0x00, 0x00, 0x00, 0x4C, 0x00, 0x00, 0x00, 0x0F, 0x00, 0x00, 0x00
	.byte 0x04, 0x00, 0x00, 0x00, 0xFE, 0xFF, 0xFF, 0xFF, 0x4C, 0x00, 0x00, 0x00, 0x0B, 0x00, 0x00, 0x00
	.byte 0x05, 0x00, 0x00, 0x00, 0x01, 0x00, 0x00, 0x00, 0x32, 0x00, 0x00, 0x00, 0x02, 0x00, 0x00, 0x00
	.byte 0x04, 0x00, 0x00, 0x00, 0x01, 0x00, 0x00, 0x00, 0x00, 0x00, 0x00, 0x00, 0x80, 0x00, 0x00, 0x00
	.byte 0x02, 0x00, 0x00, 0x00, 0x04, 0x00, 0x00, 0x00, 0xFE, 0xFF, 0xFF, 0xFF, 0x53, 0x00, 0x00, 0x00
	.byte 0x03, 0x00, 0x00, 0x00, 0x66, 0x00, 0x00, 0x00, 0x13, 0x00, 0x00, 0x00, 0x01, 0x00, 0x00, 0x00
	.byte 0x14, 0x00, 0x00, 0x00, 0x53, 0x00, 0x00, 0x00, 0x03, 0x00, 0x00, 0x00, 0x7A, 0x00, 0x00, 0x00
	.byte 0x13, 0x00, 0x00, 0x00, 0x01, 0x00, 0x00, 0x00, 0x16, 0x00, 0x00, 0x00, 0x53, 0x00, 0x00, 0x00
	.byte 0x03, 0x00, 0x00, 0x00, 0x57, 0x00, 0x00, 0x00, 0x13, 0x00, 0x00, 0x00, 0x01, 0x00, 0x00, 0x00
	.byte 0x14, 0x00, 0x00, 0x00, 0x53, 0x00, 0x00, 0x00, 0x03, 0x00, 0x00, 0x00, 0x5E, 0x00, 0x00, 0x00
	.byte 0x13, 0x00, 0x00, 0x00, 0x01, 0x00, 0x00, 0x00, 0x12, 0x00, 0x00, 0x00, 0x4C, 0x00, 0x00, 0x00
	.byte 0x1B, 0x00, 0x00, 0x00, 0x09, 0x00, 0x00, 0x00, 0x03, 0x00, 0x00, 0x00, 0xFF, 0x00, 0x00, 0x00
	.byte 0x17, 0x00, 0x00, 0x00, 0x05, 0x00, 0x00, 0x00, 0x03, 0x00, 0x00, 0x00, 0x1E, 0x00, 0x00, 0x00
	.byte 0x13, 0x00, 0x00, 0x00, 0x04, 0x00, 0x00, 0x00, 0x02, 0x00, 0x00, 0x00, 0x4C, 0x00, 0x00, 0x00
	.byte 0x0F, 0x00, 0x00, 0x00, 0x04, 0x00, 0x00, 0x00, 0xFE, 0xFF, 0xFF, 0xFF, 0x4C, 0x00, 0x00, 0x00
	.byte 0x0B, 0x00, 0x00, 0x00, 0x05, 0x00, 0x00, 0x00, 0x03, 0x00, 0x00, 0x00, 0x32, 0x00, 0x00, 0x00
	.byte 0x02, 0x00, 0x00, 0x00, 0x04, 0x00, 0x00, 0x00, 0x01, 0x00, 0x00, 0x00, 0x00, 0x00, 0x00, 0x00
	.byte 0x80, 0x00, 0x00, 0x00, 0x02, 0x00, 0x00, 0x00, 0x04, 0x00, 0x00, 0x00, 0xFE, 0xFF, 0xFF, 0xFF
	.byte 0x4D, 0x00, 0x00, 0x00, 0x29, 0x00, 0x00, 0x00, 0x01, 0x00, 0x00, 0x00, 0x13, 0x00, 0x00, 0x00
	.byte 0x73, 0x00, 0x00, 0x00, 0x09, 0x00, 0x00, 0x00, 0x13, 0x00, 0x00, 0x00, 0x51, 0x00, 0x00, 0x00
	.byte 0x06, 0x00, 0x00, 0x00, 0x37, 0x00, 0x00, 0x00, 0x01, 0x00, 0x00, 0x00, 0x3B, 0x00, 0x00, 0x00
	.byte 0x02, 0x00, 0x00, 0x00, 0x4C, 0x00, 0x00, 0x00, 0x02, 0x00, 0x00, 0x00, 0x04, 0x00, 0x00, 0x00
	.byte 0x02, 0x00, 0x00, 0x00, 0x53, 0x00, 0x00, 0x00, 0x03, 0x00, 0x00, 0x00, 0x73, 0x00, 0x00, 0x00
	.byte 0x13, 0x00, 0x00, 0x00, 0x01, 0x00, 0x00, 0x00, 0x0C, 0x00, 0x00, 0x00, 0x53, 0x00, 0x00, 0x00
	.byte 0x03, 0x00, 0x00, 0x00, 0x51, 0x00, 0x00, 0x00, 0x13, 0x00, 0x00, 0x00, 0x01, 0x00, 0x00, 0x00
	.byte 0x06, 0x00, 0x00, 0x00, 0x37, 0x00, 0x00, 0x00, 0x03, 0x00, 0x00, 0x00, 0x3B, 0x00, 0x00, 0x00
	.byte 0x02, 0x00, 0x00, 0x00, 0x4C, 0x00, 0x00, 0x00, 0x02, 0x00, 0x00, 0x00, 0x04, 0x00, 0x00, 0x00
	.byte 0x02, 0x00, 0x00, 0x00, 0x4D, 0x00, 0x00, 0x00, 0x29, 0x00, 0x00, 0x00, 0x01, 0x00, 0x00, 0x00
	.byte 0x13, 0x00, 0x00, 0x00, 0x08, 0x00, 0x00, 0x00, 0x0C, 0x00, 0x00, 0x00, 0x1E, 0x00, 0x00, 0x00
	.byte 0x01, 0x00, 0x00, 0x00, 0x13, 0x00, 0x00, 0x00, 0x05, 0x00, 0x00, 0x00, 0x07, 0x00, 0x00, 0x00
	.byte 0x1E, 0x00, 0x00, 0x00, 0x03, 0x00, 0x00, 0x00, 0x13, 0x00, 0x00, 0x00, 0x05, 0x00, 0x00, 0x00
	.byte 0x02, 0x00, 0x00, 0x00, 0x4C, 0x00, 0x00, 0x00, 0x04, 0x00, 0x00, 0x00, 0x04, 0x00, 0x00, 0x00
	.byte 0x02, 0x00, 0x00, 0x00, 0x4C, 0x00, 0x00, 0x00, 0x00, 0x00, 0x00, 0x00, 0x53, 0x00, 0x00, 0x00
	.byte 0x03, 0x00, 0x00, 0x00, 0x08, 0x00, 0x00, 0x00, 0x13, 0x00, 0x00, 0x00, 0x01, 0x00, 0x00, 0x00
	.byte 0x0C, 0x00, 0x00, 0x00, 0x1E, 0x00, 0x00, 0x00, 0x06, 0x00, 0x00, 0x00, 0x13, 0x00, 0x00, 0x00
	.byte 0x05, 0x00, 0x00, 0x00, 0x07, 0x00, 0x00, 0x00, 0x1E, 0x00, 0x00, 0x00, 0x08, 0x00, 0x00, 0x00
	.byte 0x13, 0x00, 0x00, 0x00, 0x05, 0x00, 0x00, 0x00, 0x02, 0x00, 0x00, 0x00, 0x4C, 0x00, 0x00, 0x00
	.byte 0x02, 0x00, 0x00, 0x00, 0x04, 0x00, 0x00, 0x00, 0x02, 0x00, 0x00, 0x00, 0x4D, 0x00, 0x00, 0x00
	.byte 0x56, 0x00, 0x00, 0x00, 0x00, 0x70, 0x00, 0x00, 0x77, 0x04, 0x00, 0x00, 0x53, 0x00, 0x00, 0x00
	.byte 0x01, 0x00, 0x00, 0x00, 0x1A, 0x00, 0x00, 0x00, 0x13, 0x00, 0x00, 0x00, 0x01, 0x00, 0x00, 0x00
	.byte 0x0C, 0x00, 0x00, 0x00, 0x52, 0x00, 0x00, 0x00, 0x01, 0x00, 0x00, 0x00, 0x02, 0x00, 0x00, 0x00
	.byte 0x13, 0x00, 0x00, 0x00, 0x01, 0x00, 0x00, 0x00, 0x06, 0x00, 0x00, 0x00, 0x0D, 0x00, 0x00, 0x00
	.byte 0x01, 0x00, 0x00, 0x00, 0x00, 0x00, 0x00, 0x08, 0x02, 0x00, 0x00, 0x00, 0x4C, 0x00, 0x00, 0x00
	.byte 0x04, 0x00, 0x00, 0x00, 0x04, 0x00, 0x00, 0x00, 0xFB, 0xFF, 0xFF, 0xFF, 0x4C, 0x00, 0x00, 0x00
	.byte 0x00, 0x00, 0x00, 0x00, 0x53, 0x00, 0x00, 0x00, 0x03, 0x00, 0x00, 0x00, 0x1A, 0x00, 0x00, 0x00
	.byte 0x13, 0x00, 0x00, 0x00, 0x01, 0x00, 0x00, 0x00, 0x0C, 0x00, 0x00, 0x00, 0x52, 0x00, 0x00, 0x00
	.byte 0x03, 0x00, 0x00, 0x00, 0x02, 0x00, 0x00, 0x00, 0x13, 0x00, 0x00, 0x00, 0x01, 0x00, 0x00, 0x00
	.byte 0x06, 0x00, 0x00, 0x00, 0x0D, 0x00, 0x00, 0x00, 0x03, 0x00, 0x00, 0x00, 0x00, 0x00, 0x00, 0x08
	.byte 0x02, 0x00, 0x00, 0x00, 0x4C, 0x00, 0x00, 0x00, 0x04, 0x00, 0x00, 0x00, 0x04, 0x00, 0x00, 0x00
	.byte 0xFB, 0xFF, 0xFF, 0xFF, 0x4C, 0x00, 0x00, 0x00, 0x00, 0x00, 0x00, 0x00, 0x53, 0x00, 0x00, 0x00
	.byte 0x00, 0x00, 0x00, 0x00, 0x1A, 0x00, 0x00, 0x00, 0x13, 0x00, 0x00, 0x00, 0x01, 0x00, 0x00, 0x00
	.byte 0x0C, 0x00, 0x00, 0x00, 0x52, 0x00, 0x00, 0x00, 0x00, 0x00, 0x00, 0x00, 0x02, 0x00, 0x00, 0x00
	.byte 0x13, 0x00, 0x00, 0x00, 0x01, 0x00, 0x00, 0x00, 0x06, 0x00, 0x00, 0x00, 0x0D, 0x00, 0x00, 0x00
	.byte 0x00, 0x00, 0x00, 0x00, 0x00, 0x00, 0x00, 0x08, 0x02, 0x00, 0x00, 0x00, 0x4C, 0x00, 0x00, 0x00
	.byte 0x07, 0x00, 0x00, 0x00, 0x00, 0x00, 0x00, 0x00, 0x40, 0x00, 0x00, 0x00, 0x04, 0x00, 0x00, 0x00
	.byte 0x04, 0x00, 0x00, 0x00, 0x03, 0x00, 0x00, 0x00, 0x4C, 0x00, 0x00, 0x00, 0x00, 0x00, 0x00, 0x00
	.byte 0x53, 0x00, 0x00, 0x00, 0x02, 0x00, 0x00, 0x00, 0x1A, 0x00, 0x00, 0x00, 0x13, 0x00, 0x00, 0x00
	.byte 0x01, 0x00, 0x00, 0x00, 0x0C, 0x00, 0x00, 0x00, 0x52, 0x00, 0x00, 0x00, 0x02, 0x00, 0x00, 0x00
	.byte 0x02, 0x00, 0x00, 0x00, 0x13, 0x00, 0x00, 0x00, 0x01, 0x00, 0x00, 0x00, 0x06, 0x00, 0x00, 0x00
	.byte 0x0D, 0x00, 0x00, 0x00, 0x02, 0x00, 0x00, 0x00, 0x00, 0x00, 0x00, 0x08, 0x02, 0x00, 0x00, 0x00
	.byte 0x4C, 0x00, 0x00, 0x00, 0x07, 0x00, 0x00, 0x00, 0x00, 0x00, 0x00, 0x00, 0x40, 0x00, 0x00, 0x00
	.byte 0x04, 0x00, 0x00, 0x00, 0x04, 0x00, 0x00, 0x00, 0x03, 0x00, 0x00, 0x00, 0x4C, 0x00, 0x00, 0x00
	.byte 0x00, 0x00, 0x00, 0x00, 0x4D, 0x00, 0x00, 0x00, 0x07, 0x00, 0x00, 0x00, 0x03, 0x00, 0x00, 0x00
	.byte 0x00, 0x00, 0x00, 0x00, 0x2D, 0xE6, 0xFF, 0xFF, 0x07, 0x00, 0x00, 0x00, 0x02, 0x00, 0x00, 0x00
	.byte 0x00, 0x00, 0x00, 0x00, 0x29, 0xE6, 0xFF, 0xFF, 0x07, 0x00, 0x00, 0x00, 0x00, 0x00, 0x00, 0x00
	.byte 0x00, 0x00, 0x00, 0x00, 0x25, 0xE6, 0xFF, 0xFF, 0x5F, 0x00, 0x00, 0x00, 0x01, 0x00, 0x00, 0x00
	.byte 0x13, 0x00, 0x00, 0x00, 0x00, 0x00, 0x00, 0x00, 0x0B, 0x00, 0x00, 0x00, 0x13, 0x00, 0x00, 0x00
	.byte 0x01, 0x00, 0x00, 0x00, 0x12, 0x00, 0x00, 0x00, 0x13, 0x00, 0x00, 0x00, 0x02, 0x00, 0x00, 0x00
	.byte 0x16, 0x00, 0x00, 0x00, 0x13, 0x00, 0x00, 0x00, 0x03, 0x00, 0x00, 0x00, 0x1F, 0x00, 0x00, 0x00
	.byte 0x4C, 0x00, 0x00, 0x00, 0x2B, 0x00, 0x00, 0x00, 0x5F, 0x00, 0x00, 0x00, 0x03, 0x00, 0x00, 0x00
	.byte 0x13, 0x00, 0x00, 0x00, 0x01, 0x00, 0x00, 0x00, 0x10, 0xE6, 0xFF, 0xFF, 0x13, 0x00, 0x00, 0x00
	.byte 0x00, 0x00, 0x00, 0x00, 0x0D, 0xE6, 0xFF, 0xFF, 0x4C, 0x00, 0x00, 0x00, 0x1F, 0x00, 0x00, 0x00
	.byte 0x5F, 0x00, 0x00, 0x00, 0x03, 0x00, 0x00, 0x00, 0x13, 0x00, 0x00, 0x00, 0x00, 0x00, 0x00, 0x00
	.byte 0x06, 0xE6, 0xFF, 0xFF, 0x4C, 0x00, 0x00, 0x00, 0x18, 0x00, 0x00, 0x00, 0x5F, 0x00, 0x00, 0x00
	.byte 0x03, 0x00, 0x00, 0x00, 0x14, 0x00, 0x00, 0x00, 0x03, 0x00, 0x00, 0x00, 0x13, 0x00, 0x00, 0x00
	.byte 0x00, 0x00, 0x00, 0x00, 0x40, 0x00, 0x00, 0x00, 0x10, 0x00, 0x00, 0x00, 0x04, 0x00, 0x00, 0x00
	.byte 0x05, 0x00, 0x00, 0x00, 0x4C, 0x00, 0x00, 0x00, 0x0E, 0x00, 0x00, 0x00, 0x5F, 0x00, 0x00, 0x00
	.byte 0x03, 0x00, 0x00, 0x00, 0x14, 0x00, 0x00, 0x00, 0x02, 0x00, 0x00, 0x00, 0x07, 0x00, 0x00, 0x00
	.byte 0x00, 0x00, 0x00, 0x00, 0x40, 0x00, 0x00, 0x00, 0x04, 0x00, 0x00, 0x00, 0x04, 0x00, 0x00, 0x00
	.byte 0x05, 0x00, 0x00, 0x00, 0x4C, 0x00, 0x00, 0x00, 0x02, 0x00, 0x00, 0x00, 0x04, 0x00, 0x00, 0x00
	.byte 0xFB, 0xFF, 0xFF, 0xFF, 0x4D, 0x00, 0x00, 0x00, 0x06, 0x00, 0x00, 0x00, 0x01, 0x00, 0x00, 0x00
	.byte 0x5A, 0x00, 0x00, 0x00, 0x0D, 0x00, 0x00, 0x00, 0x06, 0x00, 0x00, 0x00, 0x01, 0x00, 0x00, 0x00
	.byte 0x32, 0x00, 0x00, 0x00, 0x17, 0x00, 0x00, 0x00, 0x06, 0x00, 0x00, 0x00, 0x01, 0x00, 0x00, 0x00
	.byte 0x1E, 0x00, 0x00, 0x00, 0x21, 0x00, 0x00, 0x00, 0x00, 0x00, 0x00, 0x00, 0x40, 0x00, 0x00, 0x00
	.byte 0x4F, 0x00, 0x00, 0x00, 0x4C, 0x00, 0x00, 0x00, 0xC9, 0xE5, 0xFF, 0xFF, 0x06, 0x00, 0x00, 0x00
	.byte 0x03, 0x00, 0x00, 0x00, 0x5A, 0x00, 0x00, 0x00, 0x26, 0x00, 0x00, 0x00, 0x06, 0x00, 0x00, 0x00
	.byte 0x03, 0x00, 0x00, 0x00, 0x32, 0x00, 0x00, 0x00, 0x30, 0x00, 0x00, 0x00, 0x06, 0x00, 0x00, 0x00
	.byte 0x03, 0x00, 0x00, 0x00, 0x1E, 0x00, 0x00, 0x00, 0x33, 0x00, 0x00, 0x00, 0x4C, 0x00, 0x00, 0x00
	.byte 0x38, 0x00, 0x00, 0x00, 0x06, 0x00, 0x00, 0x00, 0x03, 0x00, 0x00, 0x00, 0x5A, 0x00, 0x00, 0x00
	.byte 0x1F, 0x00, 0x00, 0x00, 0x06, 0x00, 0x00, 0x00, 0x03, 0x00, 0x00, 0x00, 0x32, 0x00, 0x00, 0x00
	.byte 0x14, 0x00, 0x00, 0x00, 0x06, 0x00, 0x00, 0x00, 0x03, 0x00, 0x00, 0x00, 0x1E, 0x00, 0x00, 0x00
	.byte 0x1E, 0x00, 0x00, 0x00, 0x4C, 0x00, 0x00, 0x00, 0x23, 0x00, 0x00, 0x00, 0x06, 0x00, 0x00, 0x00
	.byte 0x03, 0x00, 0x00, 0x00, 0x5A, 0x00, 0x00, 0x00, 0x11, 0x00, 0x00, 0x00, 0x06, 0x00, 0x00, 0x00
	.byte 0x03, 0x00, 0x00, 0x00, 0x32, 0x00, 0x00, 0x00, 0x0D, 0x00, 0x00, 0x00, 0x06, 0x00, 0x00, 0x00
	.byte 0x03, 0x00, 0x00, 0x00, 0x1E, 0x00, 0x00, 0x00, 0x10, 0x00, 0x00, 0x00, 0x4C, 0x00, 0x00, 0x00
	.byte 0x15, 0x00, 0x00, 0x00, 0x00, 0x00, 0x00, 0x00, 0x40, 0x00, 0x00, 0x00, 0x20, 0x00, 0x00, 0x00
	.byte 0x04, 0x00, 0x00, 0x00, 0xFF, 0xFF, 0xFF, 0xFF, 0x4C, 0x00, 0x00, 0x00, 0x1C, 0x00, 0x00, 0x00
	.byte 0x00, 0x00, 0x00, 0x00, 0x40, 0x00, 0x00, 0x00, 0x19, 0x00, 0x00, 0x00, 0x04, 0x00, 0x00, 0x00
	.byte 0xFE, 0xFF, 0xFF, 0xFF, 0x4C, 0x00, 0x00, 0x00, 0x15, 0x00, 0x00, 0x00, 0x00, 0x00, 0x00, 0x00
	.byte 0x40, 0x00, 0x00, 0x00, 0x12, 0x00, 0x00, 0x00, 0x04, 0x00, 0x00, 0x00, 0x01, 0x00, 0x00, 0x00
	.byte 0x4C, 0x00, 0x00, 0x00, 0x0E, 0x00, 0x00, 0x00, 0x00, 0x00, 0x00, 0x00, 0x40, 0x00, 0x00, 0x00
	.byte 0x0B, 0x00, 0x00, 0x00, 0x04, 0x00, 0x00, 0x00, 0x02, 0x00, 0x00, 0x00, 0x4C, 0x00, 0x00, 0x00
	.byte 0x07, 0x00, 0x00, 0x00, 0x00, 0x00, 0x00, 0x00, 0x40, 0x00, 0x00, 0x00, 0x04, 0x00, 0x00, 0x00
	.byte 0x04, 0x00, 0x00, 0x00, 0x03, 0x00, 0x00, 0x00, 0x4C, 0x00, 0x00, 0x00, 0x00, 0x00, 0x00, 0x00
	.byte 0x4D, 0x00, 0x00, 0x00, 0x2F, 0x00, 0x00, 0x00, 0x26, 0x00, 0x00, 0x00, 0x11, 0x00, 0x00, 0x00
	.byte 0x2F, 0x00, 0x00, 0x00, 0x29, 0x00, 0x00, 0x00, 0x0E, 0x00, 0x00, 0x00, 0x2F, 0x00, 0x00, 0x00
	.byte 0x57, 0x00, 0x00, 0x00, 0x0B, 0x00, 0x00, 0x00, 0x2F, 0x00, 0x00, 0x00, 0x58, 0x00, 0x00, 0x00
	.byte 0x08, 0x00, 0x00, 0x00, 0x2F, 0x00, 0x00, 0x00, 0x82, 0x00, 0x00, 0x00, 0x05, 0x00, 0x00, 0x00
	.byte 0x20, 0x00, 0x00, 0x00, 0x00, 0x00, 0x00, 0x00, 0x14, 0x00, 0x00, 0x00, 0x00, 0x00, 0x00, 0x00
	.byte 0x79, 0xE5, 0xFF, 0xFF, 0x4D, 0x00, 0x00, 0x00, 0x09, 0x00, 0x00, 0x00, 0x01, 0x00, 0x00, 0x00
	.byte 0xFF, 0x00, 0x00, 0x00, 0x01, 0x00, 0x00, 0x00, 0x4D, 0x00, 0x00, 0x00, 0x20, 0x00, 0x00, 0x00
	.byte 0x00, 0x00, 0x00, 0x00, 0x13, 0x00, 0x00, 0x00, 0x00, 0x00, 0x00, 0x00, 0x5C, 0xE5, 0xFF, 0xFF
	.byte 0x04, 0x00, 0x00, 0x00, 0x01, 0x00, 0x00, 0x00, 0x13, 0x00, 0x00, 0x00, 0x02, 0x00, 0x00, 0x00
	.byte 0x6C, 0xE5, 0xFF, 0xFF, 0x4D, 0x00, 0x00, 0x00, 0x0D, 0x00, 0x00, 0x00, 0x03, 0x00, 0x00, 0x00
	.byte 0x00, 0x00, 0x00, 0x08, 0x67, 0xE5, 0xFF, 0xFF, 0x53, 0x00, 0x00, 0x00, 0x03, 0x00, 0x00, 0x00
	.byte 0x1A, 0x00, 0x00, 0x00, 0x13, 0x00, 0x00, 0x00, 0x01, 0x00, 0x00, 0x00, 0x61, 0xE5, 0xFF, 0xFF
	.byte 0x52, 0x00, 0x00, 0x00, 0x03, 0x00, 0x00, 0x00, 0x02, 0x00, 0x00, 0x00, 0x13, 0x00, 0x00, 0x00
	.byte 0x01, 0x00, 0x00, 0x00, 0x5B, 0xE5, 0xFF, 0xFF, 0x52, 0x00, 0x00, 0x00, 0x03, 0x00, 0x00, 0x00
	.byte 0x0A, 0x00, 0x00, 0x00, 0x13, 0x00, 0x00, 0x00, 0x01, 0x00, 0x00, 0x00, 0x49, 0xE5, 0xFF, 0xFF
	.byte 0x52, 0x00, 0x00, 0x00, 0x03, 0x00, 0x00, 0x00, 0x0D, 0x00, 0x00, 0x00, 0x13, 0x00, 0x00, 0x00
	.byte 0x01, 0x00, 0x00, 0x00, 0x43, 0xE5, 0xFF, 0xFF, 0x52, 0x00, 0x00, 0x00, 0x03, 0x00, 0x00, 0x00
	.byte 0x03, 0x00, 0x00, 0x00, 0x13, 0x00, 0x00, 0x00, 0x01, 0x00, 0x00, 0x00, 0x3D, 0xE5, 0xFF, 0xFF
	.byte 0x52, 0x00, 0x00, 0x00, 0x03, 0x00, 0x00, 0x00, 0x05, 0x00, 0x00, 0x00, 0x13, 0x00, 0x00, 0x00
	.byte 0x01, 0x00, 0x00, 0x00, 0x37, 0xE5, 0xFF, 0xFF, 0x4C, 0x00, 0x00, 0x00, 0x29, 0xE5, 0xFF, 0xFF
	.byte 0x07, 0x00, 0x00, 0x00, 0x03, 0x00, 0x00, 0x00, 0x00, 0x00, 0x00, 0x00, 0x45, 0x00, 0x00, 0x00
	.byte 0x37, 0x00, 0x00, 0x00, 0x03, 0x00, 0x00, 0x00, 0xF8, 0x00, 0x00, 0x00, 0x06, 0x00, 0x00, 0x00
	.byte 0x37, 0x00, 0x00, 0x00, 0x03, 0x00, 0x00, 0x00, 0x61, 0x01, 0x00, 0x00, 0x02, 0x00, 0x00, 0x00
	.byte 0x4C, 0x00, 0x00, 0x00, 0x3B, 0x00, 0x00, 0x00, 0x5F, 0x00, 0x00, 0x00, 0x01, 0x00, 0x00, 0x00
	.byte 0x13, 0x00, 0x00, 0x00, 0x03, 0x00, 0x00, 0x00, 0x16, 0xE5, 0xFF, 0xFF, 0x13, 0x00, 0x00, 0x00
	.byte 0x02, 0x00, 0x00, 0x00, 0x08, 0x00, 0x00, 0x00, 0x13, 0x00, 0x00, 0x00, 0x01, 0x00, 0x00, 0x00
	.byte 0x17, 0x00, 0x00, 0x00, 0x13, 0x00, 0x00, 0x00, 0x00, 0x00, 0x00, 0x00, 0x23, 0x00, 0x00, 0x00
	.byte 0x4C, 0x00, 0x00, 0x00, 0x2B, 0x00, 0x00, 0x00, 0x5F, 0x00, 0x00, 0x00, 0x03, 0x00, 0x00, 0x00
	.byte 0x13, 0x00, 0x00, 0x00, 0x00, 0x00, 0x00, 0x00, 0x06, 0xE5, 0xFF, 0xFF, 0x13, 0x00, 0x00, 0x00
	.byte 0x01, 0x00, 0x00, 0x00, 0x03, 0xE5, 0xFF, 0xFF, 0x00, 0x00, 0x00, 0x00, 0x80, 0x00, 0x00, 0x00
	.byte 0x20, 0x00, 0x00, 0x00, 0x5F, 0x00, 0x00, 0x00, 0x03, 0x00, 0x00, 0x00, 0x13, 0x00, 0x00, 0x00
	.byte 0x02, 0x00, 0x00, 0x00, 0xFB, 0xE4, 0xFF, 0xFF, 0x4C, 0x00, 0x00, 0x00, 0x19, 0x00, 0x00, 0x00
	.byte 0x5F, 0x00, 0x00, 0x00, 0x03, 0x00, 0x00, 0x00, 0x13, 0x00, 0x00, 0x00, 0x00, 0x00, 0x00, 0x00
	.byte 0xF4, 0xE4, 0xFF, 0xFF, 0x00, 0x00, 0x00, 0x00, 0x80, 0x00, 0x00, 0x00, 0x11, 0x00, 0x00, 0x00
	.byte 0x5F, 0x00, 0x00, 0x00, 0x03, 0x00, 0x00, 0x00, 0x13, 0x00, 0x00, 0x00, 0x01, 0x00, 0x00, 0x00
	.byte 0xEC, 0xE4, 0xFF, 0xFF, 0x4C, 0x00, 0x00, 0x00, 0x0A, 0x00, 0x00, 0x00, 0x00, 0x00, 0x00, 0x00
	.byte 0x80, 0x00, 0x00, 0x00, 0x07, 0x00, 0x00, 0x00, 0x5F, 0x00, 0x00, 0x00, 0x03, 0x00, 0x00, 0x00
	.byte 0x13, 0x00, 0x00, 0x00, 0x00, 0x00, 0x00, 0x00, 0xE2, 0xE4, 0xFF, 0xFF, 0x4C, 0x00, 0x00, 0x00
	.byte 0x00, 0x00, 0x00, 0x00, 0x4D, 0x00, 0x00, 0x00, 0x29, 0x00, 0x00, 0x00, 0x01, 0x00, 0x00, 0x00
	.byte 0x13, 0x00, 0x00, 0x00, 0x36, 0x00, 0x00, 0x00, 0xF8, 0xE4, 0xFF, 0xFF, 0x13, 0x00, 0x00, 0x00
	.byte 0x70, 0x00, 0x00, 0x00, 0xF5, 0xE4, 0xFF, 0xFF, 0x13, 0x00, 0x00, 0x00, 0x64, 0x00, 0x00, 0x00
	.byte 0xF2, 0xE4, 0xFF, 0xFF, 0x13, 0x00, 0x00, 0x00, 0x67, 0x00, 0x00, 0x00, 0xEF, 0xE4, 0xFF, 0xFF
	.byte 0x29, 0x00, 0x00, 0x00, 0x00, 0x00, 0x00, 0x00, 0x13, 0x00, 0x00, 0x00, 0x17, 0x00, 0x00, 0x00
	.byte 0xE4, 0xE4, 0xFF, 0xFF, 0x13, 0x00, 0x00, 0x00, 0x4A, 0x00, 0x00, 0x00, 0xE1, 0xE4, 0xFF, 0xFF
	.byte 0x13, 0x00, 0x00, 0x00, 0x25, 0x00, 0x00, 0x00, 0xDE, 0xE4, 0xFF, 0xFF, 0x13, 0x00, 0x00, 0x00
	.byte 0x68, 0x00, 0x00, 0x00, 0xDB, 0xE4, 0xFF, 0xFF, 0x13, 0x00, 0x00, 0x00, 0x74, 0x00, 0x00, 0x00
	.byte 0xD8, 0xE4, 0xFF, 0xFF, 0x13, 0x00, 0x00, 0x00, 0x6F, 0x00, 0x00, 0x00, 0xD5, 0xE4, 0xFF, 0xFF
	.byte 0x13, 0x00, 0x00, 0x00, 0x7A, 0x00, 0x00, 0x00, 0xD2, 0xE4, 0xFF, 0xFF, 0x4D, 0x00, 0x00, 0x00
	.byte 0x17, 0x00, 0x00, 0x00, 0xB3, 0x01, 0x00, 0x00, 0x1D, 0x00, 0x00, 0x00, 0x53, 0x00, 0x00, 0x00
	.byte 0x02, 0x00, 0x00, 0x00, 0x1F, 0x00, 0x00, 0x00, 0x13, 0x00, 0x00, 0x00, 0x01, 0x00, 0x00, 0x00
	.byte 0x02, 0x00, 0x00, 0x00, 0x4C, 0x00, 0x00, 0x00, 0x0A, 0x00, 0x00, 0x00, 0x04, 0x00, 0x00, 0x00
	.byte 0xFF, 0xFF, 0xFF, 0xFF, 0x52, 0x00, 0x00, 0x00, 0x02, 0x00, 0x00, 0x00, 0x04, 0x00, 0x00, 0x00
	.byte 0x13, 0x00, 0x00, 0x00, 0x00, 0x00, 0x00, 0x00, 0x02, 0x00, 0x00, 0x00, 0x04, 0x00, 0x00, 0x00
	.byte 0xF8, 0xFF, 0xFF, 0xFF, 0x53, 0x00, 0x00, 0x00, 0x03, 0x00, 0x00, 0x00, 0x1F, 0x00, 0x00, 0x00
	.byte 0x13, 0x00, 0x00, 0x00, 0x01, 0x00, 0x00, 0x00, 0xAA, 0xE4, 0xFF, 0xFF, 0x17, 0x00, 0x00, 0x00
	.byte 0xB3, 0x01, 0x00, 0x00, 0x02, 0x00, 0x00, 0x00, 0x4C, 0x00, 0x00, 0x00, 0x20, 0x00, 0x00, 0x00
	.byte 0x53, 0x00, 0x00, 0x00, 0x03, 0x00, 0x00, 0x00, 0x4E, 0x00, 0x00, 0x00, 0x13, 0x00, 0x00, 0x00
	.byte 0x01, 0x00, 0x00, 0x00, 0xAE, 0xE4, 0xFF, 0xFF, 0x53, 0x00, 0x00, 0x00, 0x03, 0x00, 0x00, 0x00
	.byte 0x0A, 0x00, 0x00, 0x00, 0x13, 0x00, 0x00, 0x00, 0x01, 0x00, 0x00, 0x00, 0xA8, 0xE4, 0xFF, 0xFF
	.byte 0x52, 0x00, 0x00, 0x00, 0x03, 0x00, 0x00, 0x00, 0x0B, 0x00, 0x00, 0x00, 0x13, 0x00, 0x00, 0x00
	.byte 0x01, 0x00, 0x00, 0x00, 0x93, 0xE4, 0xFF, 0xFF, 0x52, 0x00, 0x00, 0x00, 0x03, 0x00, 0x00, 0x00
	.byte 0x02, 0x00, 0x00, 0x00, 0x13, 0x00, 0x00, 0x00, 0x01, 0x00, 0x00, 0x00, 0x8D, 0xE4, 0xFF, 0xFF
	.byte 0x52, 0x00, 0x00, 0x00, 0x03, 0x00, 0x00, 0x00, 0x04, 0x00, 0x00, 0x00, 0x13, 0x00, 0x00, 0x00
	.byte 0x01, 0x00, 0x00, 0x00, 0x96, 0xE4, 0xFF, 0xFF, 0x04, 0x00, 0x00, 0x00, 0xFD, 0xFF, 0xFF, 0xFF
	.byte 0x4D, 0x00, 0x00, 0x00, 0x17, 0x00, 0x00, 0x00, 0x39, 0x00, 0x00, 0x00, 0x13, 0x00, 0x00, 0x00
	.byte 0x53, 0x00, 0x00, 0x00, 0x02, 0x00, 0x00, 0x00, 0x72, 0x00, 0x00, 0x00, 0x13, 0x00, 0x00, 0x00
	.byte 0x00, 0x00, 0x00, 0x00, 0x02, 0x00, 0x00, 0x00, 0x04, 0x00, 0x00, 0x00, 0xFF, 0xFF, 0xFF, 0xFF
	.byte 0x53, 0x00, 0x00, 0x00, 0x03, 0x00, 0x00, 0x00, 0x72, 0x00, 0x00, 0x00, 0x13, 0x00, 0x00, 0x00
	.byte 0x01, 0x00, 0x00, 0x00, 0x73, 0xE4, 0xFF, 0xFF, 0x17, 0x00, 0x00, 0x00, 0x39, 0x00, 0x00, 0x00
	.byte 0x02, 0x00, 0x00, 0x00, 0x4C, 0x00, 0x00, 0x00, 0x1A, 0x00, 0x00, 0x00, 0x53, 0x00, 0x00, 0x00
	.byte 0x03, 0x00, 0x00, 0x00, 0x57, 0x00, 0x00, 0x00, 0x13, 0x00, 0x00, 0x00, 0x01, 0x00, 0x00, 0x00
	.byte 0x77, 0xE4, 0xFF, 0xFF, 0x53, 0x00, 0x00, 0x00, 0x03, 0x00, 0x00, 0x00, 0x0B, 0x00, 0x00, 0x00
	.byte 0x13, 0x00, 0x00, 0x00, 0x01, 0x00, 0x00, 0x00, 0x71, 0xE4, 0xFF, 0xFF, 0x52, 0x00, 0x00, 0x00
	.byte 0x03, 0x00, 0x00, 0x00, 0x04, 0x00, 0x00, 0x00, 0x13, 0x00, 0x00, 0x00, 0x01, 0x00, 0x00, 0x00
	.byte 0x5C, 0xE4, 0xFF, 0xFF, 0x52, 0x00, 0x00, 0x00, 0x03, 0x00, 0x00, 0x00, 0x0A, 0x00, 0x00, 0x00
	.byte 0x13, 0x00, 0x00, 0x00, 0x01, 0x00, 0x00, 0x00, 0x56, 0xE4, 0xFF, 0xFF, 0x04, 0x00, 0x00, 0x00
	.byte 0xFD, 0xFF, 0xFF, 0xFF, 0x4D, 0x00, 0x00, 0x00, 0x54, 0x00, 0x00, 0x00, 0x01, 0x00, 0x00, 0x00
	.byte 0x02, 0x00, 0x00, 0x00, 0x4C, 0x00, 0x00, 0x00, 0x02, 0x00, 0x00, 0x00, 0x04, 0x00, 0x00, 0x00
	.byte 0x01, 0x00, 0x00, 0x00, 0x17, 0x00, 0x00, 0x00, 0xB4, 0x01, 0x00, 0x00, 0x02, 0x00, 0x00, 0x00
	.byte 0x4C, 0x00, 0x00, 0x00, 0x26, 0x00, 0x00, 0x00, 0x53, 0x00, 0x00, 0x00, 0x03, 0x00, 0x00, 0x00
	.byte 0x57, 0x00, 0x00, 0x00, 0x13, 0x00, 0x00, 0x00, 0x01, 0x00, 0x00, 0x00, 0x35, 0xE4, 0xFF, 0xFF
	.byte 0x53, 0x00, 0x00, 0x00, 0x03, 0x00, 0x00, 0x00, 0x12, 0x00, 0x00, 0x00, 0x13, 0x00, 0x00, 0x00
	.byte 0x01, 0x00, 0x00, 0x00, 0x4A, 0xE4, 0xFF, 0xFF, 0x52, 0x00, 0x00, 0x00, 0x03, 0x00, 0x00, 0x00
	.byte 0x0C, 0x00, 0x00, 0x00, 0x13, 0x00, 0x00, 0x00, 0x01, 0x00, 0x00, 0x00, 0x35, 0xE4, 0xFF, 0xFF
	.byte 0x52, 0x00, 0x00, 0x00, 0x03, 0x00, 0x00, 0x00, 0x08, 0x00, 0x00, 0x00, 0x13, 0x00, 0x00, 0x00
	.byte 0x01, 0x00, 0x00, 0x00, 0x2F, 0xE4, 0xFF, 0xFF, 0x52, 0x00, 0x00, 0x00, 0x03, 0x00, 0x00, 0x00
	.byte 0x0F, 0x00, 0x00, 0x00, 0x13, 0x00, 0x00, 0x00, 0x01, 0x00, 0x00, 0x00, 0x29, 0xE4, 0xFF, 0xFF
	.byte 0x52, 0x00, 0x00, 0x00, 0x03, 0x00, 0x00, 0x00, 0x06, 0x00, 0x00, 0x00, 0x13, 0x00, 0x00, 0x00
	.byte 0x01, 0x00, 0x00, 0x00, 0x23, 0xE4, 0xFF, 0xFF, 0x04, 0x00, 0x00, 0x00, 0xFD, 0xFF, 0xFF, 0xFF
	.byte 0x4D, 0x00, 0x00, 0x00, 0x6A, 0x00, 0x00, 0x00, 0x03, 0x00, 0x00, 0x00, 0x0A, 0x02, 0x00, 0x00
	.byte 0x20, 0x00, 0x00, 0x00, 0x00, 0x00, 0x00, 0x00, 0x13, 0x00, 0x00, 0x00, 0x00, 0x00, 0x00, 0x00
	.byte 0x87, 0x00, 0x00, 0x00, 0x1E, 0x00, 0x00, 0x00, 0x04, 0x00, 0x00, 0x00, 0x13, 0x00, 0x00, 0x00
	.byte 0x0A, 0x00, 0x00, 0x00, 0x0B, 0x00, 0x00, 0x00, 0x13, 0x00, 0x00, 0x00, 0x0D, 0x00, 0x00, 0x00
	.byte 0x15, 0x00, 0x00, 0x00, 0x13, 0x00, 0x00, 0x00, 0x0B, 0x00, 0x00, 0x00, 0x4C, 0x00, 0x00, 0x00
	.byte 0x17, 0x00, 0x00, 0x00, 0x76, 0x01, 0x00, 0x00, 0x7E, 0x01, 0x00, 0x00, 0x4C, 0x00, 0x00, 0x00
	.byte 0x0E, 0xE4, 0xFF, 0xFF, 0x53, 0x00, 0x00, 0x00, 0x03, 0x00, 0x00, 0x00, 0x12, 0x00, 0x00, 0x00
	.byte 0x13, 0x00, 0x00, 0x00, 0x01, 0x00, 0x00, 0x00, 0x02, 0x00, 0x00, 0x00, 0x4C, 0x00, 0x00, 0x00
	.byte 0xF6, 0xFF, 0xFF, 0xFF, 0x54, 0x00, 0x00, 0x00, 0x03, 0x00, 0x00, 0x00, 0xF3, 0xFF, 0xFF, 0xFF
	.byte 0x4C, 0x00, 0x00, 0x00, 0x0A, 0xE4, 0xFF, 0xFF, 0x53, 0x00, 0x00, 0x00, 0x03, 0x00, 0x00, 0x00
	.byte 0x4E, 0x00, 0x00, 0x00, 0x13, 0x00, 0x00, 0x00, 0x01, 0x00, 0x00, 0x00, 0x08, 0x00, 0x00, 0x00
	.byte 0x53, 0x00, 0x00, 0x00, 0x03, 0x00, 0x00, 0x00, 0x0A, 0x00, 0x00, 0x00, 0x13, 0x00, 0x00, 0x00
	.byte 0x01, 0x00, 0x00, 0x00, 0x0C, 0x00, 0x00, 0x00, 0x4C, 0x00, 0x00, 0x00, 0xE3, 0xFF, 0xFF, 0xFF
	.byte 0x00, 0x00, 0x00, 0x00, 0xA0, 0x00, 0x00, 0x00, 0x28, 0x00, 0x00, 0x00, 0x33, 0x00, 0x00, 0x00
	.byte 0x03, 0x00, 0x00, 0x00, 0x03, 0x00, 0x00, 0x00, 0x0C, 0x00, 0x00, 0x00, 0xDB, 0xFF, 0xFF, 0xFF
	.byte 0x4C, 0x00, 0x00, 0x00, 0xF2, 0xE3, 0xFF, 0xFF, 0x07, 0x00, 0x00, 0x00, 0x03, 0x00, 0x00, 0x00
	.byte 0x64, 0x00, 0x00, 0x00, 0xDF, 0xE3, 0xFF, 0xFF, 0x06, 0x00, 0x00, 0x00, 0x03, 0x00, 0x00, 0x00
	.byte 0x5A, 0x00, 0x00, 0x00, 0x19, 0x00, 0x00, 0x00, 0x06, 0x00, 0x00, 0x00, 0x03, 0x00, 0x00, 0x00
	.byte 0x4B, 0x00, 0x00, 0x00, 0x06, 0x00, 0x00, 0x00, 0x06, 0x00, 0x00, 0x00, 0x03, 0x00, 0x00, 0x00
	.byte 0x32, 0x00, 0x00, 0x00, 0x07, 0x00, 0x00, 0x00, 0x4C, 0x00, 0x00, 0x00, 0x0A, 0x00, 0x00, 0x00
	.byte 0x00, 0x00, 0x00, 0x00, 0x40, 0x00, 0x00, 0x00, 0xDD, 0xE3, 0xFF, 0xFF, 0x4C, 0x00, 0x00, 0x00
	.byte 0x0A, 0x00, 0x00, 0x00, 0x00, 0x00, 0x00, 0x00, 0x80, 0x00, 0x00, 0x00, 0xD8, 0xE3, 0xFF, 0xFF
	.byte 0x4C, 0x00, 0x00, 0x00, 0x05, 0x00, 0x00, 0x00, 0x00, 0x00, 0x00, 0x00, 0xC0, 0x00, 0x00, 0x00
	.byte 0xD3, 0xE3, 0xFF, 0xFF, 0x4C, 0x00, 0x00, 0x00, 0x00, 0x00, 0x00, 0x00, 0x4D, 0x00, 0x00, 0x00
	.byte 0x53, 0x00, 0x00, 0x00, 0x03, 0x00, 0x00, 0x00, 0x0B, 0x00, 0x00, 0x00, 0x13, 0x00, 0x00, 0x00
	.byte 0x01, 0x00, 0x00, 0x00, 0x08, 0x00, 0x00, 0x00, 0x53, 0x00, 0x00, 0x00, 0x03, 0x00, 0x00, 0x00
	.byte 0x57, 0x00, 0x00, 0x00, 0x13, 0x00, 0x00, 0x00, 0x01, 0x00, 0x00, 0x00, 0x02, 0x00, 0x00, 0x00
	.byte 0x4C, 0x00, 0x00, 0x00, 0xA9, 0xFF, 0xFF, 0xFF, 0x07, 0x00, 0x00, 0x00, 0x03, 0x00, 0x00, 0x00
	.byte 0x64, 0x00, 0x00, 0x00, 0xAF, 0xE3, 0xFF, 0xFF, 0x06, 0x00, 0x00, 0x00, 0x03, 0x00, 0x00, 0x00
	.byte 0x5A, 0x00, 0x00, 0x00, 0x19, 0x00, 0x00, 0x00, 0x06, 0x00, 0x00, 0x00, 0x03, 0x00, 0x00, 0x00
	.byte 0x4B, 0x00, 0x00, 0x00, 0x06, 0x00, 0x00, 0x00, 0x06, 0x00, 0x00, 0x00, 0x03, 0x00, 0x00, 0x00
	.byte 0x32, 0x00, 0x00, 0x00, 0x07, 0x00, 0x00, 0x00, 0x4C, 0x00, 0x00, 0x00, 0x0A, 0x00, 0x00, 0x00
	.byte 0x00, 0x00, 0x00, 0x00, 0x40, 0x00, 0x00, 0x00, 0xAD, 0xE3, 0xFF, 0xFF, 0x4C, 0x00, 0x00, 0x00
	.byte 0x0A, 0x00, 0x00, 0x00, 0x00, 0x00, 0x00, 0x00, 0x80, 0x00, 0x00, 0x00, 0xA8, 0xE3, 0xFF, 0xFF
	.byte 0x4C, 0x00, 0x00, 0x00, 0x05, 0x00, 0x00, 0x00, 0x00, 0x00, 0x00, 0x00, 0xC0, 0x00, 0x00, 0x00
	.byte 0xA3, 0xE3, 0xFF, 0xFF, 0x4C, 0x00, 0x00, 0x00, 0x00, 0x00, 0x00, 0x00, 0x4D, 0x00, 0x00, 0x00
	.byte 0x17, 0x00, 0x00, 0x00, 0x1D, 0x01, 0x00, 0x00, 0x20, 0x00, 0x00, 0x00, 0x17, 0x00, 0x00, 0x00
	.byte 0x05, 0x01, 0x00, 0x00, 0x84, 0x00, 0x00, 0x00, 0x17, 0x00, 0x00, 0x00, 0x56, 0x00, 0x00, 0x00
	.byte 0xA9, 0x00, 0x00, 0x00, 0x2F, 0x00, 0x00, 0x00, 0x21, 0x00, 0x00, 0x00, 0xBE, 0x00, 0x00, 0x00
	.byte 0x2F, 0x00, 0x00, 0x00, 0x42, 0x00, 0x00, 0x00, 0xBB, 0x00, 0x00, 0x00, 0x17, 0x00, 0x00, 0x00
	.byte 0x0E, 0x01, 0x00, 0x00, 0xCC, 0x00, 0x00, 0x00, 0x17, 0x00, 0x00, 0x00, 0xCF, 0x00, 0x00, 0x00
	.byte 0xDE, 0x00, 0x00, 0x00, 0x17, 0x00, 0x00, 0x00, 0x0F, 0x01, 0x00, 0x00, 0xED, 0x00, 0x00, 0x00
	.byte 0x17, 0x00, 0x00, 0x00, 0x9F, 0x01, 0x00, 0x00, 0xEA, 0x00, 0x00, 0x00, 0x17, 0x00, 0x00, 0x00
	.byte 0x7C, 0x01, 0x00, 0x00, 0xE8, 0x00, 0x00, 0x00, 0x17, 0x00, 0x00, 0x00, 0x6F, 0x01, 0x00, 0x00
	.byte 0xFA, 0x00, 0x00, 0x00, 0x4C, 0x00, 0x00, 0x00, 0x5B, 0x01, 0x00, 0x00, 0x29, 0x00, 0x00, 0x00
	.byte 0x00, 0x00, 0x00, 0x00, 0x13, 0x00, 0x00, 0x00, 0x36, 0x00, 0x00, 0x00, 0x7E, 0xE3, 0xFF, 0xFF
	.byte 0x13, 0x00, 0x00, 0x00, 0x70, 0x00, 0x00, 0x00, 0x7B, 0xE3, 0xFF, 0xFF, 0x29, 0x00, 0x00, 0x00
	.byte 0x01, 0x00, 0x00, 0x00, 0x14, 0x00, 0x00, 0x00, 0x1A, 0x00, 0x00, 0x00, 0x14, 0x00, 0x00, 0x00
	.byte 0x29, 0x00, 0x00, 0x00, 0x00, 0x00, 0x00, 0x00, 0x13, 0x00, 0x00, 0x00, 0x1A, 0x00, 0x00, 0x00
	.byte 0x49, 0x01, 0x00, 0x00, 0x1E, 0x00, 0x00, 0x00, 0x00, 0x00, 0x00, 0x00, 0x14, 0x00, 0x00, 0x00
	.byte 0x0D, 0x00, 0x00, 0x00, 0x0A, 0x00, 0x00, 0x00, 0x04, 0x00, 0x00, 0x00, 0x01, 0x00, 0x00, 0x00
	.byte 0x1E, 0x00, 0x00, 0x00, 0x02, 0x00, 0x00, 0x00, 0x14, 0x00, 0x00, 0x00, 0x0D, 0x00, 0x00, 0x00
	.byte 0x03, 0x00, 0x00, 0x00, 0x04, 0x00, 0x00, 0x00, 0x01, 0x00, 0x00, 0x00, 0x4D, 0x00, 0x00, 0x00
	.byte 0x29, 0x00, 0x00, 0x00, 0x01, 0x00, 0x00, 0x00, 0x13, 0x00, 0x00, 0x00, 0x0E, 0x00, 0x00, 0x00
	.byte 0x05, 0x00, 0x00, 0x00, 0x13, 0x00, 0x00, 0x00, 0x63, 0x00, 0x00, 0x00, 0x02, 0x00, 0x00, 0x00
	.byte 0x4C, 0x00, 0x00, 0x00, 0x30, 0x01, 0x00, 0x00, 0x37, 0x00, 0x00, 0x00, 0x03, 0x00, 0x00, 0x00
	.byte 0x7E, 0x00, 0x00, 0x00, 0x36, 0x00, 0x00, 0x00, 0x37, 0x00, 0x00, 0x00, 0x03, 0x00, 0x00, 0x00
	.byte 0x57, 0x00, 0x00, 0x00, 0x32, 0x00, 0x00, 0x00, 0x37, 0x00, 0x00, 0x00, 0x03, 0x00, 0x00, 0x00
	.byte 0xEE, 0x00, 0x00, 0x00, 0x2E, 0x00, 0x00, 0x00, 0x37, 0x00, 0x00, 0x00, 0x03, 0x00, 0x00, 0x00
	.byte 0x38, 0x00, 0x00, 0x00, 0x2A, 0x00, 0x00, 0x00, 0x37, 0x00, 0x00, 0x00, 0x03, 0x00, 0x00, 0x00
	.byte 0xDF, 0x00, 0x00, 0x00, 0x26, 0x00, 0x00, 0x00, 0x37, 0x00, 0x00, 0x00, 0x03, 0x00, 0x00, 0x00
	.byte 0x3B, 0x00, 0x00, 0x00, 0x22, 0x00, 0x00, 0x00, 0x37, 0x00, 0x00, 0x00, 0x03, 0x00, 0x00, 0x00
	.byte 0xC0, 0x00, 0x00, 0x00, 0x1E, 0x00, 0x00, 0x00, 0x37, 0x00, 0x00, 0x00, 0x03, 0x00, 0x00, 0x00
	.byte 0xE0, 0x00, 0x00, 0x00, 0x1A, 0x00, 0x00, 0x00, 0x37, 0x00, 0x00, 0x00, 0x03, 0x00, 0x00, 0x00
	.byte 0x9B, 0x01, 0x00, 0x00, 0x16, 0x00, 0x00, 0x00, 0x37, 0x00, 0x00, 0x00, 0x03, 0x00, 0x00, 0x00
	.byte 0xB9, 0x01, 0x00, 0x00, 0x12, 0x00, 0x00, 0x00, 0x37, 0x00, 0x00, 0x00, 0x03, 0x00, 0x00, 0x00
	.byte 0xCF, 0x01, 0x00, 0x00, 0x0E, 0x00, 0x00, 0x00, 0x37, 0x00, 0x00, 0x00, 0x03, 0x00, 0x00, 0x00
	.byte 0xB6, 0x01, 0x00, 0x00, 0x0A, 0x00, 0x00, 0x00, 0x37, 0x00, 0x00, 0x00, 0x03, 0x00, 0x00, 0x00
	.byte 0xD1, 0x01, 0x00, 0x00, 0x06, 0x00, 0x00, 0x00, 0x37, 0x00, 0x00, 0x00, 0x03, 0x00, 0x00, 0x00
	.byte 0xC9, 0x01, 0x00, 0x00, 0x02, 0x00, 0x00, 0x00, 0x4C, 0x00, 0x00, 0x00, 0xF6, 0x00, 0x00, 0x00
	.byte 0x4C, 0x00, 0x00, 0x00, 0x16, 0xE3, 0xFF, 0xFF, 0x53, 0x00, 0x00, 0x00, 0x03, 0x00, 0x00, 0x00
	.byte 0x12, 0x00, 0x00, 0x00, 0x13, 0x00, 0x00, 0x00, 0x01, 0x00, 0x00, 0x00, 0xF9, 0xFE, 0xFF, 0xFF
	.byte 0x53, 0x00, 0x00, 0x00, 0x03, 0x00, 0x00, 0x00, 0x3E, 0x00, 0x00, 0x00, 0x14, 0x00, 0x00, 0x00
	.byte 0x01, 0x00, 0x00, 0x00, 0xE8, 0x00, 0x00, 0x00, 0x09, 0x00, 0x00, 0x00, 0x03, 0x00, 0x00, 0x00
	.byte 0xFF, 0x00, 0x00, 0x00, 0xE4, 0x00, 0x00, 0x00, 0x1E, 0x00, 0x00, 0x00, 0x00, 0x00, 0x00, 0x00
	.byte 0x13, 0x00, 0x00, 0x00, 0x0A, 0x00, 0x00, 0x00, 0xDF, 0x00, 0x00, 0x00, 0x1E, 0x00, 0x00, 0x00
	.byte 0x02, 0x00, 0x00, 0x00, 0x13, 0x00, 0x00, 0x00, 0x0A, 0x00, 0x00, 0x00, 0xDA, 0x00, 0x00, 0x00
	.byte 0x55, 0x00, 0x00, 0x00, 0x03, 0x00, 0x00, 0x00, 0x11, 0x01, 0x00, 0x00, 0xD6, 0x00, 0x00, 0x00
	.byte 0x55, 0x00, 0x00, 0x00, 0x03, 0x00, 0x00, 0x00, 0x10, 0x01, 0x00, 0x00, 0xD2, 0x00, 0x00, 0x00
	.byte 0x05, 0x00, 0x00, 0x00, 0x03, 0x00, 0x00, 0x00, 0x51, 0x00, 0x00, 0x00, 0xCE, 0x00, 0x00, 0x00
	.byte 0x4C, 0x00, 0x00, 0x00, 0xF1, 0xE2, 0xFF, 0xFF, 0x1E, 0x00, 0x00, 0x00, 0x00, 0x00, 0x00, 0x00
	.byte 0x13, 0x00, 0x00, 0x00, 0x04, 0x00, 0x00, 0x00, 0xC7, 0x00, 0x00, 0x00, 0x1E, 0x00, 0x00, 0x00
	.byte 0x02, 0x00, 0x00, 0x00, 0x13, 0x00, 0x00, 0x00, 0x04, 0x00, 0x00, 0x00, 0xC2, 0x00, 0x00, 0x00
	.byte 0x53, 0x00, 0x00, 0x00, 0x03, 0x00, 0x00, 0x00, 0x4E, 0x00, 0x00, 0x00, 0x13, 0x00, 0x00, 0x00
	.byte 0x01, 0x00, 0x00, 0x00, 0xD4, 0xFE, 0xFF, 0xFF, 0x53, 0x00, 0x00, 0x00, 0x03, 0x00, 0x00, 0x00
	.byte 0x0A, 0x00, 0x00, 0x00, 0x13, 0x00, 0x00, 0x00, 0x01, 0x00, 0x00, 0x00, 0xCE, 0xFE, 0xFF, 0xFF
	.byte 0x4C, 0x00, 0x00, 0x00, 0xB4, 0x00, 0x00, 0x00, 0x53, 0x00, 0x00, 0x00, 0x03, 0x00, 0x00, 0x00
	.byte 0x5A, 0x00, 0x00, 0x00, 0x14, 0x00, 0x00, 0x00, 0x01, 0x00, 0x00, 0x00, 0xAE, 0x00, 0x00, 0x00
	.byte 0x09, 0x00, 0x00, 0x00, 0x00, 0x00, 0x00, 0x00, 0xFF, 0x00, 0x00, 0x00, 0xAA, 0x00, 0x00, 0x00
	.byte 0x55, 0x00, 0x00, 0x00, 0x03, 0x00, 0x00, 0x00, 0x10, 0x01, 0x00, 0x00, 0xA6, 0x00, 0x00, 0x00
	.byte 0x06, 0x00, 0x00, 0x00, 0x03, 0x00, 0x00, 0x00, 0x5B, 0x00, 0x00, 0x00, 0xA2, 0x00, 0x00, 0x00
	.byte 0x4C, 0x00, 0x00, 0x00, 0xC5, 0xE2, 0xFF, 0xFF, 0x07, 0x00, 0x00, 0x00, 0x03, 0x00, 0x00, 0x00
	.byte 0x00, 0x00, 0x00, 0x00, 0xB5, 0xE2, 0xFF, 0xFF, 0x06, 0x00, 0x00, 0x00, 0x03, 0x00, 0x00, 0x00
	.byte 0x32, 0x00, 0x00, 0x00, 0x07, 0x00, 0x00, 0x00, 0x5F, 0x00, 0x00, 0x00, 0x03, 0x00, 0x00, 0x00
	.byte 0x11, 0x00, 0x00, 0x00, 0x01, 0x00, 0x00, 0x00, 0x02, 0x00, 0x00, 0x00, 0x4C, 0x00, 0x00, 0x00
	.byte 0x05, 0x00, 0x00, 0x00, 0x00, 0x00, 0x00, 0x00, 0x40, 0x00, 0x00, 0x00, 0x8F, 0xE2, 0xFF, 0xFF
	.byte 0x04, 0x00, 0x00, 0x00, 0x02, 0x00, 0x00, 0x00, 0x4D, 0x00, 0x00, 0x00, 0x55, 0x00, 0x00, 0x00
	.byte 0x00, 0x00, 0x00, 0x00, 0x9C, 0x00, 0x00, 0x00, 0x06, 0x00, 0x00, 0x00, 0x55, 0x00, 0x00, 0x00
	.byte 0x00, 0x00, 0x00, 0x00, 0x9D, 0x00, 0x00, 0x00, 0x02, 0x00, 0x00, 0x00, 0x4C, 0x00, 0x00, 0x00
	.byte 0x81, 0x00, 0x00, 0x00, 0x32, 0x00, 0x00, 0x00, 0x00, 0x00, 0x00, 0x00, 0x01, 0x00, 0x00, 0x00
	.byte 0x07, 0x00, 0x00, 0x00, 0x02, 0x00, 0x00, 0x00, 0x04, 0x00, 0x00, 0x00, 0x03, 0x00, 0x00, 0x00
	.byte 0x4D, 0x00, 0x00, 0x00, 0x4D, 0x00, 0x00, 0x00, 0x0D, 0x00, 0x00, 0x00, 0x03, 0x00, 0x00, 0x00
	.byte 0x00, 0x00, 0x20, 0x00, 0x74, 0x00, 0x00, 0x00, 0x53, 0x00, 0x00, 0x00, 0x03, 0x00, 0x00, 0x00
	.byte 0x36, 0x00, 0x00, 0x00, 0x13, 0x00, 0x00, 0x00, 0x01, 0x00, 0x00, 0x00, 0x08, 0x00, 0x00, 0x00
	.byte 0x53, 0x00, 0x00, 0x00, 0x03, 0x00, 0x00, 0x00, 0x70, 0x00, 0x00, 0x00, 0x13, 0x00, 0x00, 0x00
	.byte 0x01, 0x00, 0x00, 0x00, 0x02, 0x00, 0x00, 0x00, 0x4C, 0x00, 0x00, 0x00, 0x02, 0x00, 0x00, 0x00
	.byte 0x04, 0x00, 0x00, 0x00, 0x05, 0x00, 0x00, 0x00, 0x4D, 0x00, 0x00, 0x00, 0x53, 0x00, 0x00, 0x00
	.byte 0x03, 0x00, 0x00, 0x00, 0x56, 0x00, 0x00, 0x00, 0x13, 0x00, 0x00, 0x00, 0x01, 0x00, 0x00, 0x00
	.byte 0x25, 0x00, 0x00, 0x00, 0x33, 0x00, 0x00, 0x00, 0x03, 0x00, 0x00, 0x00, 0x01, 0x00, 0x00, 0x00
	.byte 0x0C, 0x00, 0x00, 0x00, 0x58, 0x00, 0x00, 0x00, 0x33, 0x00, 0x00, 0x00, 0x03, 0x00, 0x00, 0x00
	.byte 0x02, 0x00, 0x00, 0x00, 0x0C, 0x00, 0x00, 0x00, 0x53, 0x00, 0x00, 0x00, 0x33, 0x00, 0x00, 0x00
	.byte 0x03, 0x00, 0x00, 0x00, 0x03, 0x00, 0x00, 0x00, 0x0C, 0x00, 0x00, 0x00, 0x4E, 0x00, 0x00, 0x00
	.byte 0x33, 0x00, 0x00, 0x00, 0x03, 0x00, 0x00, 0x00, 0x04, 0x00, 0x00, 0x00, 0x0C, 0x00, 0x00, 0x00
	.byte 0x49, 0x00, 0x00, 0x00, 0x33, 0x00, 0x00, 0x00, 0x03, 0x00, 0x00, 0x00, 0x05, 0x00, 0x00, 0x00
	.byte 0x0C, 0x00, 0x00, 0x00, 0x44, 0x00, 0x00, 0x00, 0x33, 0x00, 0x00, 0x00, 0x03, 0x00, 0x00, 0x00
	.byte 0x07, 0x00, 0x00, 0x00, 0x0C, 0x00, 0x00, 0x00, 0x3F, 0x00, 0x00, 0x00, 0x33, 0x00, 0x00, 0x00
	.byte 0x03, 0x00, 0x00, 0x00, 0x06, 0x00, 0x00, 0x00, 0x0C, 0x00, 0x00, 0x00, 0x3A, 0x00, 0x00, 0x00
	.byte 0x4C, 0x00, 0x00, 0x00, 0x23, 0x00, 0x00, 0x00, 0x32, 0x00, 0x00, 0x00, 0x03, 0x00, 0x00, 0x00
	.byte 0x01, 0x00, 0x00, 0x00, 0x08, 0x00, 0x00, 0x00, 0x46, 0xE2, 0xFF, 0xFF, 0x32, 0x00, 0x00, 0x00
	.byte 0x03, 0x00, 0x00, 0x00, 0x02, 0x00, 0x00, 0x00, 0x08, 0x00, 0x00, 0x00, 0x41, 0xE2, 0xFF, 0xFF
	.byte 0x32, 0x00, 0x00, 0x00, 0x03, 0x00, 0x00, 0x00, 0x03, 0x00, 0x00, 0x00, 0x08, 0x00, 0x00, 0x00
	.byte 0x3C, 0xE2, 0xFF, 0xFF, 0x32, 0x00, 0x00, 0x00, 0x03, 0x00, 0x00, 0x00, 0x04, 0x00, 0x00, 0x00
	.byte 0x08, 0x00, 0x00, 0x00, 0x37, 0xE2, 0xFF, 0xFF, 0x32, 0x00, 0x00, 0x00, 0x03, 0x00, 0x00, 0x00
	.byte 0x05, 0x00, 0x00, 0x00, 0x08, 0x00, 0x00, 0x00, 0x32, 0xE2, 0xFF, 0xFF, 0x32, 0x00, 0x00, 0x00
	.byte 0x03, 0x00, 0x00, 0x00, 0x07, 0x00, 0x00, 0x00, 0x08, 0x00, 0x00, 0x00, 0x2D, 0xE2, 0xFF, 0xFF
	.byte 0x32, 0x00, 0x00, 0x00, 0x03, 0x00, 0x00, 0x00, 0x06, 0x00, 0x00, 0x00, 0x08, 0x00, 0x00, 0x00
	.byte 0x28, 0xE2, 0xFF, 0xFF, 0x05, 0x00, 0x00, 0x00, 0x03, 0x00, 0x00, 0x00, 0x33, 0x00, 0x00, 0x00
	.byte 0x0E, 0x00, 0x00, 0x00, 0x06, 0x00, 0x00, 0x00, 0x03, 0x00, 0x00, 0x00, 0x5A, 0x00, 0x00, 0x00
	.byte 0x03, 0x00, 0x00, 0x00, 0x00, 0x00, 0x00, 0x00, 0x80, 0x00, 0x00, 0x00, 0x09, 0x00, 0x00, 0x00
	.byte 0x00, 0x00, 0x00, 0x00, 0x50, 0x00, 0x00, 0x00, 0x06, 0x00, 0x00, 0x00, 0x04, 0x00, 0x00, 0x00
	.byte 0x02, 0x00, 0x00, 0x00, 0x4C, 0x00, 0x00, 0x00, 0x02, 0x00, 0x00, 0x00, 0x04, 0x00, 0x00, 0x00
	.byte 0xFF, 0xFF, 0xFF, 0xFF, 0x4D, 0x00, 0x00, 0x00, 0x04, 0x00, 0x00, 0x00, 0xE2, 0xFF, 0xFF, 0xFF
	.byte 0x4D, 0x00, 0x00, 0x00, 0x51, 0x00, 0x00, 0x00, 0xEE, 0xFD, 0xFF, 0xFF, 0x06, 0x00, 0x00, 0x00
	.byte 0x01, 0x00, 0x00, 0x00, 0x46, 0x00, 0x00, 0x00, 0x0A, 0x00, 0x00, 0x00, 0x06, 0x00, 0x00, 0x00
	.byte 0x01, 0x00, 0x00, 0x00, 0x1E, 0x00, 0x00, 0x00, 0x0C, 0x00, 0x00, 0x00, 0x28, 0x00, 0x00, 0x00
	.byte 0x19, 0x00, 0x00, 0x00, 0x6F, 0x00, 0x00, 0x00, 0x0E, 0x00, 0x00, 0x00, 0x4C, 0x00, 0x00, 0x00
	.byte 0x11, 0x00, 0x00, 0x00, 0x28, 0x00, 0x00, 0x00, 0x19, 0x00, 0x00, 0x00, 0x2D, 0x00, 0x00, 0x00
	.byte 0x08, 0x00, 0x00, 0x00, 0x4C, 0x00, 0x00, 0x00, 0x0B, 0x00, 0x00, 0x00, 0x28, 0x00, 0x00, 0x00
	.byte 0x19, 0x00, 0x00, 0x00, 0x34, 0x00, 0x00, 0x00, 0x02, 0x00, 0x00, 0x00, 0x4C, 0x00, 0x00, 0x00
	.byte 0x05, 0x00, 0x00, 0x00, 0x00, 0x00, 0x00, 0x00, 0x32, 0x00, 0x00, 0x00, 0x02, 0x00, 0x00, 0x00
	.byte 0x04, 0x00, 0x00, 0x00, 0xFE, 0xFF, 0xFF, 0xFF, 0x06, 0x00, 0x00, 0x00, 0x00, 0x00, 0x00, 0x00
	.byte 0x46, 0x00, 0x00, 0x00, 0x0A, 0x00, 0x00, 0x00, 0x06, 0x00, 0x00, 0x00, 0x00, 0x00, 0x00, 0x00
	.byte 0x1E, 0x00, 0x00, 0x00, 0x0C, 0x00, 0x00, 0x00, 0x28, 0x00, 0x00, 0x00, 0x19, 0x00, 0x00, 0x00
	.byte 0xB0, 0x00, 0x00, 0x00, 0x0E, 0x00, 0x00, 0x00, 0x4C, 0x00, 0x00, 0x00, 0x11, 0x00, 0x00, 0x00
	.byte 0x28, 0x00, 0x00, 0x00, 0x19, 0x00, 0x00, 0x00, 0x7E, 0x00, 0x00, 0x00, 0x08, 0x00, 0x00, 0x00
	.byte 0x4C, 0x00, 0x00, 0x00, 0x0B, 0x00, 0x00, 0x00, 0x28, 0x00, 0x00, 0x00, 0x19, 0x00, 0x00, 0x00
	.byte 0x79, 0x00, 0x00, 0x00, 0x02, 0x00, 0x00, 0x00, 0x4C, 0x00, 0x00, 0x00, 0x05, 0x00, 0x00, 0x00
	.byte 0x00, 0x00, 0x00, 0x00, 0x32, 0x00, 0x00, 0x00, 0x02, 0x00, 0x00, 0x00, 0x04, 0x00, 0x00, 0x00
	.byte 0xFE, 0xFF, 0xFF, 0xFF, 0x4D, 0x00, 0x00, 0x00, 0x07, 0x00, 0x00, 0x00, 0x20, 0x00, 0x00, 0x00
	.byte 0x25, 0x00, 0x00, 0x00, 0x62, 0x00, 0x00, 0x00, 0x63, 0x00, 0x00, 0x00, 0x74, 0x00, 0x00, 0x00
	.byte 0x84, 0x00, 0x00, 0x00, 0xA8, 0x00, 0x00, 0x00, 0xC2, 0x00, 0x00, 0x00, 0xD6, 0x00, 0x00, 0x00
	.byte 0xDC, 0x00, 0x00, 0x00, 0x0E, 0x01, 0x00, 0x00, 0xFF, 0xFF, 0xFF, 0xFF, 0x07, 0x00, 0x00, 0x00
	.byte 0x0A, 0x00, 0x00, 0x00, 0x0B, 0x00, 0x00, 0x00, 0x0C, 0x00, 0x00, 0x00, 0x0D, 0x00, 0x00, 0x00
	.byte 0x0E, 0x00, 0x00, 0x00, 0x0F, 0x00, 0x00, 0x00, 0x10, 0x00, 0x00, 0x00, 0x12, 0x00, 0x00, 0x00
	.byte 0x13, 0x00, 0x00, 0x00, 0x14, 0x00, 0x00, 0x00, 0x15, 0x00, 0x00, 0x00, 0x16, 0x00, 0x00, 0x00
	.byte 0x17, 0x00, 0x00, 0x00, 0x18, 0x00, 0x00, 0x00, 0x1A, 0x00, 0x00, 0x00, 0x1E, 0x00, 0x00, 0x00
	.byte 0x23, 0x00, 0x00, 0x00, 0x2E, 0x00, 0x00, 0x00, 0x2F, 0x00, 0x00, 0x00, 0x32, 0x00, 0x00, 0x00
	.byte 0x33, 0x00, 0x00, 0x00, 0x34, 0x00, 0x00, 0x00, 0x35, 0x00, 0x00, 0x00, 0x36, 0x00, 0x00, 0x00
	.byte 0x37, 0x00, 0x00, 0x00, 0x38, 0x00, 0x00, 0x00, 0x3A, 0x00, 0x00, 0x00, 0x3B, 0x00, 0x00, 0x00
	.byte 0x3C, 0x00, 0x00, 0x00, 0x3D, 0x00, 0x00, 0x00, 0x3E, 0x00, 0x00, 0x00, 0x3F, 0x00, 0x00, 0x00
	.byte 0x40, 0x00, 0x00, 0x00, 0x5D, 0x00, 0x00, 0x00, 0x7C, 0x00, 0x00, 0x00, 0x8E, 0x00, 0x00, 0x00
	.byte 0xCD, 0x00, 0x00, 0x00, 0xCE, 0x00, 0x00, 0x00, 0xD0, 0x00, 0x00, 0x00, 0xD3, 0x00, 0x00, 0x00
	.byte 0xD4, 0x00, 0x00, 0x00, 0xF0, 0x00, 0x00, 0x00, 0xF3, 0x00, 0x00, 0x00, 0xF4, 0x00, 0x00, 0x00
	.byte 0x09, 0x01, 0x00, 0x00, 0xFF, 0xFF, 0xFF, 0xFF, 0x0A, 0x00, 0x00, 0x00, 0x0B, 0x00, 0x00, 0x00
	.byte 0x0C, 0x00, 0x00, 0x00, 0x0D, 0x00, 0x00, 0x00, 0x0E, 0x00, 0x00, 0x00, 0x0F, 0x00, 0x00, 0x00
	.byte 0x10, 0x00, 0x00, 0x00, 0x12, 0x00, 0x00, 0x00, 0x13, 0x00, 0x00, 0x00, 0x14, 0x00, 0x00, 0x00
	.byte 0x15, 0x00, 0x00, 0x00, 0x16, 0x00, 0x00, 0x00, 0x17, 0x00, 0x00, 0x00, 0x18, 0x00, 0x00, 0x00
	.byte 0x1A, 0x00, 0x00, 0x00, 0x1E, 0x00, 0x00, 0x00, 0x23, 0x00, 0x00, 0x00, 0x2E, 0x00, 0x00, 0x00
	.byte 0x2F, 0x00, 0x00, 0x00, 0x32, 0x00, 0x00, 0x00, 0x33, 0x00, 0x00, 0x00, 0x34, 0x00, 0x00, 0x00
	.byte 0x35, 0x00, 0x00, 0x00, 0x36, 0x00, 0x00, 0x00, 0x37, 0x00, 0x00, 0x00, 0x38, 0x00, 0x00, 0x00
	.byte 0x3A, 0x00, 0x00, 0x00, 0x3B, 0x00, 0x00, 0x00, 0x3C, 0x00, 0x00, 0x00, 0x3D, 0x00, 0x00, 0x00
	.byte 0x3E, 0x00, 0x00, 0x00, 0x3F, 0x00, 0x00, 0x00, 0x40, 0x00, 0x00, 0x00, 0x51, 0x00, 0x00, 0x00
	.byte 0x5D, 0x00, 0x00, 0x00, 0x5E, 0x00, 0x00, 0x00, 0x7C, 0x00, 0x00, 0x00, 0x8E, 0x00, 0x00, 0x00
	.byte 0x8F, 0x00, 0x00, 0x00, 0x90, 0x00, 0x00, 0x00, 0xBE, 0x00, 0x00, 0x00, 0xCD, 0x00, 0x00, 0x00
	.byte 0xCE, 0x00, 0x00, 0x00, 0xD0, 0x00, 0x00, 0x00, 0xD3, 0x00, 0x00, 0x00, 0xD4, 0x00, 0x00, 0x00
	.byte 0xC9, 0x00, 0x00, 0x00, 0xD2, 0x00, 0x00, 0x00, 0xE2, 0x00, 0x00, 0x00, 0xE3, 0x00, 0x00, 0x00
	.byte 0x09, 0x01, 0x00, 0x00, 0xFF, 0xFF, 0xFF, 0xFF, 0xFF, 0xFF, 0xFF, 0xFF, 0x0A, 0x00, 0x00, 0x00
	.byte 0x0B, 0x00, 0x00, 0x00, 0x0C, 0x00, 0x00, 0x00, 0x0D, 0x00, 0x00, 0x00, 0x0E, 0x00, 0x00, 0x00
	.byte 0x0F, 0x00, 0x00, 0x00, 0x10, 0x00, 0x00, 0x00, 0x12, 0x00, 0x00, 0x00, 0x13, 0x00, 0x00, 0x00
	.byte 0x14, 0x00, 0x00, 0x00, 0x15, 0x00, 0x00, 0x00, 0x16, 0x00, 0x00, 0x00, 0x17, 0x00, 0x00, 0x00
	.byte 0x18, 0x00, 0x00, 0x00, 0x2E, 0x00, 0x00, 0x00, 0x2F, 0x00, 0x00, 0x00, 0x32, 0x00, 0x00, 0x00
	.byte 0x33, 0x00, 0x00, 0x00, 0x34, 0x00, 0x00, 0x00, 0x35, 0x00, 0x00, 0x00, 0x36, 0x00, 0x00, 0x00
	.byte 0x37, 0x00, 0x00, 0x00, 0x38, 0x00, 0x00, 0x00, 0x3A, 0x00, 0x00, 0x00, 0x3B, 0x00, 0x00, 0x00
	.byte 0x3C, 0x00, 0x00, 0x00, 0x3D, 0x00, 0x00, 0x00, 0x3E, 0x00, 0x00, 0x00, 0x3F, 0x00, 0x00, 0x00
	.byte 0x40, 0x00, 0x00, 0x00, 0x42, 0x00, 0x00, 0x00, 0x5B, 0x00, 0x00, 0x00, 0x72, 0x00, 0x00, 0x00
	.byte 0x7C, 0x00, 0x00, 0x00, 0xCD, 0x00, 0x00, 0x00, 0xCE, 0x00, 0x00, 0x00, 0xD0, 0x00, 0x00, 0x00
	.byte 0xD3, 0x00, 0x00, 0x00, 0xD4, 0x00, 0x00, 0x00, 0xE2, 0x00, 0x00, 0x00, 0xED, 0x00, 0x00, 0x00
	.byte 0x09, 0x01, 0x00, 0x00, 0xFF, 0xFF, 0xFF, 0xFF, 0x01, 0x00, 0x00, 0x00, 0x07, 0x00, 0x00, 0x00
	.byte 0x0A, 0x00, 0x00, 0x00, 0x0B, 0x00, 0x00, 0x00, 0x0C, 0x00, 0x00, 0x00, 0x0D, 0x00, 0x00, 0x00
	.byte 0x0E, 0x00, 0x00, 0x00, 0x0F, 0x00, 0x00, 0x00, 0x10, 0x00, 0x00, 0x00, 0x12, 0x00, 0x00, 0x00
	.byte 0x13, 0x00, 0x00, 0x00, 0x14, 0x00, 0x00, 0x00, 0x15, 0x00, 0x00, 0x00, 0x16, 0x00, 0x00, 0x00
	.byte 0x17, 0x00, 0x00, 0x00, 0x18, 0x00, 0x00, 0x00, 0x1A, 0x00, 0x00, 0x00, 0x1E, 0x00, 0x00, 0x00
	.byte 0x21, 0x00, 0x00, 0x00, 0x23, 0x00, 0x00, 0x00, 0x26, 0x00, 0x00, 0x00, 0x28, 0x00, 0x00, 0x00
	.byte 0x28, 0x00, 0x00, 0x00, 0x2E, 0x00, 0x00, 0x00, 0x2F, 0x00, 0x00, 0x00, 0x31, 0x00, 0x00, 0x00
	.byte 0x32, 0x00, 0x00, 0x00, 0x33, 0x00, 0x00, 0x00, 0x34, 0x00, 0x00, 0x00, 0x35, 0x00, 0x00, 0x00
	.byte 0x36, 0x00, 0x00, 0x00, 0x37, 0x00, 0x00, 0x00, 0x38, 0x00, 0x00, 0x00, 0x3A, 0x00, 0x00, 0x00
	.byte 0x3B, 0x00, 0x00, 0x00, 0x3C, 0x00, 0x00, 0x00, 0x3D, 0x00, 0x00, 0x00, 0x3E, 0x00, 0x00, 0x00
	.byte 0x3F, 0x00, 0x00, 0x00, 0x40, 0x00, 0x00, 0x00, 0x42, 0x00, 0x00, 0x00, 0x43, 0x00, 0x00, 0x00
	.byte 0x5B, 0x00, 0x00, 0x00, 0x5D, 0x00, 0x00, 0x00, 0x5E, 0x00, 0x00, 0x00, 0x64, 0x00, 0x00, 0x00
	.byte 0x72, 0x00, 0x00, 0x00, 0x76, 0x00, 0x00, 0x00, 0x77, 0x00, 0x00, 0x00, 0x78, 0x00, 0x00, 0x00
	.byte 0x7C, 0x00, 0x00, 0x00, 0x8F, 0x00, 0x00, 0x00, 0x90, 0x00, 0x00, 0x00, 0xA7, 0x00, 0x00, 0x00
	.byte 0xCD, 0x00, 0x00, 0x00, 0xCE, 0x00, 0x00, 0x00, 0xD0, 0x00, 0x00, 0x00, 0xD3, 0x00, 0x00, 0x00
	.byte 0xD4, 0x00, 0x00, 0x00, 0xE2, 0x00, 0x00, 0x00, 0xED, 0x00, 0x00, 0x00, 0x09, 0x01, 0x00, 0x00
	.byte 0xFF, 0xFF, 0xFF, 0xFF, 0x51, 0x00, 0x00, 0x00, 0x86, 0x00, 0x00, 0x00, 0x1D, 0x00, 0x00, 0x00
	.byte 0x14, 0x00, 0x00, 0x00, 0x00, 0x00, 0x00, 0x00, 0x2B, 0x00, 0x00, 0x00, 0x2F, 0x00, 0x00, 0x00
	.byte 0x89, 0x00, 0x00, 0x00, 0x09, 0x00, 0x00, 0x00, 0x2F, 0x00, 0x00, 0x00, 0x88, 0x00, 0x00, 0x00
	.byte 0x0C, 0x00, 0x00, 0x00, 0x2F, 0x00, 0x00, 0x00, 0x73, 0x00, 0x00, 0x00, 0x0F, 0x00, 0x00, 0x00
	.byte 0x2F, 0x00, 0x00, 0x00, 0xA4, 0x00, 0x00, 0x00, 0x12, 0x00, 0x00, 0x00, 0x2E, 0x00, 0x00, 0x00
	.byte 0x13, 0x00, 0x00, 0x00, 0x01, 0x00, 0x00, 0x00, 0x1B, 0x00, 0x00, 0x00, 0x4C, 0x00, 0x00, 0x00
	.byte 0x12, 0x00, 0x00, 0x00, 0x2E, 0x00, 0x00, 0x00, 0x13, 0x00, 0x00, 0x00, 0x02, 0x00, 0x00, 0x00
	.byte 0x15, 0x00, 0x00, 0x00, 0x4C, 0x00, 0x00, 0x00, 0x0C, 0x00, 0x00, 0x00, 0x2E, 0x00, 0x00, 0x00
	.byte 0x13, 0x00, 0x00, 0x00, 0x03, 0x00, 0x00, 0x00, 0x0F, 0x00, 0x00, 0x00, 0x4C, 0x00, 0x00, 0x00
	.byte 0x06, 0x00, 0x00, 0x00, 0x2E, 0x00, 0x00, 0x00, 0x13, 0x00, 0x00, 0x00, 0x04, 0x00, 0x00, 0x00
	.byte 0x09, 0x00, 0x00, 0x00, 0x4C, 0x00, 0x00, 0x00, 0x00, 0x00, 0x00, 0x00, 0x43, 0x00, 0x00, 0x00
	.byte 0x01, 0x00, 0x00, 0x00, 0x13, 0x00, 0x00, 0x00, 0x00, 0x00, 0x00, 0x00, 0x02, 0x00, 0x00, 0x00
	.byte 0x04, 0x00, 0x00, 0x00, 0x05, 0x00, 0x00, 0x00, 0x4D, 0x00, 0x00, 0x00, 0x51, 0x00, 0x00, 0x00
	.byte 0x54, 0x00, 0x00, 0x00, 0x28, 0x00, 0x00, 0x00, 0x1A, 0x00, 0x00, 0x00, 0x06, 0x00, 0x00, 0x00
	.byte 0x05, 0x00, 0x00, 0x00, 0x00, 0x00, 0x00, 0x00, 0x80, 0x00, 0x00, 0x00, 0x02, 0x00, 0x00, 0x00
	.byte 0x04, 0x00, 0x00, 0x00, 0x02, 0x00, 0x00, 0x00, 0x4D, 0x00, 0x00, 0x00, 0x01, 0x00, 0x00, 0x00
	.byte 0x12, 0x00, 0x00, 0x00, 0x13, 0x00, 0x00, 0x00, 0x17, 0x00, 0x00, 0x00, 0x18, 0x00, 0x00, 0x00
	.byte 0x31, 0x00, 0x00, 0x00, 0x3A, 0x00, 0x00, 0x00, 0x3B, 0x00, 0x00, 0x00, 0x3C, 0x00, 0x00, 0x00
	.byte 0x3E, 0x00, 0x00, 0x00, 0x42, 0x00, 0x00, 0x00, 0x43, 0x00, 0x00, 0x00, 0x54, 0x00, 0x00, 0x00
	.byte 0x5A, 0x00, 0x00, 0x00, 0x64, 0x00, 0x00, 0x00, 0x70, 0x00, 0x00, 0x00, 0x76, 0x00, 0x00, 0x00
	.byte 0x78, 0x00, 0x00, 0x00, 0xA5, 0x00, 0x00, 0x00, 0xA6, 0x00, 0x00, 0x00, 0xA7, 0x00, 0x00, 0x00
	.byte 0xAD, 0x00, 0x00, 0x00, 0xBB, 0x00, 0x00, 0x00, 0xBC, 0x00, 0x00, 0x00, 0xC0, 0x00, 0x00, 0x00
	.byte 0xC5, 0x00, 0x00, 0x00, 0xC7, 0x00, 0x00, 0x00, 0xCD, 0x00, 0x00, 0x00, 0xD5, 0x00, 0x00, 0x00
	.byte 0xE8, 0x00, 0x00, 0x00, 0xEA, 0x00, 0x00, 0x00, 0xF9, 0x00, 0x00, 0x00, 0x02, 0x01, 0x00, 0x00
	.byte 0x09, 0x01, 0x00, 0x00, 0xFF, 0xFF, 0xFF, 0xFF, 0x0B, 0x00, 0x00, 0x00, 0x01, 0x00, 0x00, 0x00
	.byte 0x00, 0xE0, 0x00, 0x00, 0x14, 0x00, 0x00, 0x00, 0x0B, 0x00, 0x00, 0x00, 0x01, 0x00, 0x00, 0x00
	.byte 0x00, 0x00, 0x00, 0x04, 0x10, 0x00, 0x00, 0x00, 0x6C, 0x00, 0x00, 0x00, 0x00, 0x00, 0x00, 0x00
	.byte 0x13, 0x00, 0x00, 0x00, 0x17, 0x00, 0x00, 0x00, 0x0B, 0x00, 0x00, 0x00, 0x6C, 0x00, 0x00, 0x00
	.byte 0x01, 0x00, 0x00, 0x00, 0x13, 0x00, 0x00, 0x00, 0x1A, 0x00, 0x00, 0x00, 0x05, 0x00, 0x00, 0x00
	.byte 0x6C, 0x00, 0x00, 0x00, 0x00, 0x00, 0x00, 0x00, 0x13, 0x00, 0x00, 0x00, 0x47, 0x00, 0x00, 0x00
	.byte 0x01, 0x00, 0x00, 0x00, 0x3D, 0x00, 0x00, 0x00, 0x4D, 0x00, 0x00, 0x00, 0x3E, 0x00, 0x00, 0x00
	.byte 0x01, 0x00, 0x00, 0x00, 0x3F, 0x00, 0x00, 0x00, 0x3D, 0x00, 0x00, 0x00, 0x07, 0x00, 0x00, 0x00
	.byte 0x00, 0x00, 0x00, 0x00, 0x14, 0x00, 0x00, 0x00, 0x05, 0x00, 0x00, 0x00, 0x05, 0x00, 0x00, 0x00
	.byte 0x00, 0x00, 0x00, 0x00, 0x14, 0x00, 0x00, 0x00, 0x01, 0x00, 0x00, 0x00, 0x4D, 0x00, 0x00, 0x00
	.byte 0x3D, 0x00, 0x00, 0x00, 0x4D, 0x00, 0x00, 0x00

	.public sWeightToPower
sWeightToPower: ; 0x0222B068
	.byte 0x64, 0x00
	.byte 0x14, 0x00, 0xFA, 0x00, 0x28, 0x00
	.byte 0xF4, 0x01, 0x3C, 0x00, 0xE8, 0x03, 0x50, 0x00, 0xD0, 0x07, 0x64, 0x00, 0xFF, 0xFF, 0xFF, 0xFF

	.public sAltPowerMoveEffects
sAltPowerMoveEffects: ; 0x0222B080
	.byte 0x87, 0x00, 0xDB, 0x00, 0xDE, 0x00, 0x0C, 0x01, 0x29, 0x00, 0x57, 0x00, 0x58, 0x00, 0x79, 0x00
	.byte 0x7B, 0x00, 0x82, 0x00, 0xC4, 0x00, 0xFF, 0xFF

	.public sNoDamageCalcMoveEffects
sNoDamageCalcMoveEffects: ; 0x0222B098
	.byte 0x07, 0x00, 0x08, 0x00, 0x27, 0x00, 0x4B, 0x00
	.byte 0x50, 0x00, 0x91, 0x00, 0x97, 0x00, 0xA1, 0x00, 0xAA, 0x00, 0xB6, 0x00, 0xBE, 0x00, 0xF8, 0x00
	.byte 0x0D, 0x01, 0xFF, 0xFF

	.public sAICommandTable
sAICommandTable: ; 0x0222B0B4
	.word AICmd_IfRandomLessThan
	.word AICmd_IfRandomGreaterThan
	.word AICmd_IfRandomEqualTo
	.word AICmd_IfRandomNotEqualTo
	.word AICmd_AddToMoveScore
	.word AICmd_IfHPPercentLessThan
	.word AICmd_IfHPPercentGreaterThan
	.word AICmd_IfHPPercentEqualTo
	.word AICmd_IfHPPercentNotEqualTo
	.word AICmd_IfStatus
	.word AICmd_IfNotStatus
	.word AICmd_IfStatus2
	.word AICmd_IfNotStatus2
	.word AICmd_IfMoveEffect
	.word AICmd_IfNotMoveEffect
	.word AICmd_IfSideCondition
	.word AICmd_IfNotSideCondition
	.word AICmd_IfLoadedLessThan
	.word AICmd_IfLoadedGreaterThan
	.word AICmd_IfLoadedEqualTo
	.word AICmd_IfLoadedNotEqualTo
	.word AICmd_IfLoadedMask
	.word AICmd_IfLoadedNotMask
	.word AICmd_IfMoveEqualTo
	.word AICmd_IfMoveNotEqualTo
	.word AICmd_IfLoadedInTable
	.word AICmd_IfLoadedNotInTable
	.word AICmd_IfAttackerHasDamagingMoves
	.word AICmd_IfAttackerHasNoDamagingMoves
	.word AICmd_LoadTurnCount
	.word AICmd_LoadTypeFrom
	.word AICmd_LoadMovePower
	.word AICmd_FlagMoveDamageScore
	.word AICmd_LoadBattlerPreviousMove
	.word AICmd_IfTempEqualTo
	.word AICmd_IfTempNotEqualTo
	.word AICmd_IfSpeedCompareEqualTo
	.word AICmd_IfSpeedCompareNotEqualTo
	.word AICmd_CountAlivePartyBattlers
	.word AICmd_LoadCurrentMove
	.word AICmd_LoadCurrentMoveEffect
	.word AICmd_LoadBattlerAbility
	.word AICmd_CalcMaxEffectiveness
	.word AICmd_IfMoveEffectivenessEquals
	.word AICmd_IfPartyMemberStatus
	.word AICmd_IfPartyMemberNotStatus
	.word AICmd_LoadCurrentWeather
	.word AICmd_IfCurrentMoveEffectEqualTo
	.word AICmd_IfCurrentMoveEffectNotEqualTo
	.word AICmd_IfStatStageLessThan
	.word AICmd_IfStatStageGreaterThan
	.word AICmd_IfStatStageEqualTo
	.word AICmd_IfStatStageNotEqualTo
	.word AICmd_IfCurrentMoveKOs
	.word AICmd_IfCurrentMoveDoesNotKO
	.word AICmd_IfMoveKnown
	.word AICmd_IfMoveNotKnown
	.word AICmd_IfMoveEffectKnown
	.word AICmd_IfMoveEffectNotKnown
	.word AICmd_IfBattlerUnderEffect
	.word AICmd_IfCurrentMoveMatchesEffect
	.word AICmd_Escape
	.word AICmd_Dummy3E
	.word AICmd_Dummy3F
	.word AICmd_LoadHeldItem
	.word AICmd_LoadHeldItemEffect
	.word AICmd_LoadGender
	.word AICmd_LoadIsFirstTurnInBattle
	.word AICmd_LoadStockpileCount
	.word AICmd_LoadBattleType
	.word AICmd_LoadRecycleItem
	.word AICmd_LoadTypeOfLoadedMove
	.word AICmd_LoadPowerOfLoadedMove
	.word AICmd_LoadEffectOfLoadedMove
	.word AICmd_LoadProtectSuccessChain
	.word AICmd_PushAndGoTo
	.word AICmd_GoTo
	.word AICmd_PopOrEnd
	.word AICmd_IfLevel
	.word AICmd_IfTargetIsTaunted
	.word AICmd_IfTargetIsNotTaunted
	.word AICmd_IfTargetIsPartner
	.word AICmd_FlagBattlerIsType
	.word AICmd_CheckBattlerAbility
	.word AICmd_IfActivatedFlashFire
	.word AICmd_IfHeldItemEqualTo
	.word AICmd_IfFieldConditionActive
	.word AICmd_LoadSpikesLayers
	.word AICmd_IfAnyPartyMemberMissingHP
	.word AICmd_IfAnyPartyMemberMissingPP
	.word AICmd_LoadFlingPower
	.word AICmd_LoadCurrentMovePP
	.word AICmd_IfCanUseLastResort
	.word AICmd_LoadCurrentMoveCategory
	.word AICmd_LoadDefenderLastUsedMoveCategory
	.word AICmd_LoadBattlerSpeedOrderPosition
	.word AICmd_LoadBattlerTurnCount
	.word AICmd_IfPartyMemberDealsMoreDamage
	.word AICmd_IfHasSuperEffectiveMove
	.word AICmd_IfBattlerDealsMoreDamage
	.word AICmd_SumPositiveStatStages
	.word AICmd_DiffStatStages
	.word AICmd_IfBattlerHasHigherStat
	.word AICmd_IfBattlerHasLowerStat
	.word AICmd_IfBattlerHasEqualStat
	.word AICmd_CheckIfHighestDamageWithPartner
	.word AICmd_IfBattlerFainted
	.word AICmd_IfBattlerNotFainted
	.word AICmd_LoadAbility
